Workbook
Name Agua: '[1]Listas Desplegables'!#REF!
Name Agua: 'Listas Desplegables'!#REF!
Name Biomasa: 'Listas Desplegables'!$H$9:$H$10
Name Carbón: '[1]Listas Desplegables'!#REF!
Name Carbón: 'Listas Desplegables'!#REF!
Name Crudo_Pesado: '[1]Listas Desplegables'!#REF!
Name Crudo_Pesado: 'Listas Desplegables'!#REF!
Name Cultivo_Energético: '[1]Listas Desplegables'!#REF!
Name Cultivo_Energético: 'Listas Desplegables'!#REF!
Name Eólica: 'Listas Desplegables'!$F$9:$F$9
Name Fuil_Oil: '[1]Listas Desplegables'!#REF!
Name Fuil_Oil: 'Listas Desplegables'!#REF!
Name Gas: '[1]Listas Desplegables'!#REF!
Name Gas: 'Listas Desplegables'!#REF!
Name Geotérmica: 'Listas Desplegables'!$I$9:$I$9
Name Hidráulico: 'Listas Desplegables'!$G$9:$G$9
Name Otro: '[1]Listas Desplegables'!#REF!
Name Otro: 'Listas Desplegables'!#REF!
Name Recurso: '[1]Listas Desplegables'!$B$11:$B$12
Name Recurso: 'Listas Desplegables'!$B$11:$B$12
Name Residuos_Agrícolas_Cultivo: '[1]Listas Desplegables'!#REF!
Name Residuos_Agrícolas_Cultivo: 'Listas Desplegables'!#REF!
Name Residuos_Agrícolas_Industriales: '[1]Listas Desplegables'!#REF!
Name Residuos_Agrícolas_Industriales: 'Listas Desplegables'!#REF!
Name Residuos_Pecuarios: '[1]Listas Desplegables'!#REF!
Name Residuos_Pecuarios: 'Listas Desplegables'!#REF!
Name Residuos_Solidos_Urbanos: '[1]Listas Desplegables'!#REF!
Name Residuos_Solidos_Urbanos: 'Listas Desplegables'!#REF!
Name Sol: '[1]Listas Desplegables'!#REF!
Name Sol: 'Listas Desplegables'!#REF!
Name Solar: 'Listas Desplegables'!$E$9:$E$9
Name Tecnologia: '[1]Listas Desplegables'!#REF!
Name Tecnologia: 'Listas Desplegables'!#REF!
Name Térmica: 'Listas Desplegables'!$J$9:$J$9
Name TGenerador: 'Listas Desplegables'!$B$4:$B$6
Name TGenerador: '[2]Listas Desplegables'!$B$3:$B$7
Name TProyecto: '[1]Listas Desplegables'!$B$8:$B$9
Name TProyecto: 'Listas Desplegables'!$B$8:$B$9
Name Vapor: '[1]Listas Desplegables'!#REF!
Name Vapor: 'Listas Desplegables'!#REF!
Name Viento: '[1]Listas Desplegables'!#REF!
Name Viento: 'Listas Desplegables'!#REF!
Name zona: '[1]Listas Desplegables'!#REF!
Name zona: 'Listas Desplegables'!#REF!

Sheet Manual de Uso
B2: MANUAL DE USO PARA EL REPORTE DE INFORMACIÓN REQUERIDA DE LOS TRANSPORTADORES
B7: INTRODUCCIÓN
B8: El presente formato se establece en cumplimiento de lo establecido en el articulo 7 de la Resolución CREG 075 de 2021, para facilitar el reporte uniforme de la información que los transportadores deben entregar para la realización de los estudios de conexión y disponibilidad de espacio físico. El uso del presente formato es transitorio, y se requerirá hasta que entre en funcionamiento el sistema de información de la ventanilla única de la UPME, a través del cual se reportará y actualizará la información requerida para estudios de conexión.
B14: CONTENIDO
B15: El Formato se encuentra dividido en 9 secciones según el tipo de activo a reportar: 1. Información de líneas de transmisión y distribución 2. Información de transformadores tridevanados 3. Información de transformadores bidevanados 4. Información de subestaciones 5. Información de demandas 6. Información de compensaciones 7. Información de compensaciones dinámicas 8. Información de dispositivos DFACTS 9. Información de disponibilidad de espacio físico
B26: MANUAL DE USO
B27: Dentro de cada sección se solicita que el Transportador compile información característica de cada uno de los tipos de activo. A continuación, se presenta la información y una descripción de lo requerido:
B29: Líneas de transmisión y distribución | C29: Nombre | D29: Nombre de línea de transmisión o distribución.
C30: Subestación 1 | D30: Subestación o punto de la red a la cual se conecta uno de los extremos de la línea
C31: Subestación 2 | D31: Subestación o punto de la red a la cual se conecta el otro extremo de la línea
C32: Nivel de tensión [kV] | D32: Nivel de tensión nominal en kilovoltios al cual opera la línea
C33: Longitud [km] | D33: Longitud en kilometros de la línea
C34: Capacidad transporte nominal [A] | D34: Capacidad de transporte de corriente nominal de la línea de transmisión en estado estable en amperios
C35: Capacidad transporte térmico [A] | D35: Capacidad nominal de transporte de corriente del conductor de menor capacidad utilizado en la línea de transmisión en amperios
C36: Capacidad transporte emergencia [A] | D36: Capacidad de corriente máxima que puede soportar la línea ante condiciones de emergencia en amperios
C37: Causa límite de capacidad | D37: Indicar la razón por la cual se limita la capacidad de transporte de la línea. Ej: Topología, capacidad conductor, configuración CTs,etc.
C38: R1 [Ohm/km] | D38: Resistencia de secuencia positiva por unidad de longitud en ohmios por kilometro
C39: X1 [Ohm/km] | D39: Reactancia de secuencia positiva por unidad de longitud en ohmios por kilometro
C40: B1 [uS/km] | D40: Susceptancia de secuancia positiva por unidad de longitud en microsiemens por kilometro
C41: R0 [Ohm/km] | D41: Resistencia de secuencia cero por unidad de longitud en ohmios por kilometro
... C52: Observaciones transportador | D52: Sección de libre diligenciamiento, donde el transportador debe indicar explicítamente cualquier condición operativa o de planeación que no este incluida en las demás variables. Ejemplo: La línea opera normalmente abierta al lado de la subestación A o se tiene planeado una repotenciación de la línea hasta una capacidad de X Amperios, la cual entrará en operación desde dd/mm/aaaa.
B53: Transformadores tridevanados | C53: Nombre | D53: Nombre del transformador tridevanado. Se sugiere sea nombre de la subestación seguido de los niveles de tensión del transformador
C54: Subestación | D54: Subestación en la cual se encuentra ubicado el transformador
C55: Nivel de tensión HV [kV] | D55: Nivel de tensión nominal de diseño de los bornes de alta tensión del transformador en kilovoltios
C56: Nivel de tensión MV [kV] | D56: Nivel de tensión nominal de diseño de los bornes de media tensión del transformador en kilovoltios
C57: Nivel de tensión LV [kV] | D57: Nivel de tensión nominal de diseño de los bornes de baja tensión del transformador en kilovoltios
C58: Capacidad HV [MVA] | D58: Capacidad nominal en el devanado de alta tensión del transformador en MVA
C59: Capacidad MV [MVA] | D59: Capacidad nominal en el devanado de media tensión del transformador en MVA
C60: Capacidad LV [MVA] | D60: Capacidad nominal en el devanado de baja tensión del transformador en MVA
C61: Grupo de conexión | D61: Convención utilizada para describir las configuraciones de los distintos devanados del transformador y el desfase en los angulos de fase según norma IEC 60076-1 2011. Ejemplo: YNyn0d5
C62: Impedancia HV-MV Secuencia +[%] | D62: Impedancia de corto circuito entre los devanados de alta y media tensión en secuencia positiva como porcentaje de la impedancia de referencia
C63: Impedancia HV-LV Secuencia +[%] | D63: Impedancia de corto circuito entre los devanados de alta y baja tensión en secuencia positiva como porcentaje de la impedancia de referencia
C64: Impedancia MV-LV Secuencia +[%] | D64: Impedancia de corto circuito entre los devanados de media y baja tensión en secuencia positiva como porcentaje de la impedancia de referencia
C65: Impedancia HV-MV Secuencia 0[%] | D65: Impedancia de corto circuito entre los devanados de alta y media tensión en secuencia cero como porcentaje de la impedancia de referencia
... C82: Observaciones transportador | D82: Sección de libre diligenciamiento, donde el transportador debe indicar explicítamente cualquier condición operativa o de planeación que no este incluida en las demás variables.
B83: Tranformadores bidevanados | C83: Nombre | D83: Nombre del transformador tridevanado. Se sugiere sea nombre de la subestación seguido de los niveles de tensión del transformador
C84: Subestación | D84: Subestación en la cual se encuentra ubicado el transformador
C85: Nivel de tensión HV [kV] | D85: Nivel de tensión nominal de diseño de los bornes de alta tensión del transformador en kilovoltios
C86: Nivel de tensión LV [kV] | D86: Nivel de tensión nominal de diseño de los bornes de baja tensión del transformador en kilovoltios
C87: Capacidad [MVA] | D87: Capacidad nominal del transformador en MVA
C88: Grupo de conexión | D88: Convención utilizada para describir las configuraciones de los distintos devanados del transformador y el desfase en los angulos de fase según norma IEC 60076-1 2011. Ejemplo: Dyn11
C89: Impedancia Secuencia +[%] | D89: Impedancia de corto circuito en secuencia positiva como porcentaje de la impedancia de referencia
C90: Impedancia Secuencia 0[%] | D90: Impedancia de corto circuito en secuencia cero como porcentaje de la impedancia de referencia
C91: Posición Neutral Tap | D91: Valor del cambiador de tomas como número entero que permite alcanzar los valores nominales de tensión en el transformador
C92: Posición Máxima Tap | D92: Máximo valor posible del cambiador de tomas como número entero
C93: Posición Mínima Tap | D93: Mínimo valor posible del cambiador de tomas como número entero
C94: Delta Tap [%] | D94: La diferencia entre dos pasos adyacentes del cambiador de tomas expresada como un porcentaje.
C95: Sobrecarga en emergencia | D95: Valor de sobrecarga aceptable en el transformador ante condiciones de emergencia expresado como porcentaje respecto a la capacidad del transformador y en la cantidad de tiempo en minutos en que el transformador puede soportar dicha condición
... C103: Observaciones transportador | D103: Sección de libre diligenciamiento, donde el transportador debe indicar explicítamente cualquier condición operativa o de planeación que no este incluida en las demás variables.
B104: Subestaciones NOTA. En caso de que una subestación tenga en su predio patios de distintos niveles de tensión, se debe realizar un reporte por cada nivel de tensión. | C104: Nombre | D104: Nombre de la subestación
C105: Agente Administrador | D105: Razón social del transportador con el mayor porcentaje de propiedad de los activos de la subestación
C106: Nivel de tensión [kV] | D106: Nivel de tensión nominal de la(s) barra(s) de la subestación en kilovoltios
C107: Capacidad de interrupción [kA] | D107: Capacidad de interrupción en kiloamperios de los interruptores de potencia en la subestación. En caso de haber múltiples interruptores se debe incluir únicamente l capacidad de interrupción de menor magnitud y dejar constancia de esto en el campo de observaciones del transportador.
C108: Configuración | D108: Configuración de barras de la subestación. Se debe escoger en la lista desplegable entre: barra sencilla, barra principal y transferencia, barra sencilla seccionada, barra seccionada con barra de transferencia, doble barra, doble barra con transferencia, doble barra con doble interruptor, interruptor y medio o anillo.
C109: Tipo | D109: Se debe escoger de la lista despelegable entre: Convencional, Encapsulada y Mixta.
C110: En Operación | D110: Se debe escoger en la lista desplegable entre: Sí, cuando el activo se encuentre en operación al momento de realizar la entrega de la información, o No, si el activo tiene una fecha de puesta en operación futura
C111: FPO | D111: Si el activo no se encuentra en operación, se debe especificar la Fecha de Puesta en Operación planteada en formato dd/mm/aaaa.
C112: Departamento | D112: Nombre del departamento en que se ubica o ubicará la subestación
C113: Municipio | D113: Nombre del municipio en que se ubica o ubicará la subestación
C114: Observaciones transportador | D114: Sección de libre diligenciamiento, donde el transportador debe indicar explicítamente cualquier condición operativa o de planeación que no este incluida en las demás variables.
B115: Demandas | C115: Nombre | D115: Nombre de la demanda
C116: Subestación | D116: Subestación en la que se encuentra conectada la demanda. Para demandas conectadas a niveles de tensión inferiores a 11.4 kV se debe referir a nivel de tensión superior.
C117: Nivel de tensión [kV] | D117: Nivel de tensión en kilovoltios al que se conecta o refiere la demanda.
C118: Tipo | D118: Se debe escoger en la lista desplegable entre: Industrial, Comercial, Residencial y Oficial. En caso de que la demanda incluya varios tipos se debe seleccionar el tipo de mayor magnitud.
C119: Atendida Subestación Nivel IV | D119: Subestación de nivel de tensión IV o superior que atiende a la demanda.
C120: En Operación | D120: Se debe escoger en la lista desplegable entre: Sí, cuando el activo se encuentre en operación al momento de realizar la entrega de la información, o No, si el activo tiene una fecha de puesta en operación futura
C121: FPO | D121: Si el activo no se encuentra en operación, se debe especificar la Fecha de Puesta en Operación planteada en formato dd/mm/aaaa.
C122: Demanda Mínima | D122: Valor mínimo de demanda de potencia activa en MW y reactiva en MVAr esperado para la demanda en el año 2021, hora 03:00.
C123: Demanda Media | D123: Valor medio de demanda de potencia activa en MW y reactiva en MVAr esperado para la demanda en el año 2021, hora 12:00.
C124: Demanda Máxima | D124: Valor máximo de demanda de potencia activa en MW y reactiva en MVAr esperado para la demanda en el año 2021, hora 19:00.
C125: Observaciones transportador | D125: Sección de libre diligenciamiento, donde el transportador debe indicar explicítamente cualquier condición operativa o de planeación que no este incluida en las demás variables.
B126: Compensación estática | C126: Nombre | D126: Nombre de la compensación. Se sugiere usar el nombre de la subestación a la que se conecta.
C127: Subestación | D127: Nombre de la subestación a la que se conecta la compensación.
C128: Nivel de tensión [kV] | D128: Nivel de tensión de la subestación en kilovoltios
C129: Capacidad [MVAr] | D129: Capacidad de la compensación en MVAr
C130: Tipo activo | D130: Se debe escoger en la lista desplegable entre: Capcitor o reactor
C131: Número de pasos | D131: Número de pasos posibles para alcanzar la capacidad de la compensación
C132: Tipo conexión | D132: Se debe escoger en la lista desplegable entre: Serie y Paralelo
C133: Operabilidad | D133: Se debe escoger en la lista desplegable entre: Fijo y Maniobrable
C134: En Operación | D134: Se debe escoger en la lista desplegable entre: Sí, cuando el activo se encuentre en operación al momento de realizar la entrega de la información, o No, si el activo tiene una fecha de puesta en operación futura
C135: FPO | D135: Si el activo no se encuentra en operación, se debe especificar la Fecha de Puesta en Operación planteada en formato dd/mm/aaaa.
C136: Observaciones transportador | D136: Sección de libre diligenciamiento, donde el transportador debe indicar explicítamente cualquier condición operativa o de planeación que no este incluida en las demás variables.
B137: Compensación dinámica | C137: Nombre | D137: Nombre de la compensación dinámica. Se sugiere usar el nombre de la subestación a la que se conecta.
C138: Subestación | D138: Nombre de la subestación a la que se conecta la compensación dinámica.
C139: Nivel de tensión [kV] | D139: Nivel de tensión de la subestación en kilovoltios
C140: Tecnología | D140: Se debe escoger en la lista desplegable entre: STATCOM (Synchronous Static Compensator), SVC (Static Var compensation) o SC (Synchronous condensers)
C141: En Operación | D141: Se debe escoger en la lista desplegable entre: Sí, cuando el activo se encuentre en operación al momento de realizar la entrega de la información, o No, si el activo tiene una fecha de puesta en operación futura
C142: FPO | D142: Si el activo no se encuentra en operación, se debe especificar la Fecha de Puesta en Operación planteada en formato dd/mm/aaaa.
C143: Qmin [MVAr] | D143: Capacidad máxima de absorción de potencia reactiva en MVAr
C144: Qmax [MVAr] | D144: Capacidad máxima de aporte de potencia reactiva en MVAr
C145: Observaciones transportador | D145: Sección de libre diligenciamiento, donde el transportador debe indicar explicítamente cualquier condición operativa o de planeación que no este incluida en las demás variables.
B146: DFACTS NOTA. En el campo de observaciones del transportador se debe señalar si se consideran múltiples dispositivos FACTS en serie. | C146: Nombre | D146: Nombre del dispositivo FACTS. Se sugiere que contenga el nombre de la línea a intervenir
C147: Línea Intervenida | D147: Nombre de la línea de transmisión o distribución que se interviene para la conexión del dispositivo FACTS
C148: Nivel de tensión [kV] | D148: Nivel de tensión de la línea intervenida en kilovoltios
C149: En Operación | D149: Se debe escoger en la lista desplegable entre: Sí, cuando el activo se encuentre en operación al momento de realizar la entrega de la información, o No, si el activo tiene una fecha de puesta en operación futura
C150: FPO | D150: Si el activo no se encuentra en operación, se debe especificar la Fecha de Puesta en Operación planteada en formato dd/mm/aaaa.
C151: Conectado al lado de | D151: Lado de la línea de transmisión en la que se conectan los dispositivos FACTS
C152: Tensión máxima aporte [V] | D152: Tensión máxima que puede inyectar cada dispositivo FACTS en voltios
C153: Corriente máxima aporte [A] | D153: Corriente máxima que puede inyectar cada dispositivo FACTS en amperios
C154: Modelo (si disponible) | D154: Referencia o modelo del dispositivo instalado o adquirido.
...

Sheet 1. Líneas
C3: Información General de Líneas
C4: No. | D4: ='Manual de Uso'!C29 -> Nombre | E4: ='Manual de Uso'!C30 -> Subestación 1 | F4: ='Manual de Uso'!C31 -> Subestación 2 | G4: ='Manual de Uso'!C32 -> Nivel de tensión [kV] | H4: ='Manual de Uso'!C33 -> Longitud [km] | I4: ='Manual de Uso'!C34 -> Capacidad transporte nominal [A] | J4: ='Manual de Uso'!C35 -> Capacidad transporte térmico [A] | K4: ='Manual de Uso'!C36 -> Capacidad transporte emergencia [A] | L4: ='Manual de Uso'!C37 -> Causa límite de capacidad | M4: ='Manual de Uso'!C38 -> R1 [Ohm/km] | N4: ='Manual de Uso'!C39 -> X1 [Ohm/km] | O4: ='Manual de Uso'!C40 -> B1 [uS/km] | P4: ='Manual de Uso'!C41 -> R0 [Ohm/km] | Q4: ='Manual de Uso'!C42 -> X0 [Ohm/km] | R4: ='Manual de Uso'!C43 -> B0 [uS/km] | S4: ='Manual de Uso'!C44 -> Sistema | T4: ='Manual de Uso'!C45 -> Tipo | U4: ='Manual de Uso'!C46 -> En Operación | V4: ='Manual de Uso'!C47 -> FPO | W4: ='Manual de Uso'!C48 -> Conductor | X4: ='Manual de Uso'!C49 -> Tiempo medio de reparación por evento [h] | Y4: ='Manual de Uso'!C50 -> Horas anuales de indisponibilidad [h] | Z4: ='Manual de Uso'!C51 -> Eventos anuales de indisponibilidad | AA4: ='Manual de Uso'!C52 -> Observaciones transportador
A6: =VLOOKUP(E6,'[2]Listas Desplegables'!$H$3:$J$7,2,FALSE) -> #N/A | B6: =VLOOKUP(E6,'[2]Listas Desplegables'!$H$3:$J$7,3,FALSE) -> #N/A | C6: 1 | D6: BUIA45 | E6: AGUACHICA | F6: BUTURAMA | G6: 115 | H6: 1.5 | I6: 260 | J6: 670 | K6: 260 | L6: Ajuste por carga | M6: 0.1341201 | N6: 0.4843308 | O6: 3.4194 | P6: 0.4254369 | Q6: 1.5449 | R6: 1.8857 | S6: STR | T6: Áerea | U6: Sí | W6: 477 - Aluminio | X6: 10.540444 | Y6: 31.621333 | Z6: 3 | AA6: AGUACHICA - BUTURAMA 1 115 Kv
A7: =VLOOKUP(E7,'[2]Listas Desplegables'!$H$3:$J$7,2,FALSE) -> #N/A | B7: =VLOOKUP(E7,'[2]Listas Desplegables'!$H$3:$J$7,3,FALSE) -> #N/A | C7: 2 | D7: BUIA25 | E7: AYACUCHO | F7: BUTURAMA | G7: 115 | H7: 43.7 | I7: 661 | J7: 661 | K7: 690 | L7: Ajuste por carga | M7: 0.1205253 | N7: 0.4928924 | O7: 3.3342 | P7: 0.2885014 | Q7: 1.6211 | R7: 1.69 | S7: STR | T7: Áerea | U7: Sí | W7: 477 - Aluminio | X7: 3.5440833 | Y7: 14.176333 | Z7: 4 | AA7: AYACUCHO - BUTURAMA 1 115 kV
A8: =VLOOKUP(E8,'[2]Listas Desplegables'!$H$3:$J$7,2,FALSE) -> #N/A | B8: =VLOOKUP(E8,'[2]Listas Desplegables'!$H$3:$J$7,3,FALSE) -> #N/A | C8: 3 | D8: CONS75 | E8: AYACUCHO | F8: CONVENCION | G8: 115 | H8: 37.89 | I8: 530 | J8: 530 | K8: 610 | L8: Ajuste por carga | M8: 0.1851 | N8: 0.4869 | O8: 3.3676 | P8: 0.4764 | Q8: 1.5475 | R8: 1.8698 | S8: STR | T8: Áerea | U8: Sí | W8: 336.4 - Aluminio | X8: 8.3269444 | Y8: 83.269444 | Z8: 10 | AA8: AYACUCHO - CONVENCION 1 115 kV
A9: =VLOOKUP(E9,'[2]Listas Desplegables'!$H$3:$J$7,2,FALSE) -> #N/A | B9: =VLOOKUP(E9,'[2]Listas Desplegables'!$H$3:$J$7,3,FALSE) -> #N/A | C9: 4 | D9: SEVS10 | E9: SEVILLA | F9: BELEN | G9: 115 | H9: 4.155 | I9: 300 | J9: 490 | K9: 300 | L9: Transformador de corriente | M9: 0.1859 | N9: 0.4852 | O9: 3.4061 | P9: 0.4626 | Q9: 1.3712 | R9: 2.0368 | S9: STR | T9: Áerea | U9: Sí | W9: 300 - Aluminio | X9: 14.491019 | Y9: 43.473056 | Z9: 3
A10: =VLOOKUP(E10,'[2]Listas Desplegables'!$H$3:$J$7,2,FALSE) -> #N/A | B10: =VLOOKUP(E10,'[2]Listas Desplegables'!$H$3:$J$7,3,FALSE) -> #N/A | C10: 5 | D10: SEVS20 | E10: SEVILLA | F10: BELEN | G10: 115 | H10: 4.155 | I10: 200 | J10: 530 | K10: 200 | L10: Transformador de corriente | M10: 0.1648 | N10: 0.4773 | O10: 3.4545 | P10: 0.4416 | Q10: 1.3633 | R10: 2.0524 | S10: STR | T10: Áerea | U10: Sí | W10: 300 - Aluminio | X10: 15.956736 | Y10: 63.826944 | Z10: 4
A11: =VLOOKUP(E11,'[2]Listas Desplegables'!$H$3:$J$7,2,FALSE) -> #N/A | B11: =VLOOKUP(E11,'[2]Listas Desplegables'!$H$3:$J$7,3,FALSE) -> #N/A | C11: 6 | D11: OCAIA15 | E11: OCANA | F11: BUTURAMA | G11: 115 | H11: 41.5 | I11: 670 | J11: 670 | K11: 690 | L11: Ajuste por carga | M11: 0.1341 | N11: 0.4843308 | O11: 3.4194 | P11: 0.4254369 | Q11: 1.5449 | R11: 1.8857 | S11: STR | T11: Áerea | U11: Sí | W11: 477 - Aluminio | X11: 2.2682778 | Y11: 11.341389 | Z11: 5
A12: =VLOOKUP(E12,'[2]Listas Desplegables'!$H$3:$J$7,2,FALSE) -> #N/A | B12: =VLOOKUP(E12,'[2]Listas Desplegables'!$H$3:$J$7,3,FALSE) -> #N/A | C12: 7 | D12: BELEN 230 - SAN MATEO 230 | E12: BELÉN | F12: SAN MATEO | G12: 230 | H12: 1 | I12: 800 | J12: 860 | K12: 860 | L12: Transformador de corriente | M12: 0.0667 | N12: 0.5181 | O12: 3.337 | P12: 0.289 | Q12: 0.924 | R12: 2.696 | S12: STN | T12: Áerea | U12: Sí | W12: 795 - Aluminio | X12: 0 | Y12: 0 | Z12: 0
C13: 8 | D13: BELEN 230 - TERMOTASAJERO 230 | E13: BELÉN | F13: TERMOTASAJERO | G13: 230 | H13: 1 | I13: 814 | M13: 0.0729 | N13: 0.5368 | O13: 3.2052 | P13: 0.4278 | Q13: 1.358 | R13: 2.1902 | S13: STN | T13: Áerea | U13: Sí | AA13: LINEA OPERADA POR ISA
A14: =VLOOKUP(E14,'[2]Listas Desplegables'!$H$3:$J$7,2,FALSE) -> #N/A | B14: =VLOOKUP(E14,'[2]Listas Desplegables'!$H$3:$J$7,3,FALSE) -> #N/A | C14: 9 | D14: OCAIC25 | E14: OCANA | F14: CONVENCION | G14: 115 | H14: 33.67 | I14: 660 | J14: 661 | K14: 660 | L14: Transformador de corriente | M14: 0.1209 | N14: 0.4927 | O14: 3.3617 | P14: 0.4094 | Q14: 1.3655 | R14: 1.9414 | S14: STR | T14: Áerea | U14: Sí | W14: 477 - Aluminio | X14: 4.56625 | Y14: 45.6625 | Z14: 10
A15: =VLOOKUP(E15,'[2]Listas Desplegables'!$H$3:$J$7,2,FALSE) -> #N/A | B15: =VLOOKUP(E15,'[2]Listas Desplegables'!$H$3:$J$7,3,FALSE) -> #N/A | C15: 10 | D15: CONS95 | E15: CONVENCION | F15: PLANTA TIBU | G15: 115 | H15: 79.22 | I15: 300 | J15: 300 | K15: 300 | L15: Linea | M15: 0.4291201 | N15: 0.5960744 | O15: 3.176718 | P15: 0.7204369 | Q15: 1.65666 | R15: 1.80959 | S15: STR | T15: Áerea | U15: Sí | W15: 300 - Aluminio | X15: 9.6074635 | Y15: 951.13889 | Z15: 99
A16: =VLOOKUP(E16,'[2]Listas Desplegables'!$H$3:$J$7,2,FALSE) -> #N/A | B16: =VLOOKUP(E16,'[2]Listas Desplegables'!$H$3:$J$7,3,FALSE) -> #N/A | C16: 11 | D16: INSIL60 | E16: INSULA | F16: BELEN | G16: 115 | H16: 21.38 | I16: 661 | J16: 859 | K16: 793.6 | L16: Transformador de corriente | M16: 0.121 | N16: 0.3784 | O16: 0.4874 | P16: 1.2775 | Q16: 3.4074 | R16: 1.9498 | S16: STR | T16: Áerea | U16: Sí | W16: 477 - Aluminio | X16: 24.722454 | Y16: 148.33472 | Z16: 6 | AA16: Esta línea sera seccionada con la entrada en operación de la subestación Tonchala en el km 18.38 sentido Insula - Belén
A17: =VLOOKUP(E17,'[2]Listas Desplegables'!$H$3:$J$7,2,FALSE) -> #N/A | B17: =VLOOKUP(E17,'[2]Listas Desplegables'!$H$3:$J$7,3,FALSE) -> #N/A | C17: 12 | D17: PLZS10 | E17: PLANTA ZULIA | F17: INSULA | G17: 115 | H17: 31.24 | I17: 350 | J17: 490 | K17: 350 | L17: Transformador de corriente | M17: 0.2091604 | N17: 0.495041 | O17: 3.321633 | P17: 0.5004 | Q17: 1.5556 | R17: 1.85562 | S17: STR | T17: Áerea | U17: Sí | W17: 300 - Aluminio | X17: 4.4133025 | Y17: 39.719722 | Z17: 9
A18: =VLOOKUP(E18,'[2]Listas Desplegables'!$H$3:$J$7,2,FALSE) -> #N/A | B18: =VLOOKUP(E18,'[2]Listas Desplegables'!$H$3:$J$7,3,FALSE) -> #N/A | C18: 13 | D18: SANIL15 | E18: INSULA | F18: SAN MATEO | G18: 115 | H18: 13.601 | I18: 910 | J18: 910 | K18: 970 | L18: Transformador de corriente | M18: 0.0801201 | N18: 0.4582712 | O18: 3.601048 | P18: 0.3714369 | Q18: 1.51886 | R18: 1.9395 | S18: STR | T18: Áerea | U18: Sí | W18: 795 - Aluminio | X18: 1.1416667 | Y18: 2.2833333 | Z18: 2 | AA18: LA INSULA (CUCUTA) - SAN MATEO (CUCUTA) 1 115 Kv
C19: 14 | D19: SAN MATEO 230 - OCAÑA 230 | E19: San Mateo | F19: Ocaña | G19: 230 | H19: 1 | I19: 875 | M19: 0.0647 | N19: 0.5131 | O19: 3.3254 | P19: 0.292 | Q19: 1.0764 | R19: 2.1992 | S19: STN | T19: Áerea | U19: Sí | AA19: LINEA OPERADA POR ISA
A20: =VLOOKUP(E20,'[2]Listas Desplegables'!$H$3:$J$7,2,FALSE) -> #N/A | B20: =VLOOKUP(E20,'[2]Listas Desplegables'!$H$3:$J$7,3,FALSE) -> #N/A | C20: 15 | D20: PLZS20 | E20: PLANTA ZULIA | F20: PLANTA TIBU | G20: 115 | H20: 68.34 | I20: 300 | J20: 490 | K20: 300 | L20: Transformador de corriente | M20: 0.2091 | N20: 0.4951 | O20: 3.3216 | P20: 0.5004 | Q20: 1.5556 | R20: 1.8556 | S20: STR | T20: Áerea | U20: Sí | W20: 300 - Aluminio | X20: 14.219943 | Y20: 483.47806 | Z20: 34
C21: 16 | D21: TERMOTASAJERO 230 - SAN MATEO 230 | E21: Termotasajero | F21: San Mateo | G21: 230 | H21: 1 | I21: 860 | M21: 0.0666 | N21: 0.4946 | O21: 3.342 | P21: 0.289 | Q21: 0.924 | R21: 2.696 | S21: STN | T21: Áerea | U21: Sí | AA21: LINEA OPERADA POR ISA
C22: 17 | D22: TOLEDO 230 - SAMORE 230 | E22: Toledo | F22: Samore | G22: 220 | H22: 1 | I22: 868 | M22: 0.0682 | N22: 0.5266 | O22: 3.2315 | P22: 0.3002 | Q22: 1.0499 | R22: 2.1945 | S22: STN | T22: Áerea | U22: Sí | AA22: LINEA OPERADA POR ISA
A23: =VLOOKUP(E23,'[2]Listas Desplegables'!$H$3:$J$7,2,FALSE) -> #N/A | B23: =VLOOKUP(E23,'[2]Listas Desplegables'!$H$3:$J$7,3,FALSE) -> #N/A | C23: 18 | D23: SANOL45 | E23: SAN MATEO | F23: EL SAMAN | G23: 34.5 | H23: 4.6271 | I23: 454 | M23: 0.2123465 | N23: 0.3569778 | O23: 4.752502 | P23: 0.3855992 | Q23: 1.97044 | R23: 1.443583 | S23: SDL | T23: Áerea | U23: Sí | W23: 266.8 - Aluminio | X23: 3.3468519 | Y23: 10.040556 | Z23: 3
A24: =VLOOKUP(E24,'[2]Listas Desplegables'!$H$3:$J$7,2,FALSE) -> #N/A | B24: =VLOOKUP(E24,'[2]Listas Desplegables'!$H$3:$J$7,3,FALSE) -> #N/A | C24: 19 | D24: SANOL35 | E24: SAN MATEO | F24: ESCOBAL | G24: 34.5 | H24: 10.1513 | I24: 357 | M24: 0.2647822 | N24: 0.3778648 | O24: 4.638185 | P24: 0.4380348 | Q24: 1.991327 | R24: 1.432903 | S24: SDL | T24: Áerea | U24: Sí | W24: 4/0 - Aluminio | X24: 9.6713194 | Y24: 77.370556 | Z24: 8
A25: =VLOOKUP(E25,'[2]Listas Desplegables'!$H$3:$J$7,2,FALSE) -> #N/A | B25: =VLOOKUP(E25,'[2]Listas Desplegables'!$H$3:$J$7,3,FALSE) -> #N/A | C25: 20 | D25: INSC77 | E25: ÍNSULA | F25: ATALAYA | G25: 34.5 | H25: 7.56 | I25: 357 | M25: 0.2647822 | N25: 0.3778648 | O25: 4.638185 | P25: 0.4380348 | Q25: 1.991327 | R25: 1.432903 | S25: SDL | T25: Áerea | U25: Sí | W25: 4/0 - Aluminio | X25: 4.0009127 | Y25: 28.006389 | Z25: 7
A26: =VLOOKUP(E26,'[2]Listas Desplegables'!$H$3:$J$7,2,FALSE) -> #N/A | B26: =VLOOKUP(E26,'[2]Listas Desplegables'!$H$3:$J$7,3,FALSE) -> #N/A | C26: 21 | D26: BEL35_1_PATIOS | E26: BELÉN | F26: LOS PATIOS | G26: 34.5 | H26: 7.9783 | I26: 357 | M26: 0.2647822 | N26: 0.3778648 | O26: 4.638185 | P26: 0.4380348 | Q26: 1.991327 | R26: 1.432903 | S26: SDL | T26: Áerea | U26: Sí | W26: 4/0 - Aluminio | X26: 2.8313105 | Y26: 110.42111 | Z26: 39 | AA26: Linea con salida desde la subestación Belén hasta la subestación Patios 34.5 kV
A27: =VLOOKUP(E27,'[2]Listas Desplegables'!$H$3:$J$7,2,FALSE) -> #N/A | B27: =VLOOKUP(E27,'[2]Listas Desplegables'!$H$3:$J$7,3,FALSE) -> #N/A | C27: 22 | D27: BEL35_2_PALERMO | E27: BELÉN | F27: PALERMO | G27: 34.5 | H27: 31.1713 | I27: 357 | M27: 0.2647822 | N27: 0.3778648 | O27: 4.638185 | P27: 0.4380348 | Q27: 1.991327 | R27: 1.432903 | S27: SDL | T27: Áerea | U27: Sí | W27: 4/0 - Aluminio | X27: 7.1732738 | Y27: 200.85167 | Z27: 28 | AA27: Linea con salida desde la subestación Patios 34.5 kV hasta la Subestación Palermo
A28: =VLOOKUP(E28,'[2]Listas Desplegables'!$H$3:$J$7,2,FALSE) -> #N/A | B28: =VLOOKUP(E28,'[2]Listas Desplegables'!$H$3:$J$7,3,FALSE) -> #N/A | C28: 23 | D28: TOLPALERMO_1_PAMPLONA | E28: TOLEDO | F28: PAMPLONA | G28: 34.5 | H28: 31.5998 | I28: 357 | M28: 0.2647822 | N28: 0.3778648 | O28: 4.638185 | P28: 0.4380348 | Q28: 1.991327 | R28: 1.432903 | S28: SDL | T28: Áerea | U28: Sí | W28: 4/0 - Aluminio | X28: 0.38722222 | Y28: 0.77444444 | Z28: 2
A29: =VLOOKUP(E29,'[2]Listas Desplegables'!$H$3:$J$7,2,FALSE) -> #N/A | B29: =VLOOKUP(E29,'[2]Listas Desplegables'!$H$3:$J$7,3,FALSE) -> #N/A | C29: 24 | D29: TOLPALERMO_2_PALERMO | E29: TOLEDO | F29: PALERMO | G29: 34.5 | H29: 28.3024 | I29: 357 | M29: 0.2647822 | N29: 0.3778648 | O29: 4.638185 | P29: 0.4380348 | Q29: 1.991327 | R29: 1.432903 | S29: SDL | T29: Áerea | U29: Sí | W29: 4/0 - Aluminio | X29: 1.621963 | Y29: 97.317778 | Z29: 60
A30: =VLOOKUP(E30,'[2]Listas Desplegables'!$H$3:$J$7,2,FALSE) -> #N/A | B30: =VLOOKUP(E30,'[2]Listas Desplegables'!$H$3:$J$7,3,FALSE) -> #N/A | C30: 25 | D30: BUTC2 | E30: BUTURAMA | F30: MONTESITOS | G30: 34.5 | H30: 30.2476 | I30: 276 | M30: 0.4199826 | N30: 0.3954189 | O30: 4.412274 | P30: 0.5932353 | Q30: 2.008881 | R30: 1.410682 | S30: SDL | T30: Áerea | U30: Sí | W30: 2/0 - Aluminio | X30: 1.3298977 | Y30: 50.536111 | Z30: 38
A31: =VLOOKUP(E31,'[2]Listas Desplegables'!$H$3:$J$7,2,FALSE) -> #N/A | B31: =VLOOKUP(E31,'[2]Listas Desplegables'!$H$3:$J$7,3,FALSE) -> #N/A | C31: 26 | D31: BUTC1 | E31: BUTURAMA | F31: GAMARRA | G31: 34.5 | H31: 15.0876 | I31: 528 | M31: 0.1681272 | N31: 0.3430972 | O31: 4.899959 | P31: 0.3413799 | Q31: 1.956559 | R31: 1.456839 | S31: SDL | T31: Áerea | U31: Sí | W31: 336.4 - Aluminio | X31: 1.6370494 | Y31: 73.667222 | Z31: 45
A32: =VLOOKUP(E32,'[2]Listas Desplegables'!$H$3:$J$7,2,FALSE) -> #N/A | B32: =VLOOKUP(E32,'[2]Listas Desplegables'!$H$3:$J$7,3,FALSE) -> #N/A | C32: 27 | D32: AYAA31_1_LA_MATA | E32: AYACUCHO | F32: LA MATA | G32: 34.5 | H32: 4.5961 | I32: 454 | M32: 0.2123465 | N32: 0.3569778 | O32: 4.752502 | P32: 0.3855992 | Q32: 1.97044 | R32: 1.443583 | S32: SDL | T32: Áerea | U32: Sí | W32: 266.8 - Aluminio | X32: 0.80483333 | Y32: 12.0725 | Z32: 15
A33: =VLOOKUP(E33,'[2]Listas Desplegables'!$H$3:$J$7,2,FALSE) -> #N/A | B33: =VLOOKUP(E33,'[2]Listas Desplegables'!$H$3:$J$7,3,FALSE) -> #N/A | C33: 28 | D33: AYAA31_2_PELAYA | E33: AYACUCHO | F33: PELAYA | G33: 34.5 | H33: 9.6779 | I33: 454 | M33: 0.2123465 | N33: 0.3569778 | O33: 4.752502 | P33: 0.3855992 | Q33: 1.97044 | R33: 1.443583 | S33: SDL | T33: Áerea | U33: Sí | W33: 266.8 - Aluminio | X33: 1.8237719 | Y33: 34.651667 | Z33: 19
A34: =VLOOKUP(E34,'[2]Listas Desplegables'!$H$3:$J$7,2,FALSE) -> #N/A | B34: =VLOOKUP(E34,'[2]Listas Desplegables'!$H$3:$J$7,3,FALSE) -> #N/A | C34: 29 | D34: CONS65_1_SAN PABLO | E34: CONVENCIÓN | F34: SAN PABLO | G34: 34.5 | H34: 12.9854 | I34: 357 | M34: 0.2647822 | N34: 0.3778648 | O34: 4.638185 | P34: 0.4380348 | Q34: 1.991327 | R34: 1.432903 | S34: SDL | T34: Áerea | U34: Sí | W34: 4/0 - Aluminio | X34: 3.6026736 | Y34: 57.642778 | Z34: 16
A35: =VLOOKUP(E35,'[2]Listas Desplegables'!$H$3:$J$7,2,FALSE) -> #N/A | B35: =VLOOKUP(E35,'[2]Listas Desplegables'!$H$3:$J$7,3,FALSE) -> #N/A | C35: 30 | D35: CONS65_2_EL TARRA | E35: CONVENCIÓN | F35: EL TARRA | G35: 34.5 | H35: 20.8141 | I35: 357 | M35: 0.2647822 | N35: 0.3778648 | O35: 4.638185 | P35: 0.4380348 | Q35: 1.991327 | R35: 1.432903 | S35: SDL | T35: Áerea | U35: Sí | W35: 4/0 - Aluminio | X35: 1.5070694 | Y35: 30.141389 | Z35: 20
A36: =VLOOKUP(E36,'[2]Listas Desplegables'!$H$3:$J$7,2,FALSE) -> #N/A | B36: =VLOOKUP(E36,'[2]Listas Desplegables'!$H$3:$J$7,3,FALSE) -> #N/A | C36: 31 | D36: BEL33_1_EL_ZULIA | E36: BELÉN | F36: EL ZULIA | G36: 34.5 | H36: 14.8159 | I36: 454 | M36: 0.2123465 | N36: 0.3569778 | O36: 4.752502 | P36: 0.3855992 | Q36: 1.97044 | R36: 1.443583 | S36: SDL | T36: Áerea | U36: Sí | W36: 266.8 - Aluminio | X36: 4.1439181 | Y36: 78.734444 | Z36: 19
A37: =VLOOKUP(E37,'[2]Listas Desplegables'!$H$3:$J$7,2,FALSE) -> #N/A | B37: =VLOOKUP(E37,'[2]Listas Desplegables'!$H$3:$J$7,3,FALSE) -> #N/A | C37: 32 | D37: BEL33_2_CULEBRA | E37: BELÉN | F37: CULEBRA | G37: 34.5 | H37: 14.1137 | I37: 454 | M37: 0.2123465 | N37: 0.3569778 | O37: 4.752502 | P37: 0.3855992 | Q37: 1.97044 | R37: 1.443583 | S37: SDL | T37: Áerea | U37: Sí | W37: 266.8 - Aluminio | X37: 5.0255093 | Y37: 30.153056 | Z37: 6
A38: =VLOOKUP(E38,'[2]Listas Desplegables'!$H$3:$J$7,2,FALSE) -> #N/A | B38: =VLOOKUP(E38,'[2]Listas Desplegables'!$H$3:$J$7,3,FALSE) -> #N/A | C38: 33 | D38: BEL36_1_CORNEJO | E38: BELÉN | F38: CORNEJO | G38: 34.5 | H38: 15.5733 | I38: 454 | M38: 0.2123465 | N38: 0.3569778 | O38: 4.752502 | P38: 0.3855992 | Q38: 1.97044 | R38: 1.443583 | S38: SDL | T38: Áerea | U38: Sí | W38: 266.8 - Aluminio | X38: 3.0663981 | Y38: 91.991944 | Z38: 30 | AA38: Se toman los datos desde la salida de la subestación Belén hasta la derivación que parte hacia la subestación Cornejo
A39: =VLOOKUP(E39,'[2]Listas Desplegables'!$H$3:$J$7,2,FALSE) -> #N/A | B39: =VLOOKUP(E39,'[2]Listas Desplegables'!$H$3:$J$7,3,FALSE) -> #N/A | C39: 34 | D39: BEL36_2_GUADUAS | E39: BELÉN | F39: GUADUAS | G39: 34.5 | H39: 7.1824 | I39: 454 | M39: 0.2123465 | N39: 0.3569778 | O39: 4.752502 | P39: 0.3855992 | Q39: 1.97044 | R39: 1.443583 | S39: SDL | T39: Áerea | U39: Sí | W39: 266.8 - Aluminio | X39: 5.8297222 | Y39: 11.659444 | Z39: 2 | AA39: Se toman los datos desde el punto de derivación de la Subestación Cornejo hasta la entrada de la subestación Guaduas
A40: =VLOOKUP(E40,'[2]Listas Desplegables'!$H$3:$J$7,2,FALSE) -> #N/A | B40: =VLOOKUP(E40,'[2]Listas Desplegables'!$H$3:$J$7,3,FALSE) -> #N/A | C40: 35 | D40: BEL36_3_SALAZAR | E40: BELÉN | F40: SALAZAR | G40: 34.5 | H40: 10.6954 | I40: 493 | M40: 0.1880238 | N40: 0.3462468 | O40: 4.844879 | P40: 0.3612764 | Q40: 1.959709 | R40: 1.451954 | S40: SDL | T40: Áerea | U40: Sí | W40: 300 - Aluminio | X40: 7.5031145 | Y40: 247.60278 | Z40: 33 | AA40: Se toman los datos desde el nodo FMVE4430 hasta la entrada S/E Salazar
C41: 36 | D41: CORNEJO_DERIVACIÓN_SALAZAR-GRAMALOTE | E41: CORNEJO | F41: Node_FMVE4430 | G41: 34.5 | H41: 15.663 | I41: 493 | M41: 0.1880238 | N41: 0.3462468 | O41: 4.844879 | P41: 0.3612764 | Q41: 1.959709 | R41: 1.451954 | S41: SDL | T41: Áerea | U41: Sí | W41: 300 - Aluminio | AA41: Se toman los datos desde el punto de derivación de la subestación Cornejo hasta el nodo físico FMVE4430 en el cual derivan dos circuitos de 34.5 kV (ver mas a detalle en los diagramas unifilares y archivos georeferenciados)
A42: =VLOOKUP(E42,'[2]Listas Desplegables'!$H$3:$J$7,2,FALSE) -> #N/A | B42: =VLOOKUP(E42,'[2]Listas Desplegables'!$H$3:$J$7,3,FALSE) -> #N/A | C42: 37 | D42: BEL36_4_GRAMALOTE | E42: BELÉN | F42: GRAMALOTE | G42: 34.5 | H42: 10.8042 | I42: 454 | M42: 0.2123465 | N42: 0.3569778 | O42: 4.752502 | P42: 0.3855992 | Q42: 1.97044 | R42: 1.443583 | S42: SDL | T42: Áerea | U42: Sí | W42: 266.8 - Aluminio | X42: 0.73324074 | Y42: 35.195556 | Z42: 48 | AA42: Se toman los datos desde la derivación en el nodo FMVE4430 hasta la entrada de la S/E Gramalote
A43: =VLOOKUP(E43,'[2]Listas Desplegables'!$H$3:$J$7,2,FALSE) -> #N/A | B43: =VLOOKUP(E43,'[2]Listas Desplegables'!$H$3:$J$7,3,FALSE) -> #N/A | C43: 38 | D43: BEL36_5_SARDINATA | E43: BELÉN | F43: SARDINATA | G43: 34.5 | H43: 25.5886 | I43: 454 | M43: 0.2123465 | N43: 0.3569778 | O43: 4.752502 | P43: 0.3855992 | Q43: 1.97044 | R43: 1.443583 | S43: SDL | T43: Áerea | U43: Sí | W43: 266.8 - Aluminio | X43: 0.14253704 | Y43: 2.1380556 | Z43: 15 | AA43: Se toman los datos desde la derivación de la S/E Gramalote hasta la entrada a la S/E Salazar
A44: =VLOOKUP(E44,'[2]Listas Desplegables'!$H$3:$J$7,2,FALSE) -> #N/A | B44: =VLOOKUP(E44,'[2]Listas Desplegables'!$H$3:$J$7,3,FALSE) -> #N/A | C44: 39 | D44: OCAILA5 | E44: OCAÑA | F44: ABREGO | G44: 34.5 | H44: 19.1331 | I44: 357 | M44: 0.2647822 | N44: 0.3778648 | O44: 4.638185 | P44: 0.4380348 | Q44: 1.991327 | R44: 1.432903 | S44: SDL | T44: Áerea | U44: Sí | W44: 4/0 - Aluminio | X44: 2.4119444 | Y44: 31.355278 | Z44: 13
A45: =VLOOKUP(E45,'[2]Listas Desplegables'!$H$3:$J$7,2,FALSE) -> #N/A | B45: =VLOOKUP(E45,'[2]Listas Desplegables'!$H$3:$J$7,3,FALSE) -> #N/A | C45: 40 | D45: SAN_ALBERTO _1_LOS_ALPES | E45: SAN ALBERTO | F45: LOS ALPES | G45: 34.5 | H45: 24.70741 | I45: 276 | M45: 0.4199826 | N45: 0.3954189 | O45: 4.412274 | P45: 0.5932353 | Q45: 2.008881 | R45: 1.410682 | S45: SDL | T45: Áerea | U45: Sí | W45: 2/0 - Aluminio | X45: 1.7322854 | Y45: 38.110278 | Z45: 22
A46: =VLOOKUP(E46,'[2]Listas Desplegables'!$H$3:$J$7,2,FALSE) -> #N/A | B46: =VLOOKUP(E46,'[2]Listas Desplegables'!$H$3:$J$7,3,FALSE) -> #N/A | C46: 41 | D46: SAN_ALBERTO _2_LA_MIEL | E46: SAN ALBERTO | F46: LA MIEL | G46: 34.5 | H46: 8.8493 | I46: 183 | M46: 0.8636261 | N46: 0.4209312 | O46: 4.115615 | P46: 1.036879 | Q46: 2.034393 | R46: 1.379021 | S46: SDL | T46: Áerea | U46: Sí | W46: 2 - Aluminio
A47: =VLOOKUP(E47,'[2]Listas Desplegables'!$H$3:$J$7,2,FALSE) -> #N/A | B47: =VLOOKUP(E47,'[2]Listas Desplegables'!$H$3:$J$7,3,FALSE) -> #N/A | C47: 42 | D47: SAN_ALBERTO _3_SAN_ANTONIO | E47: SAN ALBERTO | F47: SAN ANTONIO | G47: 34.5 | H47: 10.464 | I47: 183 | M47: 0.8636261 | N47: 0.4209312 | O47: 4.115615 | P47: 1.036879 | Q47: 2.034393 | R47: 1.379021 | S47: SDL | T47: Áerea | U47: Sí | W47: 2 - Aluminio
A48: =VLOOKUP(E48,'[2]Listas Desplegables'!$H$3:$J$7,2,FALSE) -> #N/A | B48: =VLOOKUP(E48,'[2]Listas Desplegables'!$H$3:$J$7,3,FALSE) -> #N/A | C48: 43 | D48: SAN_ALBERTO _4_LOS_MANGOS | E48: SAN ALBERTO | F48: LOS MANGOS | G48: 34.5 | H48: 3.5645 | I48: 183 | M48: 0.8636261 | N48: 0.4209312 | O48: 4.115615 | P48: 1.036879 | Q48: 2.034393 | R48: 1.379021 | S48: SDL | T48: Áerea | U48: Sí | W48: 2 - Aluminio | X48: 0.15420139 | Y48: 1.2336111 | Z48: 8
A49: =VLOOKUP(E49,'[2]Listas Desplegables'!$H$3:$J$7,2,FALSE) -> #N/A | B49: =VLOOKUP(E49,'[2]Listas Desplegables'!$H$3:$J$7,3,FALSE) -> #N/A | C49: 44 | D49: SAN_ALBERTO _5_CACHIRA | E49: SAN ALBERTO | F49: CÁCHIRA | G49: 34.5 | H49: 6.7737 | I49: 183 | M49: 0.8636261 | N49: 0.4209312 | O49: 4.115615 | P49: 1.036879 | Q49: 2.034393 | R49: 1.379021 | S49: SDL | T49: Áerea | U49: Sí | W49: 2 - Aluminio
A50: =VLOOKUP(E50,'[2]Listas Desplegables'!$H$3:$J$7,2,FALSE) -> #N/A | B50: =VLOOKUP(E50,'[2]Listas Desplegables'!$H$3:$J$7,3,FALSE) -> #N/A | C50: 45 | D50: TIBO11 - VERSALLES | E50: TIBÚ | F50: VERSALLES | G50: 34.5 | H50: 33.69 | I50: 276 | M50: 0.4199826 | N50: 0.3954189 | O50: 4.412274 | P50: 0.5932353 | Q50: 2.008881 | R50: 1.410682 | S50: SDL | T50: Áerea | U50: Sí | W50: 2/0 - Aluminio | X50: 0.94020468 | Y50: 142.91111 | Z50: 152
C51: 46 | D51: TIBO11 - ORU | E51: TIBÚ | F51: ORU | G51: 34.5 | H51: 4 | I51: 276
A52: =VLOOKUP(E52,'[2]Listas Desplegables'!$H$3:$J$7,2,FALSE) -> #N/A | B52: =VLOOKUP(E52,'[2]Listas Desplegables'!$H$3:$J$7,3,FALSE) -> #N/A | C52: 47 | D52: TIBCDOS | E52: TIBÚ | F52: CAMPO DOS | G52: 34.5 | H52: 20.6696 | I52: 528 | M52: 0.1681272 | N52: 0.3430972 | O52: 4.899959 | P52: 0.3413799 | Q52: 1.956559 | R52: 1.456839 | S52: SDL | T52: Áerea | U52: Sí | W52: 336.4 - Aluminio | X52: 0.73162281 | Y52: 27.801667 | Z52: 38
A53: =VLOOKUP(E53,'[2]Listas Desplegables'!$H$3:$J$7,2,FALSE) -> #N/A | B53: =VLOOKUP(E53,'[2]Listas Desplegables'!$H$3:$J$7,3,FALSE) -> #N/A | C53: 48 | D53: TIBG11_1_CAÑO_INDIO | E53: TIBÚ | F53: CAÑO INDIO | G53: 34.5 | H53: 28.4135 | I53: 276 | M53: 0.4199826 | N53: 0.3954189 | O53: 4.412274 | P53: 0.5932353 | Q53: 2.008881 | R53: 1.410682 | S53: SDL | T53: Áerea | U53: Sí | W53: 2/0 - Aluminio | X53: 1.5176684 | Y53: 50.083056 | Z53: 33
A54: =VLOOKUP(E54,'[2]Listas Desplegables'!$H$3:$J$7,2,FALSE) -> #N/A | B54: =VLOOKUP(E54,'[2]Listas Desplegables'!$H$3:$J$7,3,FALSE) -> #N/A | C54: 49 | D54: TIBG11_2_LA_GABARRA | E54: TIBÚ | F54: LA GABARRA | G54: 34.5 | H54: 19.585 | I54: 276 | M54: 0.4199826 | N54: 0.3954189 | O54: 4.412274 | P54: 0.5932353 | Q54: 2.008881 | R54: 1.410682 | S54: SDL | T54: Áerea | U54: Sí | W54: 2/0 - Aluminio | X54: 0.61082353 | Y54: 51.92 | Z54: 85
C55: 50 | D55: AGUIG5 | E55: AGUACHICA | F55: BUTURAMA | G55: 34.5 | H55: 2.42 | I55: 528 | M55: 0.1681272 | N55: 0.3430972 | O55: 4.899959 | P55: 0.3413799 | Q55: 1.956559 | R55: 1.456839 | S55: SDL | T55: Áerea | U55: Sí | W55: 336.4 - Aluminio | AA55: Linea existente por 34.5 kV que conecta a la subestación Buturama y Aguachica
A56: =VLOOKUP(E56,'[2]Listas Desplegables'!$H$3:$J$7,2,FALSE) -> #N/A | B56: =VLOOKUP(E56,'[2]Listas Desplegables'!$H$3:$J$7,3,FALSE) -> #N/A | C56: 51 | D56: CONVENCIÓN - TIBÚ (Repotenciación existente CONS95) | E56: CONVENCIÓN | F56: TIBÚ | G56: 115 | H56: 79.22 | I56: 670 | K56: 670 | M56: 0.1341201 | N56: 0.4843308 | O56: 3.419376 | P56: 0.4254369 | Q56: 1.54492 | R56: 1.885666 | S56: STR | T56: Áerea | U56: No | V56: 46371 | AA56: Repotenciación de la existente
A57: =VLOOKUP(E57,'[2]Listas Desplegables'!$H$3:$J$7,2,FALSE) -> #N/A | B57: =VLOOKUP(E57,'[2]Listas Desplegables'!$H$3:$J$7,3,FALSE) -> #N/A | C57: 52 | D57: TIBÚ - PLANTA ZULIA (Repotenciación PLZS20) | E57: TIBÚ | F57: PLANTA ZULIA | G57: 115 | H57: 68.34 | I57: 670 | M57: 0.1341201 | N57: 0.4843308 | O57: 3.419376 | P57: 0.4254369 | Q57: 1.54492 | R57: 1.885666 | S57: STR | T57: Áerea | U57: No | V57: 46009 | AA57: Repotenciación de la existente
A58: =VLOOKUP(E58,'[2]Listas Desplegables'!$H$3:$J$7,2,FALSE) -> #N/A | B58: =VLOOKUP(E58,'[2]Listas Desplegables'!$H$3:$J$7,3,FALSE) -> #N/A | C58: 53 | D58: SAN MATEO - SEVILLA | E58: SAN MATEO | F58: SEVILLA | G58: 115 | H58: 15.6 | I58: 800 | K58: 800 | M58: 0.0801201 | N58: 0.4582712 | O58: 3.601048 | P58: 0.3714369 | Q58: 1.51886 | R58: 1.9395 | S58: STR | T58: Áerea | U58: No | V58: 46387 | AA58: Expansión (Seccionamiento de la línea San Mateo - Insula, desmantelamentamiento de las dos línes 115 kV - Belén - Sevilla)
C59: 54 | D59: SEVILLA - ÍNSULA | E59: SEVILLA | F59: ÍNSULA | G59: 115 | H59: 6.4 | I59: 800 | K59: 800 | M59: 0.0801201 | N59: 0.4582712 | O59: 3.601048 | P59: 0.3714369 | Q59: 1.51886 | R59: 1.9395 | S59: STR | T59: Áerea | U59: No | V59: 46387 | AA59: Expansión (Seccionamiento de la línea San Mateo - Insula, desmantelamentamiento de las dos línes 115 kV - Belén - Sevilla)
C60: 55 | D60: BELÉN - TONCHALA | E60: BELÉN | F60: TONCHALA | G60: 115 | H60: 3 | I60: 661 | K60: 661 | M60: 0.121 | N60: 0.3784 | O60: 0.4874 | P60: 1.2775 | Q60: 3.4074 | R60: 1.9498 | S60: STR | T60: Áerea | U60: No | V60: 46752 | AA60: Esta linea es la existente INSIL60 seccionada en el kilometro 3 km Sentido Belén - Ínsula 115 kV para entrar al pórtico de la subestación Tonchalá
C61: 56 | D61: ÍNSULA - TONCHALA | E61: ÍNSULA | F61: TONCHALA | G61: 115 | H61: 18.6 | I61: 661 | M61: 0.121 | N61: 0.3784 | O61: 0.4874 | P61: 1.2775 | Q61: 3.4074 | R61: 1.9498 | S61: STR | T61: Áerea | U61: No | V61: 46752 | AA61: Esta linea es la existente INSIL60 seccionada en el kilometro 18.38 km Sentido Insula - Belén 115 kV para entrar al pórtico de la subestación Tonchalá
C62: 57 | D62: TONCHALA - DON JUANA 1 | E62: TONCHALA | F62: DON JUANA 1 | G62: 115 | H62: 30 | I62: 661 | M62: 0.121 | N62: 0.3784 | O62: 0.4874 | P62: 1.2775 | Q62: 3.4074 | R62: 1.9498 | S62: STR | T62: Áerea | U62: No | V62: 47483 | AA62: Expansión desde la nueva Subestación Tonchalá
C63: 58 | D63: TONCHALA - DON JUANA 2 | E63: TONCHALA | F63: DON JUANA 2 | G63: 115 | H63: 30 | I63: 661 | M63: 0.121 | N63: 0.3784 | O63: 0.4874 | P63: 1.2775 | Q63: 3.4074 | R63: 1.9498 | S63: STR | T63: Áerea | U63: No | V63: 47483 | AA63: Expansión desde la nueva Subestación Tonchalá
C64: 59 | D64: IL70 | E64: SAN ROQUE | F64: PLANTA ZULIA | G64: 34.5 | H64: 30 | I64: 528 | M64: 0.1681272 | N64: 0.3430972 | O64: 4.899959 | P64: 0.3413799 | Q64: 1.956559 | R64: 1.456839 | S64: SDL | T64: Áerea | U64: Sí | V64: 45291 | W64: 336.4 - Aluminio | AA64: Expansión a la salida del Nuevo Barraje 34.5 kV de la subestación Planta Zulia hasta la nueva subestación San Roque
C65: 60 | D65: CULEBRA - SAN ROQUE | E65: CULEBRA | F65: SAN ROQUE | G65: 34.5 | H65: 27 | I65: 528 | M65: 0.1681272 | N65: 0.3430972 | O65: 4.899959 | P65: 0.3413799 | Q65: 1.956559 | R65: 1.456839 | S65: SDL | T65: Áerea | U65: No | V65: 45657 | W65: 336.4 - Aluminio | AA65: Expansión desde la nueva subestación San Roque hasta la Existente Culebra 34.5 kV, esta última seguira alimentada desde la subestación Belen (Esta línea es de respaldo ante N-1 para la S/E Culebra).
C66: 61 | D66: SAN ROQUE - SARDINATA | E66: SAN ROQUE | F66: SARDINATA | G66: 34.5 | H66: 15.98 | I66: 528 | M66: 0.1681272 | N66: 0.3430972 | O66: 4.899959 | P66: 0.3413799 | Q66: 1.956559 | R66: 1.456839 | S66: SDL | T66: Áerea | U66: No | V66: 46387 | W66: 336.4 - Aluminio | AA66: Expansión desde la nueva subestación San Roque hasta la Existente Sardinata 34.5 kV, esta última se alimentara con esta línea desde la Subestación Planta Zulia.
C67: 62 | D67: ABREGO - ALTO DEL POZO | E67: ABREGO | F67: ALTO DEL POZO | G67: 34.5 | H67: 29.08 | I67: 528 | M67: 0.1681272 | N67: 0.3430972 | O67: 4.899959 | P67: 0.3413799 | Q67: 1.956559 | R67: 1.456839 | S67: SDL | T67: Áerea | U67: No | V67: 46387 | W67: 336.4 - Aluminio | AA67: Expansión por 34.5 kV Conectado al barraje de la subestación Existente Abrego 34.5 kV
C68: 63 | D68: OCAÑA - LA PLAYA | E68: OCAÑA | F68: LA PLAYA | G68: 34.5 | H68: 17.6 | I68: 528 | M68: 0.1681272 | N68: 0.3430972 | O68: 4.899959 | P68: 0.3413799 | Q68: 1.956559 | R68: 1.456839 | S68: SDL | T68: Áerea | U68: No | V68: 46387 | W68: 336.4 - Aluminio | AA68: Expansión (Desde una nueva Bahía habilitada en el patio existente 34.5 kV en la S/E Ocaña)
C69: 64 | D69: ATALAYA-GUADUAS | E69: ATALAYA | F69: GUADUAS | G69: 34.5 | H69: 22.19 | I69: 528 | M69: 0.1681272 | N69: 0.3430972 | O69: 4.899959 | P69: 0.3413799 | Q69: 1.956559 | R69: 1.456839 | S69: SDL | T69: Áerea | U69: No | V69: 46022 | W69: 336.4 - Aluminio | AA69: Expansión por 34.5 kV que interconecta las subestaciones Atalaya y Guaduas cuya distancia entre las subestaciones sería de 22.19 km (Expansión de la actual INSC77)
A70: =VLOOKUP(E70,'[2]Listas Desplegables'!$H$3:$J$7,2,FALSE) -> #N/A | B70: =VLOOKUP(E70,'[2]Listas Desplegables'!$H$3:$J$7,3,FALSE) -> #N/A | C70: 65 | D70: TONCHALÁ - GUADUAS | E70: TONCHALA | F70: GUADUAS | G70: 34.5 | H70: 13 | I70: 528 | M70: 0.1681272 | N70: 0.3430972 | O70: 4.899959 | P70: 0.3413799 | Q70: 1.956559 | R70: 1.456839 | S70: SDL | T70: Áerea | U70: No | V70: 46752 | W70: 336.4 - Aluminio | AA70: Esta linea secciona la línea ATALAYA-GUADUAS en el kilometro 13 km Sentido Atalaya - Guaduas 34.5 kV para entrar al pórtico de la subestación Tonchalá (la conexión no es en T)
C71: 66 | D71: ATALAYA - TONCHALA | E71: ATALAYA | F71: TONCHALA | G71: 34.5 | H71: 13 | I71: 528 | M71: 0.1681272 | N71: 0.3430972 | O71: 4.899959 | P71: 0.3413799 | Q71: 1.956559 | R71: 1.456839 | S71: SDL | T71: Áerea | U71: No | V71: 46752 | W71: 336.4 - Aluminio | AA71: Esta linea secciona la línea ATALAYA-GUADUAS en el kilometro 13 km Sentido Guaduas - Atalaya 34.4 kV para entrar al pórtico de la subestación Tonchalá (la conexión no es en T)
C72: 67 | D72: DON JUANA - PALERMO | E72: DON JUANA | F72: PALERMO | G72: 34.5 | H72: 15.76 | I72: 357 | M72: 0.2647822 | N72: 0.3778648 | O72: 4.638185 | P72: 0.4380348 | Q72: 1.991327 | R72: 1.432903 | S72: SDL | T72: Áerea | U72: No | V72: 47483 | W72: 4/0 - Aluminio | AA72: Esta linea es la existente BEL35_2_PALERMO seccionada en el kilometro 17.41 km Sentido Patios - Palermo 34.5 kV para entrar al pórtico de la subestación Don Juana 34.5 kV + 2 km de expansión desde la derivación a la SE Don Juana
C73: 68 | D73: DON JUANA - PATIOS | E73: DON JUANA | F73: PATIOS | G73: 34.5 | H73: 19.41 | I73: 357 | M73: 0.2647822 | N73: 0.3778648 | O73: 4.638185 | P73: 0.4380348 | Q73: 1.991327 | R73: 1.432903 | S73: SDL | T73: Áerea | U73: No | V73: 47483 | W73: 4/0 - Aluminio | AA73: Esta linea es la existente BEL35_2_PALERMO seccionada en el kilometro 13.76 km Sentido Palermo - Patios 34.5 kV para entrar al pórtico de la subestación Don Juana 34.5 kV + 2 km de expansión desde la derivación a la SE Don Juana
C74: 69 | D74: SANOL55 | E74: SAN MATEO | F74: PATIOS | G74: 34.5 | H74: 9.81 | I74: 528 | M74: 0.1681272 | N74: 0.3430972 | O74: 4.899959 | P74: 0.3413799 | Q74: 1.956559 | R74: 1.456839 | S74: SDL | T74: Áerea | U74: No | V74: 44926 | W74: 336.4 - Aluminio | AA74: Expansión (Desde una nueva Bahía habilitada en el patio existente 34.5 kV en la S/E San Mateo a la Subestación Patios) En Condiciones normales de Operación se encuentra normalmente abierta
C75: 70 | D75: SEVC1 - 34.5 kv | E75: SEVILLA | F75: ÍNSULA | G75: 34.5 | H75: 0.46 | I75: 528 | M75: 0.1681272 | N75: 0.3430972 | O75: 4.899959 | P75: 0.3413799 | Q75: 1.956559 | R75: 1.456839 | S75: SDL | T75: Áerea | U75: Sí | V75: 46387 | W75: 336.4 - Aluminio | AA75: Sevilla asume carga de los alimentadores INSC77 e INSC76, realizando la apertura en el seccionamiento de línea LMVLS100248 (INSC77) y en la línea DMVL642 (INSC76) y expandiendo 460 metros desde la S/E Sevilla hasta la línea BAMVLS82663. Revisar KMZ anexos.
C76: 71 | D76: SEVC2 - 34.5 kV | E76: SEVILLA | F76: SAN MATEO | G76: 34.5 | H76: 0.05 | I76: 528 | M76: 0.1681272 | N76: 0.3430972 | O76: 4.899959 | P76: 0.3413799 | Q76: 1.956559 | R76: 1.456839 | S76: SDL | T76: Áerea | U76: Sí | V76: 46387 | W76: 336.4 - Aluminio | AA76: Sevilla asume carga de los alimentadores BELC38 y SANOL15, realizando la apertura en el seccionamiento de línea MVLS78099 (BELC38) y en la línea DMVL86 (SANOL15) y expandiendo 50 metros desde la S/E Sevilla hasta la línea DMVL16. Revisar KMZ anexos.
C77: 72 | D77: PLZ-PUERTO_SANTANDER | E77: PLANTA ZULIA | F77: PUERTO SANTANDER | G77: 34.5 | H77: 9 | I77: 528 | M77: 0.1681272 | N77: 0.3430972 | O77: 4.899959 | P77: 0.3413799 | Q77: 1.956559 | R77: 1.456839 | S77: SDL | T77: Áerea | U77: No | V77: 47483 | W77: 336.4 - Aluminio | AA77: Circuito en identificación por parte de CENS, el cual interconectara la subestación Existente Planta Zulia 34.5 kV, con la nueva subestación Puerto Santander 34.5 kV. Se reserva espacio en las subestaciones para este proyecto.
C78: 73 | D78: INSC78 | E78: INSULA | F78: SAN FAUSTINO | G78: 34.5 | H78: 12.1 | I78: 528 | M78: 0.1681272 | N78: 0.3430972 | O78: 4.899959 | P78: 0.3413799 | Q78: 1.956559 | R78: 1.456839 | S78: SDL | T78: Áerea | U78: No | V78: 46752 | W78: 336.4 - Aluminio | AA78: Circuito en formulación por parte de CENS, el cual interconectara la subestación Existente Ínsula 34.5 kV, con la nueva subestación San Faustino 34.5 kV. Se reserva espacio en las subestaciones para este proyecto.
C79: 74 | D79: OCAÑA-EL_MOLINO | E79: OCAÑA | F79: EL MOLINO | G79: 34.5 | H79: 5 | I79: 528 | M79: 0.1681272 | N79: 0.3430972 | O79: 4.899959 | P79: 0.3413799 | Q79: 1.956559 | R79: 1.456839 | S79: SDL | T79: Áerea | U79: No | V79: 48213 | W79: 336.4 - Aluminio | AA79: Circuito en identificación por parte de CENS, el cual interconectara la subestación Existente Ocaña 34.5 kV , con la nueva subestación El Molino 34.5 kV. Se reserva espacio en las subestaciones para este proyecto.
C80: 75 | D80: GAMARRA - MORALES | E80: GAMARRA | F80: MORALES | G80: 34.5 | H80: 22 | I80: 528 | M80: 0.1681272 | N80: 0.3430972 | O80: 4.899959 | P80: 0.3413799 | Q80: 1.956559 | R80: 1.456839 | S80: SDL | T80: Áerea | U80: No | V80: 48213 | W80: 336.4 - Aluminio | AA80: Circuito en identificación por parte de CENS, el cual interconectara la subestación Existente Gamarra 34.5 kV, con la nueva subestación Morales 34.5 kV. Se reserva espacio en las subestaciones para este proyecto.
C81: 76 | D81: AYACUCHO - GUAMALITO | E81: AYACUCHO | F81: GUAMALITO | G81: 34.5 | H81: 17 | I81: 528 | M81: 0.1681272 | N81: 0.3430972 | O81: 4.899959 | P81: 0.3413799 | Q81: 1.956559 | R81: 1.456839 | S81: SDL | T81: Áerea | U81: No | V81: 47483 | W81: 336.4 - Aluminio | AA81: Circuito en identificación por parte de CENS, el cual interconectara la subestación Existente Ayacucho 34.5 kV, con la nueva subestación Guamalito 34.5 kV. Se reserva espacio en las subestaciones para este proyecto.
C82: 77 | D82: DON JUANA - CUCUTILLA | E82: DON JUANA | F82: CUCUTILLA | G82: 34.5 | H82: 36 | I82: 528 | M82: 0.1681272 | N82: 0.3430972 | O82: 4.899959 | P82: 0.3413799 | Q82: 1.956559 | R82: 1.456839 | S82: SDL | T82: Áerea | U82: No | V82: 48579 | W82: 336.4 - Aluminio | AA82: Circuito en identificación por parte de CENS, el cual interconectara la subestación Don Juana 34.5 kV, con la nueva subestación Cucutilla 34.5 kV. Se reserva espacio en las subestaciones para este proyecto.
... C86: 81 | D86: OCAÑA-NORTE | E86: OCAÑA | F86: NORTE | G86: 34.5 | H86: 11 | I86: 528 | M86: 0.1681272 | N86: 0.3430972 | O86: 4.899959 | P86: 0.3413799 | Q86: 1.956559 | R86: 1.456839 | S86: SDL | T86: Áerea | U86: No | V86: 48213 | W86: 336.4 - Aluminio | AA86: Circuito en identificación por parte de CENS, el cual interconectara la subestación existente Ocaña 34.5 kV, con la nueva subestación Norte 34.5 kV. Se reserva espacio en las subestaciones para este proyecto.
C87: 83
C88: 84
C89: 85
C90: 86
A91: =VLOOKUP(E91,'[2]Listas Desplegables'!$H$3:$J$7,2,FALSE) -> #N/A | B91: =VLOOKUP(E91,'[2]Listas Desplegables'!$H$3:$J$7,3,FALSE) -> #N/A | C91: …

Sheet 2. Tr3
C3: Información General de Transformadores Tridevanados
C4: No. | D4: ='Manual de Uso'!C53 -> Nombre | E4: ='Manual de Uso'!C54 -> Subestación | F4: ='Manual de Uso'!C55 -> Nivel de tensión HV [kV] | G4: ='Manual de Uso'!C56 -> Nivel de tensión MV [kV] | H4: ='Manual de Uso'!C57 -> Nivel de tensión LV [kV] | I4: ='Manual de Uso'!C58 -> Capacidad HV [MVA] | J4: ='Manual de Uso'!C59 -> Capacidad MV [MVA] | K4: ='Manual de Uso'!C60 -> Capacidad LV [MVA] | L4: ='Manual de Uso'!C61 -> Grupo de conexión | M4: ='Manual de Uso'!C62 -> Impedancia HV-MV Secuencia +[%] | N4: ='Manual de Uso'!C63 -> Impedancia HV-LV Secuencia +[%] | O4: ='Manual de Uso'!C64 -> Impedancia MV-LV Secuencia +[%] | P4: ='Manual de Uso'!C65 -> Impedancia HV-MV Secuencia 0[%] | Q4: ='Manual de Uso'!C66 -> Impedancia HV-LV Secuencia 0[%] | R4: ='Manual de Uso'!C67 -> Impedancia MV-LV Secuencia 0[%] | S4: ='Manual de Uso'!C68 -> Posición Neutral Tap | T4: ='Manual de Uso'!C69 -> Posición Máxima Tap | U4: ='Manual de Uso'!C70 -> Posición Mínima Tap | V4: ='Manual de Uso'!C71 -> Delta Tap [%] | W4: ='Manual de Uso'!C72 -> Sobrecarga en emergencia | Y4: ='Manual de Uso'!C73 -> En Operación | Z4: ='Manual de Uso'!C74 -> FPO | AA4: ='Manual de Uso'!C75 -> Sistema | AB4: ='Manual de Uso'!C76 -> Pérdidas Cu HV-MV [kW] | AC4: ='Manual de Uso'!C77 -> Pérdidas Cu HV-LV [kW] | AD4: ='Manual de Uso'!C78 -> Pérdidas Cu MV-LV [kW] | AE4: ='Manual de Uso'!C79 -> Tiempo medio de reparación por evento [h] | AF4: ='Manual de Uso'!C80 -> Horas anuales de indisponibilidad [h] | AG4: ='Manual de Uso'!C81 -> Eventos anuales de indisponibilidad | AH4: ='Manual de Uso'!C82 -> Observaciones transportador
W5: Magnitud [%] | X5: Tiempo [minutos]
A6: =VLOOKUP(E6,'[2]Listas Desplegables'!$H$3:$J$7,2,FALSE) -> #N/A | B6: =VLOOKUP(E6,'[2]Listas Desplegables'!$H$3:$J$7,3,FALSE) -> #N/A | C6: 1 | D6: TI-01 | E6: San Mateo | F6: 230 | G6: 115 | H6: 13.8 | I6: 150 | J6: 150 | K6: 25 | L6: YN0yn0d0 | M6: 15.35 | N6: 5.88 | O6: 3.03 | P6: 15.35 | Q6: 3.0321 | R6: 5.88 | S6: 9 | T6: 17 | U6: 1 | V6: 1.25 | Y6: Sí | AA6: STR | AB6: 480 | AC6: 24.9 | AD6: 54.79 | AH6: Operado por ISA
A7: =VLOOKUP(E7,'[2]Listas Desplegables'!$H$3:$J$7,2,FALSE) -> #N/A | B7: =VLOOKUP(E7,'[2]Listas Desplegables'!$H$3:$J$7,3,FALSE) -> #N/A | C7: 2 | D7: TI-05 | E7: Ocaña | F7: 220 | G7: 115 | H7: 13.8 | I7: 90 | J7: 90 | K7: 30 | L7: YN0yn0d0 | M7: 8.7 | N7: 7 | O7: 3,5 | P7: 8.7 | Q7: 7 | R7: 3,5 | S7: 9 | T7: 21 | U7: 1 | V7: 1.25 | Y7: Sí | AA7: STR | AB7: 85,5 | AC7: 202 | AD7: 100,4 | AH7: Operado por ISA
A8: =VLOOKUP(E8,'[2]Listas Desplegables'!$H$3:$J$7,2,FALSE) -> #N/A | B8: =VLOOKUP(E8,'[2]Listas Desplegables'!$H$3:$J$7,3,FALSE) -> #N/A | C8: 3 | D8: TS-89 | E8: Ocaña | F8: 220 | G8: 115 | H8: 13.8 | I8: 90 | J8: 90 | K8: 30 | L8: YN0yn0d0 | M8: 8.7 | N8: 7 | O8: 3,5 | P8: 8.7 | Q8: 7 | R8: 3,5 | S8: 9 | T8: 21 | U8: 1 | V8: 1.25 | Y8: Sí | AA8: STR | AB8: 85,5 | AC8: 202 | AD8: 100,4 | AE8: 3.5211111 | AF8: 10.563333 | AG8: 3
A9: =VLOOKUP(E9,'[2]Listas Desplegables'!$H$3:$J$7,2,FALSE) -> #N/A | B9: =VLOOKUP(E9,'[2]Listas Desplegables'!$H$3:$J$7,3,FALSE) -> #N/A | C9: 4 | D9: TS-90 - OCAÑA 1 | E9: Ocaña | F9: 220 | G9: 115 | H9: 13.8 | I9: 90 | J9: 90 | K9: 30 | L9: YN0yn0d0 | M9: 8.7 | N9: 9.2 | O9: 6.1 | P9: 8.7 | Q9: 9.2 | R9: 6.1 | S9: 9 | T9: 21 | U9: 1 | V9: 1.25 | Y9: Sí | AA9: STR | AB9: 183 | AC9: 58.4 | AD9: 59 | AE9: 2.3372222 | AF9: 2.3372222 | AG9: 1
A10: =VLOOKUP(E10,'[2]Listas Desplegables'!$H$3:$J$7,2,FALSE) -> #N/A | B10: =VLOOKUP(E10,'[2]Listas Desplegables'!$H$3:$J$7,3,FALSE) -> #N/A | C10: 5 | D10: TS01 | E10: Belén | F10: 230 | G10: 115 | H10: 13.8 | I10: 150 | J10: 150 | K10: 50 | L10: YN0yn0d0 | M10: 16.01 | N10: 6.4 | O10: 3.4 | P10: 16.01 | Q10: 6.4 | R10: 3.4 | S10: 13 | T10: 27 | U10: 1 | V10: 1.25 | Y10: Sí | AA10: STR | AB10: 337.1 | AC10: 162.4 | AD10: 15 | AE10: 3.8810185 | AF10: 11.643056 | AG10: 3
A11: =VLOOKUP(E11,'[2]Listas Desplegables'!$H$3:$J$7,2,FALSE) -> #N/A | B11: =VLOOKUP(E11,'[2]Listas Desplegables'!$H$3:$J$7,3,FALSE) -> #N/A | C11: 6 | D11: TS2 | E11: San Mateo | F11: 230 | G11: 115 | H11: 13.8 | I11: 150 | J11: 150 | K11: 25 | L11: YN0yn0d0 | M11: 16 | N11: 6.1 | O11: 3 | P11: 16 | Q11: 6.1 | R11: 3 | S11: 9 | T11: 17 | U11: 1 | V11: 1.25 | Y11: Sí | AA11: STR | AB11: 162.4 | AC11: 15 | AD11: 15 | AE11: 32.354722 | AF11: 32.354722 | AG11: 1
A12: =VLOOKUP(E14,'[2]Listas Desplegables'!$H$3:$J$7,2,FALSE) -> #N/A | B12: =VLOOKUP(E14,'[2]Listas Desplegables'!$H$3:$J$7,3,FALSE) -> #N/A | C12: 7 | D12: TI-08 TOLEDO 50MVA | E12: Toledo | F12: 220 | G12: 34.5 | H12: 13.8 | I12: 50 | J12: 50 | K12: 16.6 | L12: YN0yn0d0 | M12: 17.1 | N12: 9.185 | O12: 3.741 | P12: 17.1 | Q12: 9.185 | R12: 3.741 | S12: 9 | T12: 21 | U12: 1 | V12: 1.012 | Y12: Sí | AA12: STN | AB12: 206.4 | AC12: 0 | AD12: 0 | AH12: Operado por ISA
A13: =VLOOKUP(E15,'[2]Listas Desplegables'!$H$3:$J$7,2,FALSE) -> #N/A | B13: =VLOOKUP(E15,'[2]Listas Desplegables'!$H$3:$J$7,3,FALSE) -> #N/A | C13: 8 | D13: TI07-SAMORE-50MVA | E13: Samore | F13: 220 | G13: 34.5 | H13: 13.8 | I13: 50 | J13: 50 | K13: 16.6 | L13: YN0yn0d1 | M13: 17 | N13: 10.469 | O13: 3.812 | P13: 17 | Q13: 10.469 | R13: 3.812 | S13: 9 | T13: 21 | U13: 1 | V13: 1.012 | Y13: Sí | AA13: STN | AB13: 206.4 | AC13: 50 | AD13: 0 | AH13: Operado por ISA
A14: =VLOOKUP(#REF!,'[2]Listas Desplegables'!$H$3:$J$7,2,FALSE) -> #REF! | B14: =VLOOKUP(#REF!,'[2]Listas Desplegables'!$H$3:$J$7,3,FALSE) -> #REF! | C14: 9
A15: =VLOOKUP(#REF!,'[2]Listas Desplegables'!$H$3:$J$7,2,FALSE) -> #REF! | B15: =VLOOKUP(#REF!,'[2]Listas Desplegables'!$H$3:$J$7,3,FALSE) -> #REF! | C15: 10
A16: =VLOOKUP(E16,'[2]Listas Desplegables'!$H$3:$J$7,2,FALSE) -> #N/A | B16: =VLOOKUP(E16,'[2]Listas Desplegables'!$H$3:$J$7,3,FALSE) -> #N/A | C16: 11
A17: =VLOOKUP(E17,'[2]Listas Desplegables'!$H$3:$J$7,2,FALSE) -> #N/A | B17: =VLOOKUP(E17,'[2]Listas Desplegables'!$H$3:$J$7,3,FALSE) -> #N/A | C17: 12
A18: =VLOOKUP(E18,'[2]Listas Desplegables'!$H$3:$J$7,2,FALSE) -> #N/A | B18: =VLOOKUP(E18,'[2]Listas Desplegables'!$H$3:$J$7,3,FALSE) -> #N/A | C18: 13
A19: =VLOOKUP(E19,'[2]Listas Desplegables'!$H$3:$J$7,2,FALSE) -> #N/A | B19: =VLOOKUP(E19,'[2]Listas Desplegables'!$H$3:$J$7,3,FALSE) -> #N/A | C19: 14
A20: =VLOOKUP(E20,'[2]Listas Desplegables'!$H$3:$J$7,2,FALSE) -> #N/A | B20: =VLOOKUP(E20,'[2]Listas Desplegables'!$H$3:$J$7,3,FALSE) -> #N/A | C20: 15
A21: =VLOOKUP(E21,'[2]Listas Desplegables'!$H$3:$J$7,2,FALSE) -> #N/A | B21: =VLOOKUP(E21,'[2]Listas Desplegables'!$H$3:$J$7,3,FALSE) -> #N/A | C21: 16
A22: =VLOOKUP(E22,'[2]Listas Desplegables'!$H$3:$J$7,2,FALSE) -> #N/A | B22: =VLOOKUP(E22,'[2]Listas Desplegables'!$H$3:$J$7,3,FALSE) -> #N/A | C22: 17
A23: =VLOOKUP(E23,'[2]Listas Desplegables'!$H$3:$J$7,2,FALSE) -> #N/A | B23: =VLOOKUP(E23,'[2]Listas Desplegables'!$H$3:$J$7,3,FALSE) -> #N/A | C23: 18
A24: =VLOOKUP(E24,'[2]Listas Desplegables'!$H$3:$J$7,2,FALSE) -> #N/A | B24: =VLOOKUP(E24,'[2]Listas Desplegables'!$H$3:$J$7,3,FALSE) -> #N/A | C24: 19
A25: =VLOOKUP(E25,'[2]Listas Desplegables'!$H$3:$J$7,2,FALSE) -> #N/A | B25: =VLOOKUP(E25,'[2]Listas Desplegables'!$H$3:$J$7,3,FALSE) -> #N/A | C25: 20
A26: =VLOOKUP(E26,'[2]Listas Desplegables'!$H$3:$J$7,2,FALSE) -> #N/A | B26: =VLOOKUP(E26,'[2]Listas Desplegables'!$H$3:$J$7,3,FALSE) -> #N/A | C26: 21
A27: =VLOOKUP(E27,'[2]Listas Desplegables'!$H$3:$J$7,2,FALSE) -> #N/A | B27: =VLOOKUP(E27,'[2]Listas Desplegables'!$H$3:$J$7,3,FALSE) -> #N/A | C27: 22
... A54: =VLOOKUP(E54,'[2]Listas Desplegables'!$H$3:$J$7,2,FALSE) -> #N/A | B54: =VLOOKUP(E54,'[2]Listas Desplegables'!$H$3:$J$7,3,FALSE) -> #N/A | C54: 49
A55: =VLOOKUP(E55,'[2]Listas Desplegables'!$H$3:$J$7,2,FALSE) -> #N/A | B55: =VLOOKUP(E55,'[2]Listas Desplegables'!$H$3:$J$7,3,FALSE) -> #N/A | C55: …

Sheet 3. Tr2
C3: Información General de Transformadores Bidevanados
C4: No. | D4: ='Manual de Uso'!C83 -> Nombre | E4: ='Manual de Uso'!C84 -> Subestación | F4: ='Manual de Uso'!C85 -> Nivel de tensión HV [kV] | G4: ='Manual de Uso'!C86 -> Nivel de tensión LV [kV] | H4: ='Manual de Uso'!C87 -> Capacidad [MVA] | I4: ='Manual de Uso'!C88 -> Grupo de conexión | J4: ='Manual de Uso'!C89 -> Impedancia Secuencia +[%] | K4: ='Manual de Uso'!C90 -> Impedancia Secuencia 0[%] | L4: ='Manual de Uso'!C91 -> Posición Neutral Tap | M4: ='Manual de Uso'!C92 -> Posición Máxima Tap | N4: ='Manual de Uso'!C93 -> Posición Mínima Tap | O4: ='Manual de Uso'!C94 -> Delta Tap [%] | P4: ='Manual de Uso'!C95 -> Sobrecarga en emergencia | R4: ='Manual de Uso'!C96 -> En Operación | S4: ='Manual de Uso'!C97 -> FPO | T4: ='Manual de Uso'!C98 -> Sistema | U4: ='Manual de Uso'!C99 -> Pérdidas Cu [kW] | V4: ='Manual de Uso'!C100 -> Tiempo medio de reparación por evento [h] | W4: ='Manual de Uso'!C101 -> Horas anuales de indisponibilidad [h] | X4: ='Manual de Uso'!C102 -> Eventos anuales de indisponibilidad | Y4: ='Manual de Uso'!C103 -> Observaciones transportador
P5: Magnitud [%] | Q5: Tiempo [minutos]
A6: =VLOOKUP(E6,'[2]Listas Desplegables'!$H$3:$J$7,2,FALSE) -> #N/A | B6: =VLOOKUP(E6,'[2]Listas Desplegables'!$H$3:$J$7,3,FALSE) -> #N/A | C6: 1 | D6: TS04-BELEN-25MVA | E6: Belén | F6: 115 | G6: 13.8 | H6: 25 | I6: YNyn0 | J6: 8.52 | K6: 8.52 | L6: 5 | M6: 15 | N6: 1 | O6: 1.25 | P6: 1.31 | Q6: 30 | R6: Sí | T6: STR | U6: 68.5 | V6: 17.857431 | W6: 71.429722 | X6: 4
A7: =VLOOKUP(E7,'[2]Listas Desplegables'!$H$3:$J$7,2,FALSE) -> #N/A | B7: =VLOOKUP(E7,'[2]Listas Desplegables'!$H$3:$J$7,3,FALSE) -> #N/A | C7: 2 | D7: TS05-BELEN-40MVA | E7: Belén | F7: 115 | G7: 13.8 | H7: 40 | I7: YNyn0 | J7: 12.45 | K7: 12.45 | L7: 5 | M7: 15 | N7: 1 | O7: 1.25 | P7: 1.05 | Q7: 30 | R7: Sí | T7: STR | U7: 115 | V7: 16.077167 | W7: 80.385833 | X7: 5
A8: =VLOOKUP(E8,'[2]Listas Desplegables'!$H$3:$J$7,2,FALSE) -> #N/A | B8: =VLOOKUP(E8,'[2]Listas Desplegables'!$H$3:$J$7,3,FALSE) -> #N/A | C8: 3 | D8: TS06-BELEN-47MVA | E8: Belén | F8: 115 | G8: 34.5 | H8: 47 | I8: YNyn0 | J8: 14.993 | K8: 14.993 | L8: 9 | M8: 17 | N8: 1 | O8: 1.25 | P8: 1.15 | Q8: 30 | R8: Sí | T8: STR | U8: 189.36 | V8: 31.506667 | W8: 31.506667 | X8: 1
A9: =VLOOKUP(E9,'[2]Listas Desplegables'!$H$3:$J$7,2,FALSE) -> #N/A | B9: =VLOOKUP(E9,'[2]Listas Desplegables'!$H$3:$J$7,3,FALSE) -> #N/A | C9: 4 | D9: TS07-SAN_MATEO-47MVA | E9: San Mateo | F9: 115 | G9: 34.5 | H9: 47 | I9: YNyn0 | J9: 14.3663 | K9: 14.3663 | L9: 7 | M9: 15 | N9: 1 | O9: 1.25 | P9: 1.11 | Q9: 30 | R9: Sí | T9: STR | U9: 189.36 | V9: 21.892315 | W9: 65.676944 | X9: 3
A10: =VLOOKUP(E10,'[2]Listas Desplegables'!$H$3:$J$7,2,FALSE) -> #N/A | B10: =VLOOKUP(E10,'[2]Listas Desplegables'!$H$3:$J$7,3,FALSE) -> #N/A | C10: 5 | D10: TS08-SAN_MATEO-47MVA | E10: San Mateo | F10: 115 | G10: 13.8 | H10: 47 | I10: YNyn0 | J10: 15.09 | K10: 15.09 | L10: 9 | M10: 33 | N10: 1 | O10: 0.62 | P10: 1.13 | Q10: 30 | R10: Sí | T10: STR | U10: 250 | V10: 14.771667 | W10: 44.315 | X10: 3
A11: =VLOOKUP(E11,'[2]Listas Desplegables'!$H$3:$J$7,2,FALSE) -> #N/A | B11: =VLOOKUP(E11,'[2]Listas Desplegables'!$H$3:$J$7,3,FALSE) -> #N/A | C11: 6 | D11: TS09-SAN_MATEO-40MVA | E11: San Mateo | F11: 115 | G11: 13.8 | H11: 40 | I11: YNyn0 | J11: 15.09 | K11: 15.09 | L11: 9 | M11: 33 | N11: 1 | O11: 0.62 | P11: 1.05 | Q11: 30 | R11: Sí | T11: STR | U11: 250 | V11: 21.864907 | W11: 65.594722 | X11: 3
A12: =VLOOKUP(E12,'[2]Listas Desplegables'!$H$3:$J$7,2,FALSE) -> #N/A | B12: =VLOOKUP(E12,'[2]Listas Desplegables'!$H$3:$J$7,3,FALSE) -> #N/A | C12: 7 | D12: TS10-ATALAYA-22MVA | E12: Atalaya | F12: 34.5 | G12: 13.8 | H12: 22 | I12: Dyn11 | J12: 5.75 | K12: 5.75 | L12: 3 | M12: 5 | N12: 1 | O12: 2.5 | R12: Sí | T12: SDL | U12: 90 | V12: 9.4780556 | W12: 18.956111 | X12: 2
A13: =VLOOKUP(E13,'[2]Listas Desplegables'!$H$3:$J$7,2,FALSE) -> #N/A | B13: =VLOOKUP(E13,'[2]Listas Desplegables'!$H$3:$J$7,3,FALSE) -> #N/A | C13: 8 | D13: TS12-SEVILLA-20MVA | E13: Sevilla | F13: 115 | G13: 13.8 | H13: 20 | I13: YNyn0 | J13: 9.5 | K13: 9.5 | L13: 7 | M13: 15 | N13: 1 | O13: 1.25 | P13: 1.2 | Q13: 30 | R13: Sí | T13: STR | U13: 96 | V13: 15.956736 | W13: 63.826944 | X13: 4
A14: =VLOOKUP(E14,'[2]Listas Desplegables'!$H$3:$J$7,2,FALSE) -> #N/A | B14: =VLOOKUP(E14,'[2]Listas Desplegables'!$H$3:$J$7,3,FALSE) -> #N/A | C14: 9 | D14: TS14-INSULA-40MVA | E14: Ínsula | F14: 115 | G14: 34.5 | H14: 40 | I14: YNyn0 | J14: 11.99 | K14: 11.99 | L14: 7 | M14: 15 | N14: 1 | O14: 1.25 | P14: 1.05 | Q14: 30 | R14: Sí | T14: STR | U14: 117.5 | V14: 3.0715278 | W14: 12.286111 | X14: 4
A15: =VLOOKUP(E15,'[2]Listas Desplegables'!$H$3:$J$7,2,FALSE) -> #N/A | B15: =VLOOKUP(E15,'[2]Listas Desplegables'!$H$3:$J$7,3,FALSE) -> #N/A | C15: 10 | D15: TS15-INSULA-25MVA | E15: Ínsula | F15: 115 | G15: 13.8 | H15: 25 | I15: YNyn0 | J15: 9.475 | K15: 9.475 | L15: 7 | M15: 15 | N15: 1 | O15: 1 | P15: 1.2 | Q15: 30 | R15: Sí | T15: STR | U15: 62.2727 | V15: 4.6858333 | W15: 9.3716667 | X15: 2
A16: =VLOOKUP(E16,'[2]Listas Desplegables'!$H$3:$J$7,2,FALSE) -> #N/A | B16: =VLOOKUP(E16,'[2]Listas Desplegables'!$H$3:$J$7,3,FALSE) -> #N/A | C16: 11 | D16: TS16-EL_SAMAN-18MVA | E16: El Saman | F16: 34.5 | G16: 13.8 | H16: 18 | I16: Dyn11 | J16: 7.524 | K16: 7.524 | L16: 3 | M16: 5 | N16: 1 | O16: 2.5 | R16: Sí | T16: SDL | U16: 82.2 | V16: 21.8625 | W16: 43.725 | X16: 2
A17: =VLOOKUP(E17,'[2]Listas Desplegables'!$H$3:$J$7,2,FALSE) -> #N/A | B17: =VLOOKUP(E17,'[2]Listas Desplegables'!$H$3:$J$7,3,FALSE) -> #N/A | C17: 12 | D17: TS17-ESCOBAL-12.5MVA | E17: Escobal | F17: 34.5 | G17: 13.8 | H17: 12.5 | I17: Dyn11 | J17: 7.45 | K17: 7.45 | L17: 3 | M17: 5 | N17: 1 | O17: 2.5 | R17: Sí | T17: SDL | U17: 53.5 | V17: 29.215903 | W17: 116.86361 | X17: 4
A18: =VLOOKUP(E18,'[2]Listas Desplegables'!$H$3:$J$7,2,FALSE) -> #N/A | B18: =VLOOKUP(E18,'[2]Listas Desplegables'!$H$3:$J$7,3,FALSE) -> #N/A | C18: 13 | D18: TS19-PLANTA_ZULIA-11MVA | E18: Planta Zulia | F18: 115 | G18: 13.8 | H18: 11 | I18: YNyn0 | J18: 11.1 | K18: 11.1 | L18: 6 | M18: 11 | N18: 1 | O18: 1 | P18: 1.18 | Q18: 30 | R18: Sí | T18: STR | U18: 69.2096 | V18: 3.6266667 | W18: 10.88 | X18: 3
A19: =VLOOKUP(E19,'[2]Listas Desplegables'!$H$3:$J$7,2,FALSE) -> #N/A | B19: =VLOOKUP(E19,'[2]Listas Desplegables'!$H$3:$J$7,3,FALSE) -> #N/A | C19: 14 | D19: TS20-PAMPLONA-12.5MVA | E19: Pamplona | F19: 34.5 | G19: 13.8 | H19: 12.5 | I19: Dyn11 | J19: 7.47 | K19: 7.47 | L19: 3 | M19: 5 | N19: 1 | O19: 2.5 | R19: Sí | T19: SDL | U19: 53.5 | V19: 0 | W19: 0 | X19: 0
A20: =VLOOKUP(E20,'[2]Listas Desplegables'!$H$3:$J$7,2,FALSE) -> #N/A | B20: =VLOOKUP(E20,'[2]Listas Desplegables'!$H$3:$J$7,3,FALSE) -> #N/A | C20: 15 | D20: TS22-LOS_PATIOS-12.5MVA | E20: Los Patios | F20: 34.5 | G20: 13.8 | H20: 12.5 | I20: Dyn11 | J20: 9.3125 | K20: 9.3125 | L20: 3 | M20: 5 | N20: 1 | O20: 2.5 | R20: Sí | T20: SDL | U20: 51.25 | V20: 6.3894444 | W20: 12.778889 | X20: 2
A21: =VLOOKUP(E21,'[2]Listas Desplegables'!$H$3:$J$7,2,FALSE) -> #N/A | B21: =VLOOKUP(E21,'[2]Listas Desplegables'!$H$3:$J$7,3,FALSE) -> #N/A | C21: 16 | D21: TS23-TIBU-18MVA | E21: Tibu | F21: 115 | G21: 13.8 | H21: 18 | I21: Dyn11 | J21: 11.1744 | K21: 11.1744 | L21: 3 | M21: 5 | N21: 1 | O21: 2.5 | P21: 1.11 | Q21: 30 | R21: Sí | T21: STR | U21: 75 | V21: 10.498333 | W21: 10.498333 | X21: 1
A22: =VLOOKUP(E22,'[2]Listas Desplegables'!$H$3:$J$7,2,FALSE) -> #N/A | B22: =VLOOKUP(E22,'[2]Listas Desplegables'!$H$3:$J$7,3,FALSE) -> #N/A | C22: 17 | D22: TS24-TIBU-12MVA | E22: Tibu | F22: 115 | G22: 34.5 | H22: 12 | I22: YNyn0 | J22: 8.8524 | K22: 8.8524 | L22: 3 | M22: 5 | N22: 1 | O22: 2.5 | P22: 1.15 | Q22: 30 | R22: Sí | T22: STR | U22: 51.36 | V22: 7.8519444 | W22: 7.8519444 | X22: 1
A23: =VLOOKUP(E23,'[2]Listas Desplegables'!$H$3:$J$7,2,FALSE) -> #N/A | B23: =VLOOKUP(E23,'[2]Listas Desplegables'!$H$3:$J$7,3,FALSE) -> #N/A | C23: 18 | D23: TS25-CONVENCION-10MVA | E23: Convencion | F23: 115 | G23: 34.5 | H23: 10 | I23: YNyn0 | J23: 11.4625 | K23: 11.4625 | L23: 3 | M23: 5 | N23: 1 | O23: 1.25 | P23: 1.49 | Q23: 30 | R23: Sí | T23: STR | U23: 61.5 | V23: 5.1324306 | W23: 20.529722 | X23: 4
A24: =VLOOKUP(E24,'[2]Listas Desplegables'!$H$3:$J$7,2,FALSE) -> #N/A | B24: =VLOOKUP(E24,'[2]Listas Desplegables'!$H$3:$J$7,3,FALSE) -> #N/A | C24: 19 | D24: TS26-CONVENCION-7MVA | E24: Convencion | F24: 34.5 | G24: 13.8 | H24: 7 | I24: Dyn11 | J24: 6.49 | K24: 6.49 | L24: 3 | M24: 5 | N24: 1 | O24: 2.5 | R24: Sí | T24: SDL | U24: 48.2 | V24: 5.8469841 | W24: 40.928889 | X24: 7
A25: =VLOOKUP(E25,'[2]Listas Desplegables'!$H$3:$J$7,2,FALSE) -> #N/A | B25: =VLOOKUP(E25,'[2]Listas Desplegables'!$H$3:$J$7,3,FALSE) -> #N/A | C25: 20 | D25: TS27-OCAÑA-30MVA | E25: Ocaña | F25: 115 | G25: 13.8 | H25: 30 | I25: Dyn11 | J25: 17.28 | K25: 17.28 | L25: 11 | M25: 26 | N25: 1 | O25: 1 | P25: 1.33 | Q25: 30 | R25: Sí | T25: STR | U25: 120 | V25: 13.343333 | W25: 13.343333 | X25: 1
A26: =VLOOKUP(E26,'[2]Listas Desplegables'!$H$3:$J$7,2,FALSE) -> #N/A | B26: =VLOOKUP(E26,'[2]Listas Desplegables'!$H$3:$J$7,3,FALSE) -> #N/A | C26: 21 | D26: TS28-OCAÑA-8MVA | E26: Ocaña | F26: 115 | G26: 34.5 | H26: 8 | I26: Dyn11 | J26: 11.38 | K26: 11.38 | L26: 3 | M26: 5 | N26: 1 | O26: 2.5 | P26: 1.25 | Q26: 30 | R26: Sí | T26: STR | U26: 47 | V26: 10.14963 | W26: 30.448889 | X26: 3
A27: =VLOOKUP(E27,'[2]Listas Desplegables'!$H$3:$J$7,2,FALSE) -> #N/A | B27: =VLOOKUP(E27,'[2]Listas Desplegables'!$H$3:$J$7,3,FALSE) -> #N/A | C27: 22 | D27: TS29-AYACUCHO-13MVA | E27: Ayacucho | F27: 115 | G27: 34.5 | H27: 13 | I27: YNyn0 | J27: 11.71 | K27: 11.71 | L27: 3 | M27: 5 | N27: 1 | O27: 2.5 | P27: 1.07 | Q27: 30 | R27: Sí | T27: STR | U27: 81.6287 | V27: 0 | W27: 0 | X27: 0
A28: =VLOOKUP(E28,'[2]Listas Desplegables'!$H$3:$J$7,2,FALSE) -> #N/A | B28: =VLOOKUP(E28,'[2]Listas Desplegables'!$H$3:$J$7,3,FALSE) -> #N/A | C28: 23 | D28: TS30-AYACUCHO-3MVA | E28: Ayacucho | F28: 34.5 | G28: 13.8 | H28: 3 | I28: Dyn11 | J28: 6.5 | K28: 6.5 | L28: 3 | M28: 5 | N28: 1 | O28: 2.5 | R28: Sí | T28: SDL | U28: 29 | V28: 0 | W28: 0 | X28: 0
A29: =VLOOKUP(E29,'[2]Listas Desplegables'!$H$3:$J$7,2,FALSE) -> #N/A | B29: =VLOOKUP(E29,'[2]Listas Desplegables'!$H$3:$J$7,3,FALSE) -> #N/A | C29: 24 | D29: TS31-AGUACHICA-32MVA | E29: Aguachica | F29: 115 | G29: 34.5 | H29: 32 | I29: YNyn0 | J29: 11.05 | K29: 11.05 | L29: 8 | M29: 16 | N29: 1 | O29: 1.25 | P29: 1.24 | Q29: 30 | R29: Sí | T29: STR | U29: 135 | V29: 7.0130556 | W29: 21.039167 | X29: 3
A30: =VLOOKUP(E30,'[2]Listas Desplegables'!$H$3:$J$7,2,FALSE) -> #N/A | B30: =VLOOKUP(E30,'[2]Listas Desplegables'!$H$3:$J$7,3,FALSE) -> #N/A | C30: 25 | D30: TS32-AGUACHICA-18MVA | E30: Aguachica | F30: 34.5 | G30: 13.8 | H30: 18 | I30: Dyn11 | J30: 9.804 | K30: 9.804 | L30: 3 | M30: 5 | N30: 1 | O30: 2.5 | R30: Sí | T30: SDL | U30: 68.6 | V30: 5.5018056 | W30: 11.003611 | X30: 2
A31: =VLOOKUP(E31,'[2]Listas Desplegables'!$H$3:$J$7,2,FALSE) -> #N/A | B31: =VLOOKUP(E31,'[2]Listas Desplegables'!$H$3:$J$7,3,FALSE) -> #N/A | C31: 26 | D31: TS34-CORNEJO-5MVA | E31: Cornejo | F31: 34.5 | G31: 13.8 | H31: 5 | I31: Dyn11 | J31: 5.82 | K31: 5.82 | L31: 3 | M31: 5 | N31: 1 | O31: 2.5 | R31: Sí | T31: SDL | U31: 16.5 | V31: 0.41666667 | W31: 0.41666667 | X31: 1
A32: =VLOOKUP(E32,'[2]Listas Desplegables'!$H$3:$J$7,2,FALSE) -> #N/A | B32: =VLOOKUP(E32,'[2]Listas Desplegables'!$H$3:$J$7,3,FALSE) -> #N/A | C32: 27 | D32: TS35-CULEBRA-4MVA | E32: Culebra | F32: 34.5 | G32: 13.8 | H32: 4 | I32: Dyn11 | J32: 6.57 | K32: 6.57 | L32: 3 | M32: 5 | N32: 1 | O32: 2.5 | R32: Sí | T32: SDL | U32: 36.1 | V32: 0 | W32: 0 | X32: 0
A33: =VLOOKUP(E33,'[2]Listas Desplegables'!$H$3:$J$7,2,FALSE) -> #N/A | B33: =VLOOKUP(E33,'[2]Listas Desplegables'!$H$3:$J$7,3,FALSE) -> #N/A | C33: 28 | D33: TS36-SALAZAR-3.5MVA | E33: Salazar | F33: 34.5 | G33: 13.8 | H33: 3.5 | I33: Dyn11 | J33: 5.7 | K33: 5.7 | L33: 3 | M33: 5 | N33: 1 | O33: 2.5 | R33: Sí | T33: SDL | U33: 21.5 | V33: 4.4804167 | W33: 8.9608333 | X33: 2
A34: =VLOOKUP(E34,'[2]Listas Desplegables'!$H$3:$J$7,2,FALSE) -> #N/A | B34: =VLOOKUP(E34,'[2]Listas Desplegables'!$H$3:$J$7,3,FALSE) -> #N/A | C34: 29 | D34: TS38-SARDINATA-4MVA | E34: Sardinata | F34: 34.5 | G34: 13.8 | H34: 4 | I34: Dyn11 | J34: 6.1 | K34: 6.1 | L34: 3 | M34: 5 | N34: 1 | O34: 2.5 | R34: Sí | T34: SDL | U34: 35 | V34: 11.466111 | W34: 11.466111 | X34: 1
A35: =VLOOKUP(E35,'[2]Listas Desplegables'!$H$3:$J$7,2,FALSE) -> #N/A | B35: =VLOOKUP(E35,'[2]Listas Desplegables'!$H$3:$J$7,3,FALSE) -> #N/A | C35: 30 | D35: TS39-EL_TARRA-5MVA | E35: El Tarra | F35: 34.5 | G35: 13.8 | H35: 5 | I35: Dyn5 | J35: 5.98 | K35: 5.98 | L35: 3 | M35: 5 | N35: 1 | O35: 2.5 | R35: Sí | T35: SDL | U35: 20.9 | V35: 0.016190476 | W35: 0.11333333 | X35: 7
A36: =VLOOKUP(E36,'[2]Listas Desplegables'!$H$3:$J$7,2,FALSE) -> #N/A | B36: =VLOOKUP(E36,'[2]Listas Desplegables'!$H$3:$J$7,3,FALSE) -> #N/A | C36: 31 | D36: TS40-GAMARRA-12MVA | E36: Gamarra | F36: 34.5 | G36: 13.8 | H36: 12 | I36: Dyn5 | J36: 8.85 | K36: 8.85 | L36: 3 | M36: 5 | N36: 1 | O36: 2.5 | R36: Sí | T36: SDL | U36: 51.36 | V36: 8.2333333 | W36: 8.2333333 | X36: 1
A37: =VLOOKUP(E37,'[2]Listas Desplegables'!$H$3:$J$7,2,FALSE) -> #N/A | B37: =VLOOKUP(E37,'[2]Listas Desplegables'!$H$3:$J$7,3,FALSE) -> #N/A | C37: 32 | D37: TS42-ORU-2MVA | E37: Oru | F37: 34.5 | G37: 13.8 | H37: 2 | I37: Dyn11 | J37: 5.98 | K37: 5.98 | L37: 3 | M37: 5 | N37: 1 | O37: 2.5 | R37: Sí | T37: SDL | U37: 20.9 | V37: 0.28006236 | W37: 13.723056 | X37: 49
A38: =VLOOKUP(E38,'[2]Listas Desplegables'!$H$3:$J$7,2,FALSE) -> #N/A | B38: =VLOOKUP(E38,'[2]Listas Desplegables'!$H$3:$J$7,3,FALSE) -> #N/A | C38: 33 | D38: TS43-PELAYA-4MVA | E38: Pelaya | F38: 34.5 | G38: 13.8 | H38: 4 | I38: Dyn11 | J38: 6.5 | K38: 6.5 | L38: 3 | M38: 5 | N38: 1 | O38: 2.5 | R38: Sí | T38: SDL | U38: 25.27 | V38: 9.4014815 | W38: 28.204444 | X38: 3
A39: =VLOOKUP(E39,'[2]Listas Desplegables'!$H$3:$J$7,2,FALSE) -> #N/A | B39: =VLOOKUP(E39,'[2]Listas Desplegables'!$H$3:$J$7,3,FALSE) -> #N/A | C39: 34 | D39: TS44-EL_ZULIA-3.5MVA | E39: El Zulia | F39: 34.5 | G39: 13.8 | H39: 4 | I39: Dyn11 | J39: 6.5 | K39: 6.5 | L39: 3 | M39: 5 | N39: 1 | O39: 2.5 | R39: Sí | T39: SDL | U39: 25.27 | V39: 0.5537037 | W39: 1.6611111 | X39: 3
A40: =VLOOKUP(E40,'[2]Listas Desplegables'!$H$3:$J$7,2,FALSE) -> #N/A | B40: =VLOOKUP(E40,'[2]Listas Desplegables'!$H$3:$J$7,3,FALSE) -> #N/A | C40: 35 | D40: TS45-ABREGO-6MVA | E40: Abrego | F40: 34.5 | G40: 13.8 | H40: 6 | I40: Dyn11 | J40: 7.2 | K40: 7.2 | L40: 3 | M40: 5 | N40: 1 | O40: 2.5 | R40: Sí | T40: SDL | U40: 36 | V40: 5.7638889 | W40: 5.7638889 | X40: 1
A41: =VLOOKUP(E41,'[2]Listas Desplegables'!$H$3:$J$7,2,FALSE) -> #N/A | B41: =VLOOKUP(E41,'[2]Listas Desplegables'!$H$3:$J$7,3,FALSE) -> #N/A | C41: 36 | D41: TS46-CAMPO_DOS-12MVA | E41: Campo Dos | F41: 34.5 | G41: 13.8 | H41: 12 | I41: Dyn11 | J41: 8.85 | K41: 8.85 | L41: 3 | M41: 5 | N41: 1 | O41: 2.5 | R41: Sí | T41: SDL | U41: 51.36 | V41: 0.71888177 | W41: 28.036389 | X41: 39
... A48: =VLOOKUP(E48,'[2]Listas Desplegables'!$H$3:$J$7,2,FALSE) -> #N/A | B48: =VLOOKUP(E48,'[2]Listas Desplegables'!$H$3:$J$7,3,FALSE) -> #N/A | C48: 43 | D48: TS67-LOS_ALPES-0.5MVA | E48: Los Alpes | F48: 34.5 | G48: 13.8 | H48: 0.5 | I48: Dyn11 | J48: 6.38 | K48: 6.38 | L48: 3 | M48: 5 | N48: 1 | O48: 2.5 | R48: Sí | T48: SDL | U48: 6.37 | V48: 0.95972222 | W48: 0.95972222 | X48: 1
A49: =VLOOKUP(E49,'[2]Listas Desplegables'!$H$3:$J$7,2,FALSE) -> #N/A | B49: =VLOOKUP(E49,'[2]Listas Desplegables'!$H$3:$J$7,3,FALSE) -> #N/A | C49: 44 | D49: TS68-SEVILLA-32MVA | E49: Sevilla | F49: 115 | G49: 13.8 | H49: 32 | I49: YNyn0 | J49: 9.38 | K49: 9.38 | L49: 8 | M49: 16 | N49: 2 | O49: 1 | P49: 1.24 | Q49: 30 | R49: Sí | T49: STR | U49: 130 | V49: 14.491019 | W49: 43.473056 | X49: 3
A50: =VLOOKUP(E50,'[2]Listas Desplegables'!$H$3:$J$7,2,FALSE) -> #N/A | B50: =VLOOKUP(E50,'[2]Listas Desplegables'!$H$3:$J$7,3,FALSE) -> #N/A | C50: 45 | D50: TS70-BUTURAMA-47MVA | E50: Buturama | F50: 115 | G50: 34.5 | H50: 47 | I50: YNyn0 | J50: 14.3663 | K50: 14.3663 | L50: 7 | M50: 15 | N50: 1 | O50: 1.25 | P50: 1.15 | Q50: 30 | R50: Sí | T50: STR | U50: 189.36 | V50: 7.4850926 | W50: 22.455278 | X50: 3
A51: =VLOOKUP(E51,'[2]Listas Desplegables'!$H$3:$J$7,2,FALSE) -> #N/A | B51: =VLOOKUP(E51,'[2]Listas Desplegables'!$H$3:$J$7,3,FALSE) -> #N/A | C51: 46 | D51: TS72-GRAMALOTE-6MVA | E51: Gramalote | F51: 34.5 | G51: 13.8 | H51: 6 | I51: Dyn11 | J51: 7.2 | K51: 7.2 | L51: 3 | M51: 5 | N51: 1 | O51: 2.5 | R51: Sí | T51: SDL | U51: 33.74 | V51: 10.361111 | W51: 10.361111 | X51: 1
A52: =VLOOKUP(E52,'[2]Listas Desplegables'!$H$3:$J$7,2,FALSE) -> #N/A | B52: =VLOOKUP(E52,'[2]Listas Desplegables'!$H$3:$J$7,3,FALSE) -> #N/A | C52: 47 | D52: TS83-ECOPETROL-40MVA | E52: Tibú | F52: 115 | G52: 34.5 | H52: 40 | I52: YNyn0 | J52: 17.03 | K52: 17.03 | L52: 7 | M52: 15 | N52: 1 | O52: 1.25 | R52: Sí | T52: STR | U52: 120 | Y52: ACTIVO PARTICULAR PROPIEDAD DE ECOPETROL
C53: 48 | D53: TS_CANO_INDIO-5MVA | E53: Caño Indio | F53: 34.5 | G53: 13.8 | H53: 0.16 | I53: Dyn5 | J53: 5 | K53: 5 | L53: 0 | M53: 2 | N53: -2 | O53: 2.5 | R53: Sí | T53: SDL | U53: 4.84 | V53: 0.48333333 | W53: 0.96666667 | X53: 2
C54: 49 | D54: DON JUANA_115/34.5 kV | E54: DON JUANA | F54: 115 | G54: 34.5 | H54: 25 | I54: YNyn0 | J54: 8.52 | K54: 8.52 | L54: 5 | M54: 15 | N54: 1 | O54: 1.25 | R54: No | S54: 47483 | T54: STR | U54: 68.5 | Y54: Transformador asociado a la nueva subestación Don Juana
C55: 50 | D55: DON JUANA_115/13.8 kV | E55: DON JUANA | F55: 115 | G55: 13.8 | H55: 6 | I55: Dyn11 | J55: 7.2 | K55: 7.2 | L55: 3 | M55: 5 | N55: 1 | O55: 2.5 | R55: No | S55: 47483 | T55: STR | U55: 36 | Y55: Transformador asociado a la nueva subestación Don Juana
C56: 51 | D56: TONCHALÁ 115/34.5 kV | E56: TONCHALÁ | F56: 115 | G56: 34.5 | H56: 47 | I56: YNyn0 | J56: 11.99 | K56: 11.99 | L56: 7 | M56: 15 | N56: 1 | O56: 1.25 | R56: No | S56: 46752 | T56: STR | U56: 117.5 | Y56: Transformador asociado a la nueva subestación Tonchalá
C57: 52 | D57: TONCHALÁ 115/13.8 kV | E57: TONCHALÁ | F57: 115 | G57: 13.8 | H57: 25 | I57: YNyn0 | J57: 11.1 | K57: 11.1 | L57: 6 | M57: 11 | N57: 1 | O57: 1 | R57: No | S57: 46752 | T57: STR | U57: 12.32 | Y57: Transformador asociado a la nueva subestación Tonchalá
C58: 53 | D58: TR S/E - ALTO DEL POZO | E58: Alto del Pozo | F58: 34.5 | G58: 13.8 | H58: 3 | I58: Dyn11 | J58: 6.03 | K58: 6.03 | L58: 3 | M58: 5 | N58: 1 | O58: 2.5 | R58: No | S58: 46387 | T58: SDL | U58: 26.9031 | Y58: Transformador asociado a la nueva subestación Alto del Pozo
C59: 54 | D59: TR S/E - LA PLAYA | E59: La Playa | F59: 34.5 | G59: 13.8 | H59: 5 | I59: Dyn11 | J59: 5.82 | K59: 5.82 | L59: 3 | M59: 5 | N59: 1 | O59: 2.5 | R59: No | S59: 46387 | T59: SDL | U59: 16.5 | Y59: Transformador asociado a la nueva subestación La Playa
C60: 55 | D60: TS52-SAN_ROQUE-12.5MVA | E60: San Roque | F60: 34.5 | G60: 13.8 | H60: 12.5 | I60: Dyn11 | J60: 7.45 | K60: 7.45 | L60: 3 | M60: 5 | N60: 1 | O60: 2.5 | R60: Sí | S60: 45291 | T60: SDL | U60: 53.5 | Y60: Transformador asociado a la nueva subestación San Roque
C61: 56 | D61: TS51-SEVILLA-47MVA | E61: Sevilla | F61: 115 | G61: 34.5 | H61: 47 | I61: YNyn0 | J61: 14.3663 | K61: 14.3663 | L61: 7 | M61: 15 | N61: 1 | O61: 1.25 | R61: Sí | T61: STR | U61: 189.36 | Y61: Nuevo transformador en la subestación existente 115 kV para tener nivel de transformación 34.5 kV para enlazar a futuro
C62: 57 | D62: TS-53_PLANTA_ZULIA-25MVA | E62: Planta Zulia | F62: 115 | G62: 34.5 | H62: 25 | I62: YNyn0 | J62: 11.4625 | K62: 11.4625 | L62: 3 | M62: 5 | N62: 1 | O62: 1.25 | R62: Sí | S62: 45291 | T62: STR | U62: 61.5 | Y62: Nuevo transformador en la subestación existente 115 kV para tener nivel de transformación 34.5 kV para enlazar a futuro con la subestación San Roque 34.5 kV
C63: 58 | D63: TS33-AGUACHICA-18MVA | E63: Aguachica | F63: 34.5 | G63: 13.8 | H63: 18 | I63: Dyn11 | J63: 9.804 | K63: 9.804 | L63: 3 | M63: 5 | N63: 1 | O63: 2.5 | R63: Sí | S63: 45291 | T63: SDL | U63: 68.6
C64: 59 | D64: TS_NUEVO-CONVENCION_115/34.5 kV | E64: Convencion | F64: 115 | G64: 34.5 | H64: 25 | I64: YNyn0 | J64: 8.52 | K64: 8.52 | L64: 5 | M64: 15 | N64: 1 | O64: 1.25 | R64: No | S64: 46752 | T64: STR | U64: 68.5 | Y64: Reposición del transformador existente TS25-CONVENCION-10MVA
C65: 60 | D65: TS_NUEVO_EL_ZULIA_34.5/13.8 kV | E65: El Zulia | F65: 34.5 | G65: 13.8 | H65: 6 | I65: Dyn11 | J65: 7.2 | K65: 7.2 | L65: 3 | M65: 5 | N65: 1 | O65: 2.5 | R65: No | S65: 46752 | T65: SDL | U65: 33.74 | Y65: Reposición del transformador existente TS44-EL_ZULIA-3.5MVA
C66: 61 | D66: TS_NUEVO_ESCOBAL_34.5/13.8 kV | E66: Escobal | F66: 34.5 | G66: 13.8 | H66: 25 | I66: Dyn11 | J66: 5.75 | K66: 5.75 | L66: 3 | M66: 5 | N66: 1 | O66: 2.5 | R66: No | S66: 45657 | T66: SDL | U66: 90 | Y66: Reposición del transformador existente TS17-ESCOBAL-12.5MVA
C67: 62 | D67: TS_NUEVO_LA_GABARRA_34.5/13.8 kV | E67: La Gabarra | F67: 34.5 | G67: 13.8 | H67: 5 | I67: Dyn11 | J67: 5.82 | K67: 5.82 | L67: 3 | M67: 5 | N67: 1 | O67: 2.5 | R67: No | S67: 45657 | T67: SDL | U67: 16.5 | Y67: Reposición del transformador existente TS49-LA_GABARA-2MVA
C68: 63 | D68: TS_NUEVO_OCAÑA_115/34.5 kV | E68: Ocaña | F68: 115 | G68: 34.5 | H68: 25 | I68: YNyn0 | J68: 8.52 | K68: 8.52 | L68: 5 | M68: 15 | N68: 1 | O68: 1.25 | R68: No | S68: 46022 | T68: STR | U68: 68.5 | Y68: Reposición del transformador existente TS28-OCAÑA-8MVA
C69: 64 | D69: TS21-PALERMO-12.5MVA | E69: Palermo | F69: 34.5 | G69: 13.8 | H69: 12.5 | I69: Dyn11 | J69: 7.47 | K69: 7.47 | L69: 3 | M69: 5 | N69: 1 | O69: 2.5 | R69: Sí | S69: 45291 | T69: SDL | U69: 53.5
C70: 65 | D70: TS66-SAN_ANTONIO-0.5MVA | E70: San Antonio | F70: 34.5 | G70: 13.8 | H70: 0.5 | I70: Dyn5 | J70: 6.6 | K70: 6.6 | L70: 3 | M70: 5 | N70: 1 | O70: 2.5 | R70: Sí | S70: 45291 | T70: SDL | U70: 6.37 | Y70: Reposición del transformador existente TS66-SAN_ANTONIO-0.25MVA
C71: 66 | D71: TS41-SAN_PABLO-5MVA | E71: San Pablo | F71: 34.5 | G71: 13.8 | H71: 5 | I71: Dyn11 | J71: 5.82 | K71: 5.82 | L71: 3 | M71: 5 | N71: 1 | O71: 2.5 | R71: Sí | S71: 45291 | T71: SDL | U71: 16.5 | Y71: Reposición del transformador existente TS41-SAN_PABLO-1.5MVA
C72: 67 | D72: TS_NUEVO_SARDINATA_34.5/13.8 kV | E72: Sardinata | F72: 34.5 | G72: 13.8 | H72: 12.5 | I72: Dyn11 | J72: 7.47 | K72: 7.47 | L72: 3 | M72: 5 | N72: 1 | O72: 2.5 | R72: No | S72: 45657 | T72: SDL | U72: 53.5 | Y72: Reposición del transformador existente TS38-SARDINATA-4MVA
C73: 68 | D73: TS51_NUEVO-SEVILLA-47MVA | E73: Sevilla | F73: 115 | G73: 13.8 | H73: 47 | I73: YNyn0 | J73: 15.09 | K73: 15.09 | L73: 9 | M73: 33 | N73: 1 | O73: 0.62 | R73: No | S73: 46387 | T73: STR | U73: 250 | Y73: Reposición del transformador existente TS12-SEVILLA-20MVA
C74: 69 | D74: TS_NUEVO_TIBU_115/34.5 kV | E74: Tibú | F74: 115 | G74: 34.5 | H74: 25 | I74: YNyn0 | J74: 8.52 | K74: 8.52 | L74: 5 | M74: 15 | N74: 1 | O74: 1.25 | R74: No | S74: 46022 | T74: STR | U74: 68.5 | Y74: Reposición del transformador existente TS24-TIBU-12MVA
C75: 70 | D75: TS_NUEVO_TIBU_115/13.8 kV | E75: Tibú | F75: 115 | G75: 13.8 | H75: 11 | I75: YNyn0 | J75: 11.1 | K75: 11.1 | L75: 6 | M75: 11 | N75: 1 | O75: 1 | R75: No | S75: 45657 | T75: STR | U75: 69.2096 | Y75: Nuevo transformador en Paralelo al transformador existente TS24-TIBU-12MVA
C76: 71 | D76: TS_NUEVO_INSULA_115/34.5 kV | E76: Ínsula | F76: 115 | G76: 34.5 | H76: 40 | I76: YNyn0 | J76: 11.99 | K76: 11.99 | L76: 7 | M76: 15 | N76: 1 | O76: 1.25 | R76: No | S76: 46752 | T76: STR | U76: 117.5 | Y76: Nuevo transformador en Paralelo para ampliar capacidad de transformación de la subestación, se reserva espacio en la subestación y se encuentra en estudio la redistribución de cargas.
C77: 72 | D77: TS_NUEVO_INSULA_115/13.8 kV | E77: Ínsula | F77: 115 | G77: 13.8 | H77: 25 | I77: YNyn0 | J77: 9.475 | K77: 9.475 | L77: 7 | M77: 15 | N77: 1 | O77: 1 | R77: No | S77: 46752 | T77: STR | U77: 62.2727 | Y77: Nuevo transformador en Paralelo para ampliar capacidad de transformación de la subestación, se reserva espacio en la subestación y se encuentra en estudio la redistribución de cargas.
C78: 73 | D78: TS_NUEVO_BUTURAMA_115/34.5 kV | E78: Buturama | F78: 115 | G78: 34.5 | H78: 40 | I78: YNyn0 | J78: 11.99 | K78: 11.99 | L78: 7 | M78: 15 | N78: 1 | O78: 1.25 | R78: No | S78: 47848 | T78: STR | U78: 117.5 | Y78: Nuevo transformador en Paralelo para ampliar capacidad de transformación de la subestación, se reserva espacio en la subestación y se encuentra en estudio la redistribución de cargas.
C79: 74 | D79: TS_NUEVO_BUTURAMA_115/13.8 kV | E79: Buturama | F79: 115 | G79: 13.8 | H79: 25 | I79: YNyn0 | J79: 9.475 | K79: 9.475 | L79: 7 | M79: 15 | N79: 1 | O79: 1 | R79: No | S79: 47848 | T79: STR | U79: 62.2727 | Y79: Nuevo transformador en Paralelo para ampliar capacidad de transformación de la subestación, se reserva espacio en la subestación y se encuentra en estudio la redistribución de cargas.
C80: 75 | D80: TS_NUEVO_MORALES-6MVA | E80: Morales | F80: 34.5 | G80: 13.8 | H80: 6 | I80: Dyn11 | J80: 7.2 | K80: 7.2 | L80: 3 | M80: 5 | N80: 1 | O80: 2.5 | R80: No | S80: 48213 | T80: SDL | U80: 36 | Y80: Nuevo transformador en la subestación en identificación por parte del transportador Morales 34.5 kV
C81: 76 | D81: TS_NUEVO_EL_MOLINO-25 MVA | E81: El Molino | F81: 34.5 | G81: 13.8 | H81: 25 | I81: Dyn11 | J81: 5.75 | K81: 5.75 | L81: 3 | M81: 5 | N81: 1 | O81: 2.5 | R81: No | S81: 48213 | T81: SDL | U81: 90 | Y81: Nuevo transformador en la subestación en identificación por parte del transportador El Molino 34.5 kV
... C95: 90 | D95: TS_NUEVO_NORTE-3 MVA | E95: Norte | F95: 34.5 | G95: 13.8 | H95: 3 | I95: Dyn11 | J95: 6.03 | K95: 6.03 | L95: 3 | M95: 5 | N95: 1 | O95: 2.5 | R95: No | S95: 48213 | T95: SDL | U95: 26.9031 | Y95: Nuevo transformador en la subestación en identificación por parte del transportador Norte 34.5 kV
C96: 91
C97: 92
C98: 93

Sheet 4. Subestaciones
C3: Información General de Subestaciones
C4: No. | D4: ='Manual de Uso'!C104 -> Nombre | E4: ='Manual de Uso'!C105 -> Agente Administrador | F4: ='Manual de Uso'!C106 -> Nivel de tensión [kV] | G4: ='Manual de Uso'!C107 -> Capacidad de interrupción [kA] | H4: ='Manual de Uso'!C108 -> Configuración | I4: ='Manual de Uso'!C109 -> Tipo | J4: ='Manual de Uso'!C110 -> En Operación | K4: ='Manual de Uso'!C111 -> FPO | L4: ='Manual de Uso'!C112 -> Departamento | M4: ='Manual de Uso'!C113 -> Municipio | N4: ='Manual de Uso'!C114 -> Observaciones transportador
A6: =VLOOKUP(E6,'[2]Listas Desplegables'!$H$3:$J$7,2,FALSE) -> #N/A | B6: =VLOOKUP(E6,'[2]Listas Desplegables'!$H$3:$J$7,3,FALSE) -> #N/A | C6: 1 | D6: SUBESTACIÓN BELEN | E6: INTERCOLOMBIA | F6: 230 | G6: 30 | H6: Anillo | I6: Convencional | J6: Sí | L6: Norte de Santander | M6: Cúcuta
C7: 2 | D7: SUBESTACIÓN BELEN | E7: CENS | F7: 115 | G7: 31.5 | H7: Anillo | I7: Convencional | J7: Sí | L7: Norte de Santander | M7: Cúcuta
C8: 3 | D8: SUBESTACIÓN BELEN | E8: CENS | F8: 34.5 | G8: 25 | H8: Barra sencilla | I8: Convencional | J8: Sí | L8: Norte de Santander | M8: Cúcuta
A9: =VLOOKUP(E9,'[2]Listas Desplegables'!$H$3:$J$7,2,FALSE) -> #N/A | B9: =VLOOKUP(E9,'[2]Listas Desplegables'!$H$3:$J$7,3,FALSE) -> #N/A | C9: 4 | D9: SUBESTACIÓN SAN MATEO | E9: INTERCOLOMBIA | F9: 230 | G9: 40 | H9: Barra Principal y Barra de Transferencia | I9: Convencional | J9: Sí | L9: Norte de Santander | M9: Cúcuta | N9: INFORMACION DE OTRO OPERADOR
C10: 5 | D10: SUBESTACIÓN SAN MATEO | E10: CENS | F10: 115 | G10: 31.5 | H10: Barra Principal y Barra de Transferencia | I10: Convencional | J10: Sí | L10: Norte de Santander | M10: Cúcuta
C11: 6 | D11: SUBESTACIÓN SAN MATEO | E11: CENS | F11: 34.5 | G11: 25 | H11: Barra sencilla | I11: Convencional | J11: Sí | L11: Norte de Santander | M11: Cúcuta
A12: =VLOOKUP(E12,'[2]Listas Desplegables'!$H$3:$J$7,2,FALSE) -> #N/A | B12: =VLOOKUP(E12,'[2]Listas Desplegables'!$H$3:$J$7,3,FALSE) -> #N/A | C12: 7 | D12: SUBESTACIÓN SEVILLA | E12: CENS | F12: 115 | G12: 31.5 | H12: Barra sencilla | I12: Convencional | J12: Sí | L12: Norte de Santander | M12: Cúcuta
A13: =VLOOKUP(E13,'[2]Listas Desplegables'!$H$3:$J$7,2,FALSE) -> #N/A | B13: =VLOOKUP(E13,'[2]Listas Desplegables'!$H$3:$J$7,3,FALSE) -> #N/A | C13: 8 | D13: SUBESTACIÓN PALERMO | E13: CENS | F13: 34.5 | G13: 25 | H13: Barra sencilla | I13: Convencional | J13: Sí | L13: Norte de Santander | M13: Chinácota
A14: =VLOOKUP(E14,'[2]Listas Desplegables'!$H$3:$J$7,2,FALSE) -> #N/A | B14: =VLOOKUP(E14,'[2]Listas Desplegables'!$H$3:$J$7,3,FALSE) -> #N/A | C14: 9 | D14: SUBESTACIÓN PAMPLONA | E14: CENS | F14: 34.5 | G14: 31.5 | H14: Barra sencilla | I14: Convencional | J14: Sí | L14: Norte de Santander | M14: Pamplona
A15: =VLOOKUP(E15,'[2]Listas Desplegables'!$H$3:$J$7,2,FALSE) -> #N/A | B15: =VLOOKUP(E15,'[2]Listas Desplegables'!$H$3:$J$7,3,FALSE) -> #N/A | C15: 10 | D15: SUBESTACIÓN PLANTA ZULIA | E15: CENS | F15: 115 | G15: 31.5 | H15: Barra sencilla | I15: Convencional | J15: Sí | L15: Norte de Santander | M15: Cúcuta
A16: =VLOOKUP(E16,'[2]Listas Desplegables'!$H$3:$J$7,2,FALSE) -> #N/A | B16: =VLOOKUP(E16,'[2]Listas Desplegables'!$H$3:$J$7,3,FALSE) -> #N/A | C16: 11 | D16: SUBESTACIÓN PLANTA TIBU | E16: CENS | F16: 115 | G16: 40 | H16: Barra sencilla | I16: Convencional | J16: Sí | L16: Norte de Santander | M16: Tibú
C17: 12 | D17: SUBESTACIÓN PLANTA TIBU | E17: CENS | F17: 34.5 | G17: 25 | H17: Barra sencilla | I17: Convencional | J17: Sí | L17: Norte de Santander | M17: Tibú
A18: =VLOOKUP(E18,'[2]Listas Desplegables'!$H$3:$J$7,2,FALSE) -> #N/A | B18: =VLOOKUP(E18,'[2]Listas Desplegables'!$H$3:$J$7,3,FALSE) -> #N/A | C18: 13 | D18: SUBESTACIÓN CONVENCION | E18: CENS | F18: 115 | G18: 15 | H18: Barra sencilla | I18: Convencional | J18: Sí | L18: Norte de Santander | M18: Convención
C19: 14 | D19: SUBESTACIÓN CONVENCION | E19: CENS | F19: 34.5 | G19: 25 | H19: Barra sencilla | I19: Convencional | J19: Sí | L19: Norte de Santander | M19: Convención
A20: =VLOOKUP(E20,'[2]Listas Desplegables'!$H$3:$J$7,2,FALSE) -> #N/A | B20: =VLOOKUP(E20,'[2]Listas Desplegables'!$H$3:$J$7,3,FALSE) -> #N/A | C20: 15 | D20: SUBESTACIÓN OCAÑA | E20: INTERCOLOMBIA | F20: 230 | G20: 31.5 | H20: Barra Principal y Barra de Transferencia | I20: Convencional | J20: Sí | L20: Norte de Santander | M20: Ocaña | N20: INFORMACION DE OTRO OPERADOR
C21: 16 | D21: SUBESTACIÓN OCAÑA | E21: CENS | F21: 115 | G21: 31.5 | H21: Barra Principal y Barra de Transferencia | I21: Convencional | J21: Sí | L21: Norte de Santander | M21: Ocaña
C22: 17 | D22: SUBESTACIÓN OCAÑA | E22: CENS | F22: 34.5 | G22: 25 | H22: Barra sencilla | I22: Convencional | J22: Sí | L22: Norte de Santander | M22: Ocaña
A23: =VLOOKUP(E23,'[2]Listas Desplegables'!$H$3:$J$7,2,FALSE) -> #N/A | B23: =VLOOKUP(E23,'[2]Listas Desplegables'!$H$3:$J$7,3,FALSE) -> #N/A | C23: 18 | D23: SUBESTACIÓN AGUACHICA | E23: CENS | F23: 115 | G23: 31.5 | H23: Barra sencilla | I23: Convencional | J23: Sí | L23: Cesar | M23: Aguachica
C24: 19 | D24: SUBESTACIÓN AGUACHICA | E24: CENS | F24: 34.5 | G24: 25 | H24: Barra sencilla | I24: Convencional | J24: Sí | L24: Cesar | M24: Aguachica
A25: =VLOOKUP(E25,'[2]Listas Desplegables'!$H$3:$J$7,2,FALSE) -> #N/A | B25: =VLOOKUP(E25,'[2]Listas Desplegables'!$H$3:$J$7,3,FALSE) -> #N/A | C25: 20 | D25: SUBESTACIÓN AYACUCHO | E25: CENS | F25: 115 | G25: 31.5 | H25: Barra sencilla | I25: Convencional | J25: Sí | L25: Cesar | M25: La Gloria
C26: 21 | D26: SUBESTACIÓN AYACUCHO | E26: CENS | F26: 34.5 | G26: 25 | H26: Barra sencilla | I26: Convencional | J26: Sí | L26: Cesar | M26: La Gloria
A27: =VLOOKUP(E27,'[2]Listas Desplegables'!$H$3:$J$7,2,FALSE) -> #N/A | B27: =VLOOKUP(E27,'[2]Listas Desplegables'!$H$3:$J$7,3,FALSE) -> #N/A | C27: 22 | D27: SUBESTACIÓN SAMORE | E27: INTERCOLOMBIA | F27: 230 | G27: 31.5 | H27: Barra Principal y Barra de Transferencia | I27: Convencional | J27: Sí | L27: Norte de Santander | M27: Toledo | N27: INFORMACION DE OTRO OPERADOR
A28: =VLOOKUP(E28,'[2]Listas Desplegables'!$H$3:$J$7,2,FALSE) -> #N/A | B28: =VLOOKUP(E28,'[2]Listas Desplegables'!$H$3:$J$7,3,FALSE) -> #N/A | C28: 23 | D28: SUBESTACIÓN TOLEDO | E28: INTERCOLOMBIA | F28: 230 | G28: 31.5 | H28: Barra sencilla | I28: Convencional | J28: Sí | L28: Norte de Santander | M28: Toledo | N28: INFORMACION DE OTRO OPERADOR
C29: 24 | D29: SUBESTACIÓN TOLEDO | E29: CENS | F29: 34.5 | H29: Barra sencilla | I29: Convencional | J29: Sí | L29: Norte de Santander | M29: Toledo | N29: INFORMACION DE OTRO OPERADOR
A30: =VLOOKUP(E30,'[2]Listas Desplegables'!$H$3:$J$7,2,FALSE) -> #N/A | B30: =VLOOKUP(E30,'[2]Listas Desplegables'!$H$3:$J$7,3,FALSE) -> #N/A | C30: 25 | D30: SUBESTACIÓN PATIOS | E30: CENS | F30: 34.5 | G30: 12.5 | H30: Barra sencilla | I30: Convencional | J30: Sí | L30: Norte de Santander | M30: Los Patios
A31: =VLOOKUP(E31,'[2]Listas Desplegables'!$H$3:$J$7,2,FALSE) -> #N/A | B31: =VLOOKUP(E31,'[2]Listas Desplegables'!$H$3:$J$7,3,FALSE) -> #N/A | C31: 26 | D31: SUBESTACIÓN CORNEJO | E31: CENS | F31: 34.5 | G31: 12.5 | H31: Barra sencilla | I31: Convencional | J31: Sí | L31: Norte de Santander | M31: El Zulia
A32: =VLOOKUP(E32,'[2]Listas Desplegables'!$H$3:$J$7,2,FALSE) -> #N/A | B32: =VLOOKUP(E32,'[2]Listas Desplegables'!$H$3:$J$7,3,FALSE) -> #N/A | C32: 27 | D32: SUBESTACIÓN CULEBRA | E32: CENS | F32: 34.5 | G32: 16 | H32: Barra sencilla | I32: Convencional | J32: Sí | L32: Norte de Santander | M32: El Zulia
A33: =VLOOKUP(E33,'[2]Listas Desplegables'!$H$3:$J$7,2,FALSE) -> #N/A | B33: =VLOOKUP(E33,'[2]Listas Desplegables'!$H$3:$J$7,3,FALSE) -> #N/A | C33: 28 | D33: SUBESTACIÓN SALAZAR | E33: CENS | F33: 34.5 | G33: 16 | H33: Barra sencilla | I33: Convencional | J33: Sí | L33: Norte de Santander | M33: Salazar
A34: =VLOOKUP(#REF!,'[2]Listas Desplegables'!$H$3:$J$7,2,FALSE) -> #REF! | B34: =VLOOKUP(#REF!,'[2]Listas Desplegables'!$H$3:$J$7,3,FALSE) -> #REF! | C34: 29 | D34: SUBESTACIÓN SARDINATA | E34: CENS | F34: 34.5 | G34: 25 | H34: Barra sencilla | I34: Convencional | J34: Sí | L34: Norte de Santander | M34: Sardinata
A35: =VLOOKUP(E34,'[2]Listas Desplegables'!$H$3:$J$7,2,FALSE) -> #N/A | B35: =VLOOKUP(E34,'[2]Listas Desplegables'!$H$3:$J$7,3,FALSE) -> #N/A | C35: 30 | D35: SUBESTACIÓN EL TARRA | E35: CENS | F35: 34.5 | G35: 16 | H35: Barra sencilla | I35: Convencional | J35: Sí | L35: Norte de Santander | M35: El Tarra
A36: =VLOOKUP(E35,'[2]Listas Desplegables'!$H$3:$J$7,2,FALSE) -> #N/A | B36: =VLOOKUP(E35,'[2]Listas Desplegables'!$H$3:$J$7,3,FALSE) -> #N/A | C36: 31 | D36: SUBESTACIÓN LA GABARRA | E36: CENS | F36: 34.5 | G36: 12.5 | H36: Barra sencilla | I36: Convencional | J36: Sí | L36: Norte de Santander | M36: Tibú
A37: =VLOOKUP(E36,'[2]Listas Desplegables'!$H$3:$J$7,2,FALSE) -> #N/A | B37: =VLOOKUP(E36,'[2]Listas Desplegables'!$H$3:$J$7,3,FALSE) -> #N/A | C37: 32 | D37: SUBESTACIÓN SAN PABLO | E37: CENS | F37: 34.5 | G37: 16 | H37: Barra sencilla | I37: Convencional | J37: Sí | L37: Norte de Santander | M37: Teorama
A38: =VLOOKUP(E37,'[2]Listas Desplegables'!$H$3:$J$7,2,FALSE) -> #N/A | B38: =VLOOKUP(E37,'[2]Listas Desplegables'!$H$3:$J$7,3,FALSE) -> #N/A | C38: 33 | D38: SUBESTACIÓN ORU | E38: CENS | F38: 34.5 | G38: 12.5 | H38: Barra sencilla | I38: Convencional | J38: Sí | L38: Norte de Santander | M38: El Tarra
A39: =VLOOKUP(E38,'[2]Listas Desplegables'!$H$3:$J$7,2,FALSE) -> #N/A | B39: =VLOOKUP(E38,'[2]Listas Desplegables'!$H$3:$J$7,3,FALSE) -> #N/A | C39: 34 | D39: SUBESTACIÓN PELAYA | E39: CENS | F39: 34.5 | G39: 12.5 | H39: Barra sencilla | I39: Convencional | J39: Sí | L39: Cesar | M39: Pelaya
A40: =VLOOKUP(E39,'[2]Listas Desplegables'!$H$3:$J$7,2,FALSE) -> #N/A | B40: =VLOOKUP(E39,'[2]Listas Desplegables'!$H$3:$J$7,3,FALSE) -> #N/A | C40: 35 | D40: SUBESTACIÓN EL ZULIA | E40: CENS | F40: 34.5 | G40: 16 | H40: Barra sencilla | I40: Convencional | J40: Sí | L40: Norte de Santander | M40: El Zulia
A41: =VLOOKUP(E40,'[2]Listas Desplegables'!$H$3:$J$7,2,FALSE) -> #N/A | B41: =VLOOKUP(E40,'[2]Listas Desplegables'!$H$3:$J$7,3,FALSE) -> #N/A | C41: 36 | D41: SUBESTACIÓN ABREGO | E41: CENS | F41: 34.5 | G41: 12.5 | H41: Barra sencilla | I41: Convencional | J41: Sí | L41: Norte de Santander | M41: Abrego
A42: =VLOOKUP(E41,'[2]Listas Desplegables'!$H$3:$J$7,2,FALSE) -> #N/A | B42: =VLOOKUP(E41,'[2]Listas Desplegables'!$H$3:$J$7,3,FALSE) -> #N/A | C42: 37 | D42: SUBESTACIÓN CACHIRA | E42: CENS | F42: 34.5 | G42: 16 | H42: Barra sencilla | I42: Convencional | J42: Sí | L42: Norte de Santander | M42: Cáchira
A43: =VLOOKUP(E42,'[2]Listas Desplegables'!$H$3:$J$7,2,FALSE) -> #N/A | B43: =VLOOKUP(E42,'[2]Listas Desplegables'!$H$3:$J$7,3,FALSE) -> #N/A | C43: 38 | D43: SUBESTACIÓN LA MATA | E43: CENS | F43: 34.5 | G43: 16 | H43: Barra sencilla | I43: Convencional | J43: Sí | L43: Cesar | M43: Aguachica
A44: =VLOOKUP(E43,'[2]Listas Desplegables'!$H$3:$J$7,2,FALSE) -> #N/A | B44: =VLOOKUP(E43,'[2]Listas Desplegables'!$H$3:$J$7,3,FALSE) -> #N/A | C44: 39 | D44: SUBESTACIÓN MONTESITOS | E44: CENS | F44: 34.5 | H44: Barra sencilla | I44: Convencional | J44: Sí | L44: Cesar | M44: Aguachica | N44: NO SE TIENE EQUIPO
A45: =VLOOKUP(E44,'[2]Listas Desplegables'!$H$3:$J$7,2,FALSE) -> #N/A | B45: =VLOOKUP(E44,'[2]Listas Desplegables'!$H$3:$J$7,3,FALSE) -> #N/A | C45: 40 | D45: SUBESTACIÓN LA MIEL | E45: CENS | F45: 34.5 | G45: 31.5 | H45: Barra sencilla | I45: Convencional | J45: Sí | L45: Norte de Santander | M45: Cáchira
A46: =VLOOKUP(E45,'[2]Listas Desplegables'!$H$3:$J$7,2,FALSE) -> #N/A | B46: =VLOOKUP(E45,'[2]Listas Desplegables'!$H$3:$J$7,3,FALSE) -> #N/A | C46: 41 | D46: SUBESTACIÓN LOS MANGOS | E46: CENS | F46: 34.5 | G46: 12.5 | H46: Barra sencilla | I46: Convencional | J46: Sí | L46: Norte de Santander | M46: Cáchira
A47: =VLOOKUP(E46,'[2]Listas Desplegables'!$H$3:$J$7,2,FALSE) -> #N/A | B47: =VLOOKUP(E46,'[2]Listas Desplegables'!$H$3:$J$7,3,FALSE) -> #N/A | C47: 42 | D47: SUBESTACIÓN SAN ANTONIO | E47: CENS | F47: 34.5 | G47: 16 | H47: Barra sencilla | I47: Convencional | J47: Sí | L47: Norte de Santander | M47: Cáchira
A48: =VLOOKUP(E47,'[2]Listas Desplegables'!$H$3:$J$7,2,FALSE) -> #N/A | B48: =VLOOKUP(E47,'[2]Listas Desplegables'!$H$3:$J$7,3,FALSE) -> #N/A | C48: 43 | D48: SUBESTACIÓN LOS ALPES | E48: CENS | F48: 34.5 | H48: Barra sencilla | I48: Convencional | J48: Sí | L48: Norte de Santander | M48: Cáchira | N48: NO SE TIENE EQUIPO
A49: =VLOOKUP(E48,'[2]Listas Desplegables'!$H$3:$J$7,2,FALSE) -> #N/A | B49: =VLOOKUP(E48,'[2]Listas Desplegables'!$H$3:$J$7,3,FALSE) -> #N/A | C49: 44 | D49: SUBESTACIÓN INSULA | E49: CENS | F49: 115 | G49: 31.5 | H49: Barra sencilla | I49: Convencional | J49: Sí | L49: Norte de Santander | M49: Cúcuta
C50: 45 | D50: SUBESTACIÓN INSULA | E50: CENS | F50: 34.5 | G50: 31.5 | H50: Barra sencilla | I50: Convencional | J50: Sí | L50: Norte de Santander | M50: Cúcuta
A51: =VLOOKUP(E49,'[2]Listas Desplegables'!$H$3:$J$7,2,FALSE) -> #N/A | B51: =VLOOKUP(E49,'[2]Listas Desplegables'!$H$3:$J$7,3,FALSE) -> #N/A | C51: 46 | D51: SUBESTACIÓN ESCOBAL | E51: CENS | F51: 34.5 | G51: 12.5 | H51: Barra sencilla | I51: Convencional | J51: Sí | L51: Norte de Santander | M51: Cúcuta
A52: =VLOOKUP(E51,'[2]Listas Desplegables'!$H$3:$J$7,2,FALSE) -> #N/A | B52: =VLOOKUP(E51,'[2]Listas Desplegables'!$H$3:$J$7,3,FALSE) -> #N/A | C52: 47 | D52: SUBESTACIÓN SAMAN | E52: CENS | F52: 34.5 | G52: 12.5 | H52: Barra sencilla | I52: Convencional | J52: Sí | L52: Norte de Santander | M52: Cúcuta
A53: =VLOOKUP(E52,'[2]Listas Desplegables'!$H$3:$J$7,2,FALSE) -> #N/A | B53: =VLOOKUP(E52,'[2]Listas Desplegables'!$H$3:$J$7,3,FALSE) -> #N/A | C53: 48 | D53: SUBESTACIÓN ATALAYA | E53: CENS | F53: 34.5 | G53: 25 | H53: Barra sencilla | I53: Convencional | J53: Sí | L53: Norte de Santander | M53: Cúcuta
A54: =VLOOKUP(E53,'[2]Listas Desplegables'!$H$3:$J$7,2,FALSE) -> #N/A | B54: =VLOOKUP(E53,'[2]Listas Desplegables'!$H$3:$J$7,3,FALSE) -> #N/A | C54: 49 | D54: SUBESTACIÓN BUTURAMA | E54: CENS | F54: 115 | G54: 31.5 | H54: Barra sencilla | I54: Convencional | J54: Sí | L54: Norte de Santander | M54: Aguachica
C55: 50 | D55: SUBESTACIÓN BUTURAMA | E55: CENS | F55: 34.5 | G55: 25 | H55: Barra sencilla | I55: Convencional | J55: Sí | L55: Norte de Santander | M55: Aguachica
A56: =VLOOKUP(E54,'[2]Listas Desplegables'!$H$3:$J$7,2,FALSE) -> #N/A | B56: =VLOOKUP(E54,'[2]Listas Desplegables'!$H$3:$J$7,3,FALSE) -> #N/A | C56: 51 | D56: SUBESTACIÓN NUEVA GRAMALOTE | E56: CENS | F56: 34.5 | G56: 25 | H56: Barra sencilla | I56: Convencional | J56: Sí | L56: Norte de Santander | M56: Gramalote
A57: =VLOOKUP(#REF!,'[2]Listas Desplegables'!$H$3:$J$7,2,FALSE) -> #REF! | B57: =VLOOKUP(#REF!,'[2]Listas Desplegables'!$H$3:$J$7,3,FALSE) -> #REF! | C57: 52 | D57: SUBESTACIÓN GAMARRA | E57: CENS | F57: 34.5 | G57: 25 | H57: Barra sencilla | I57: Convencional | J57: Sí | L57: Cesar | M57: Gamarra
A58: =VLOOKUP(E56,'[2]Listas Desplegables'!$H$3:$J$7,2,FALSE) -> #N/A | B58: =VLOOKUP(E56,'[2]Listas Desplegables'!$H$3:$J$7,3,FALSE) -> #N/A | C58: 53 | D58: SUBESTACIÓN CAMPO DOS | E58: CENS | F58: 34.5 | G58: 25 | H58: Barra sencilla | I58: Convencional | J58: Sí | L58: Norte de Santander | M58: Tibú
A59: =VLOOKUP(E57,'[2]Listas Desplegables'!$H$3:$J$7,2,FALSE) -> #N/A | B59: =VLOOKUP(E57,'[2]Listas Desplegables'!$H$3:$J$7,3,FALSE) -> #N/A | C59: 54 | D59: SUBESTACIÓN GUADUAS | E59: CENS | F59: 34.5 | G59: 16 | H59: Barra sencilla | I59: Convencional | J59: Sí | L59: Norte de Santander | M59: San Cayetano
A60: =VLOOKUP(E58,'[2]Listas Desplegables'!$H$3:$J$7,2,FALSE) -> #N/A | B60: =VLOOKUP(E58,'[2]Listas Desplegables'!$H$3:$J$7,3,FALSE) -> #N/A | C60: 55 | D60: SUBESTACIÓN SAN ROQUE | E60: CENS | F60: 34.5 | G60: N/A | H60: Barra sencilla | I60: Convencional | J60: Sí | K60: 2023 | L60: Norte de Santander | M60: Sardinata | N60: Esta subestación se conectara al nuevo barraje previsto para la subestación Planta Zulia a partir del nuevo transformador 115/34.5 kV
A61: =VLOOKUP(E59,'[2]Listas Desplegables'!$H$3:$J$7,2,FALSE) -> #N/A | B61: =VLOOKUP(E59,'[2]Listas Desplegables'!$H$3:$J$7,3,FALSE) -> #N/A | C61: 56 | D61: SUBESTACIÓN ALTO DEL POZO | E61: CENS | F61: 34.5 | G61: N/A | H61: Barra sencilla | I61: Convencional | J61: No | K61: 2026 | L61: Norte de Santander | M61: Abrego | N61: Esta subestación se conectara mediante un nuevo circuito 34.5 kV a la subestación existente Abrego
A62: =VLOOKUP(E62,'[2]Listas Desplegables'!$H$3:$J$7,2,FALSE) -> #N/A | B62: =VLOOKUP(E62,'[2]Listas Desplegables'!$H$3:$J$7,3,FALSE) -> #N/A | C62: 57 | D62: SUBESTACIÓN LA PLAYA | E62: CENS | F62: 34.5 | G62: N/A | H62: Barra Sencilla | I62: Convencional | J62: No | K62: 2024 | L62: Norte de Santander | M62: Ocaña | N62: Esta subestación se conectara al barraje 34.5 kV de la subestación Ocaña la línea OCAÑA - LA PLAYA
A63: =VLOOKUP(E63,'[2]Listas Desplegables'!$H$3:$J$7,2,FALSE) -> #N/A | B63: =VLOOKUP(E63,'[2]Listas Desplegables'!$H$3:$J$7,3,FALSE) -> #N/A | C63: 58 | D63: SUBESTACIÓN DON JUANA 115 kV | E63: CENS | F63: 115 | G63: N/A | H63: Barra Sencilla | I63: Convencional | J63: No | K63: 2029 | L63: Norte de Santander | M63: Bochalema | N63: Esta subestación se conectara con un doble circuito a la nueva subestación Tonchalá con la línea TONCHALA - DON JUANA 1 y 2
C64: 59 | D64: SUBESTACIÓN DON JUANA 34.5 kV | E64: CENS | F64: 34.5 | G64: N/A | H64: Barra Sencilla | I64: Convencional | J64: No | K64: 2029 | L64: Norte de Santander | M64: Bochalema | N64: Esta subestación a partir del 2029 va a tomar las subestaciones Palermo y Patios por 34.5 kV seccionando la línea BEL35_2_PALERMO en la entrada al correguimiento de la Don Juana
A65: =VLOOKUP(E65,'[2]Listas Desplegables'!$H$3:$J$7,2,FALSE) -> #N/A | B65: =VLOOKUP(E65,'[2]Listas Desplegables'!$H$3:$J$7,3,FALSE) -> #N/A | C65: 60 | D65: SUBESTACIÓN TONCHALÁ 115 kV | E65: CENS | F65: 115 | G65: N/A | H65: Barra Sencilla | I65: Convencional | J65: No | K65: 2026 | L65: Norte de Santander | M65: Cúcuta | N65: Esta subestación se ubicara seccionando la línea INSIL60 en el km 18.38 sentido Insula - Belén
A66: =VLOOKUP(E66,'[2]Listas Desplegables'!$H$3:$J$7,2,FALSE) -> #N/A | B66: =VLOOKUP(E66,'[2]Listas Desplegables'!$H$3:$J$7,3,FALSE) -> #N/A | C66: 61 | D66: SUBESTACIÓN TONCHALÁ 34.5 kV | E66: CENS | F66: 34.5 | G66: N/A | H66: Barra Sencilla | I66: Convencional | J66: No | K66: 2026 | L66: Norte de Santander | M66: Cúcuta
A67: =VLOOKUP(E67,'[2]Listas Desplegables'!$H$3:$J$7,2,FALSE) -> #N/A | B67: =VLOOKUP(E67,'[2]Listas Desplegables'!$H$3:$J$7,3,FALSE) -> #N/A | C67: 62 | D67: SUBESTACIÓN SEVILLA 34.5 kV | E67: CENS | F67: 34.5 | G67: N/A | H67: Barra Sencilla | I67: Convencional | J67: Sí | K67: 2023 | L67: Norte de Santander | M67: Cúcuta | N67: Nuevo nivel de transformación en la subestación existente Sevilla
A68: =VLOOKUP(E68,'[2]Listas Desplegables'!$H$3:$J$7,2,FALSE) -> #N/A | B68: =VLOOKUP(E68,'[2]Listas Desplegables'!$H$3:$J$7,3,FALSE) -> #N/A | C68: 63 | D68: SUBESTACIÓN PLANTA ZULIA 34.5 kV | E68: CENS | F68: 34.5 | G68: N/A | H68: Barra Sencilla | I68: Convencional | J68: Sí | K68: 2023 | L68: Norte de Santander | M68: Cúcuta | N68: Nuevo nivel de transformación en la subestación existente Planta Zulia
C69: 64 | D69: SUBESTACIÓN MORALES | E69: CENS | F69: 34.5 | G69: N/A | H69: Barra Sencilla | I69: Convencional | J69: No | K69: 48213 | L69: Cesar | M69: Morales | N69: Subestación en identificación por parte del transportador, en analisis nueva demanda que asumira.
C70: 65 | D70: SUBESTACIÓN EL MOLINO | E70: CENS | F70: 34.5 | G70: N/A | H70: Barra Sencilla | I70: Convencional | J70: No | K70: 48213 | L70: Norte de Santander | M70: Ocaña | N70: Subestación en identificación por parte del transportador, en analisis nueva demanda que asumira.
C71: 66 | D71: SUBESTACIÓN SAN FAUSTINO | E71: CENS | F71: 34.5 | G71: N/A | H71: Barra Sencilla | I71: Convencional | J71: No | K71: 46752 | L71: Norte de Santander | M71: Cúcuta | N71: Subestación en identificación por parte del transportador, en analisis nueva demanda que asumira.
C72: 67 | D72: SUBESTACIÓN PUERTO SANTANDER | E72: CENS | F72: 34.5 | G72: N/A | H72: Barra Sencilla | I72: Convencional | J72: No | K72: 47483 | L72: Norte de Santander | M72: Cúcuta | N72: Subestación en identificación por parte del transportador, en analisis nueva demanda que asumira.
C73: 68 | D73: SUBESTACIÓN GUAMALITO | E73: CENS | F73: 34.5 | G73: N/A | H73: Barra Sencilla | I73: Convencional | J73: No | K73: 47483 | L73: Cesar | M73: La Esperanza | N73: Subestación en identificación por parte del transportador, en analisis nueva demanda que asumira.
C74: 69 | D74: SUBESTACIÓN TORCOROMA | E74: CENS | F74: 34.5 | G74: N/A | H74: Barra Sencilla | I74: Convencional | J74: No | K74: 47483 | L74: Norte de Santander | M74: Cúcuta | N74: Subestación en identificación por parte del transportador, en analisis nueva demanda que asumira.
C75: 70 | D75: SUBESTACIÓN PRADOS | E75: CENS | F75: 34.5 | G75: N/A | H75: Barra Sencilla | I75: Convencional | J75: No | K75: 48579 | L75: Norte de Santander | M75: Cúcuta | N75: Subestación en identificación por parte del transportador, en analisis nueva demanda que asumira.
C76: 71 | D76: SUBESTACIÓN CUCUTILLA | E76: CENS | F76: 34.5 | G76: N/A | H76: Barra Sencilla | I76: Convencional | J76: No | K76: 47483 | L76: Norte de Santander | M76: Cucutilla | N76: Subestación en identificación por parte del transportador, en analisis nueva demanda que asumira.
C77: 72 | D77: SUBESTACIÓN CHAPARRAL | E77: CENS | F77: 115 | G77: N/A | H77: Barra Sencilla | I77: Convencional | J77: No | K77: 47118 | L77: Norte de Santander | M77: Cúcuta | N77: Subestación en identificación por parte del transportador, en analisis nueva demanda que asumira.
C78: 73 | D78: SUBESTACIÓN SWITCHEO LA LEGIA | E78: CENS | F78: 34.5 | G78: N/A | H78: Barra Sencilla | I78: Convencional | J78: No | K78: 48944 | L78: Norte de Santander | M78: Pamplona | N78: Subestación en identificación por parte del transportadoren el sector la legía en Pamplona, Para interconectar la nueva subestación Chitaga con el circuito existente TOLPALERMO_1_PAMPLONA
C79: 74 | D79: SUBESTACIÓN CHITAGA | E79: CENS | F79: 34.5 | G79: N/A | H79: Barra Sencilla | I79: Convencional | J79: No | K79: 48944 | L79: Norte de Santander | M79: Chitagá | N79: Subestación en identificación por parte del transportador, en analisis nueva demanda que asumira.
C80: 75 | D80: SUBESTACIÓN CENTRO | E80: CENS | F80: 34.5 | G80: N/A | H80: Barra Sencilla | I80: Convencional | J80: No | K80: 2030 | L80: Norte de Santander | M80: Cúcuta | N80: Subestación en identificación por parte del transportador, en analisis nueva demanda que asumira.
A81: =VLOOKUP(E81,'[2]Listas Desplegables'!$H$3:$J$7,2,FALSE) -> #N/A | B81: =VLOOKUP(E81,'[2]Listas Desplegables'!$H$3:$J$7,3,FALSE) -> #N/A | C81: 76 | D81: SUBESTACIÓN CAMPO ALICIA | E81: CENS | F81: 34.5 | G81: N/A | H81: Barra Sencilla | I81: Convencional | J81: No | K81: 2034 | L81: Norte de Santander | M81: El Zulia | N81: Subestación en identificación por parte del transportador, en analisis nueva demanda que asumira.
A82: =VLOOKUP(E82,'[2]Listas Desplegables'!$H$3:$J$7,2,FALSE) -> #N/A | B82: =VLOOKUP(E82,'[2]Listas Desplegables'!$H$3:$J$7,3,FALSE) -> #N/A | C82: 77 | D82: SUBESTACIÓN ASTILLEROS | E82: CENS | F82: 34.5 | G82: N/A | H82: Barra Sencilla | I82: Convencional | J82: No | K82: 2030 | L82: Norte de Santander | M82: El Zulia | N82: Subestación en identificación por parte del transportador, en analisis nueva demanda que asumira.
C83: 78 | D83: SUBESTACIÓN CEDROS | E83: CENS | F83: 34.5 | G83: N/A | H83: Barra Sencilla | I83: Convencional | J83: No | K83: 2029 | L83: Cesar | M83: Aguachica | N83: Subestación en identificación por parte del transportador, en analisis nueva demanda que asumira.
C84: 79 | D84: SUBESTACIÓN NORTE | E84: CENS | F84: 34.5 | G84: N/A | H84: Barra Sencilla | I84: Convencional | J84: No | K84: 2031 | L84: Norte de Santander | M84: Ocaña | N84: Subestación en identificación por parte del transportador, en analisis nueva demanda que asumira.
C85: 80
C86: 81
C87: 82
A88: =VLOOKUP(E88,'[2]Listas Desplegables'!$H$3:$J$7,2,FALSE) -> #N/A | B88: =VLOOKUP(E88,'[2]Listas Desplegables'!$H$3:$J$7,3,FALSE) -> #N/A | C88: 83

Sheet 5. Demanda
C2: Las presentes demandas se encuentran a diciembre de 2021
C3: Información General de Demandas
C4: No. | D4: ='Manual de Uso'!C115 -> Nombre | E4: ='Manual de Uso'!C116 -> Subestación | F4: ='Manual de Uso'!C117 -> Nivel de tensión [kV] | G4: ='Manual de Uso'!C118 -> Tipo | H4: ='Manual de Uso'!C119 -> Atendida Subestación Nivel IV | I4: ='Manual de Uso'!C120 -> En Operación | J4: ='Manual de Uso'!C121 -> FPO | K4: ='Manual de Uso'!C122 -> Demanda Mínima | M4: ='Manual de Uso'!C123 -> Demanda Media | O4: ='Manual de Uso'!C124 -> Demanda Máxima | Q4: ='Manual de Uso'!C125 -> Observaciones transportador
K5: P [MW] | L5: Q [MVAr] | M5: P [MW] | N5: Q [MVAr] | O5: P [MW] | P5: Q [MVAr]
A6: =VLOOKUP(#REF!,'[2]Listas Desplegables'!$H$3:$J$7,2,FALSE) -> #REF! | B6: =VLOOKUP(#REF!,'[2]Listas Desplegables'!$H$3:$J$7,3,FALSE) -> #REF! | C6: 1 | D6: LOD_ABREGO_138 | E6: ABREGO | F6: 13.8 | G6: Residencial | H6: OCAÑA | I6: Sí | K6: 0.99954309 | L6: 0.37587346 | M6: 1.9169231 | N6: 0.76675 | O6: 2.329639 | P6: 0.55194383 | Q6: Esta carga es la referida al barraje 13.8 kV del transformador TS45-ABREGO-6MVA
A7: =VLOOKUP(#REF!,'[2]Listas Desplegables'!$H$3:$J$7,2,FALSE) -> #REF! | B7: =VLOOKUP(#REF!,'[2]Listas Desplegables'!$H$3:$J$7,3,FALSE) -> #REF! | C7: 2 | D7: LOD_AGUACHICA_115 | E7: AGUACHICA | F7: 115 | G7: Residencial | H7: AGUACHICA | I7: Sí | K7: =+SUM(K8:K10) -> 12.748324 | L7: =+SUM(L8:L10) -> 5.2236837 | M7: =+SUM(M8:M10) -> 13.64855 | N7: =+SUM(N8:N10) -> 7.1839725 | O7: =+SUM(O8:O10) -> 16.046722 | P7: =+SUM(P8:P10) -> 7.6210763 | Q7: Esta carga es la referida al barraje 115 kV producto de la suma de las cargas LOD_AGUACHICA_138_1, LOD_AGUACHICA_138_2 y LOD_AGUACHICA_345_1
C8: 3 | D8: LOD_AGUACHICA_138_1 | E8: AGUACHICA | F8: 13.8 | G8: Residencial | H8: AGUACHICA | I8: Sí | K8: 6.4427048 | L8: 2.6399276 | M8: 6.897658 | N8: 3.6306117 | O8: 8.1096382 | P8: 3.8515138 | Q8: Esta carga es la referida al barraje 13.8 kV del transformador TS32-AGUACHICA-18MVA
C9: 4 | D9: LOD_AGUACHICA_138_2 | E9: AGUACHICA | F9: 13.8 | G9: Residencial | H9: AGUACHICA | I9: Sí | K9: 6.2912093 | L9: 2.5778517 | M9: 6.7354647 | N9: 3.5452406 | O9: 7.918946 | P9: 3.7609483 | Q9: Esta carga es la referida al barraje 13.8 kV del transformador TS33-AGUACHICA-12.5MVA
C10: 5 | D10: LOD_AGUACHICA_34.5_2 | E10: AGUACHICA | F10: 34.5 | G10: Residencial | H10: AGUACHICA | I10: Sí | K10: 0.014409678 | L10: 0.0059044313 | M10: 0.015427221 | N10: 0.0081201838 | O10: 0.018137922 | P10: 0.0086142508 | Q10: Esta es la carga referida al barraje 34.5 kV de la Subestación Aguachica
A11: =VLOOKUP(#REF!,'[2]Listas Desplegables'!$H$3:$J$7,2,FALSE) -> #REF! | B11: =VLOOKUP(#REF!,'[2]Listas Desplegables'!$H$3:$J$7,3,FALSE) -> #REF! | C11: 6 | D11: LOD_ATALAYA_138 | E11: ATALAYA | F11: 13.8 | G11: Residencial | H11: INSULA | I11: Sí | K11: 5.1744265 | L11: 0.26012249 | M11: 6.5206 | N11: 0.37494212 | O11: 8.2461407 | P11: 0.36578967 | Q11: Esta carga es la referida al barraje 13.8 kV del transformador TS10-ATALAYA-22MVA
C12: 7 | D12: LOD_AYACUCHO_115 | E12: AYACUCHO | F12: 115 | G12: Residencial | H12: AYACUCHO | I12: Sí | K12: =+SUM(K13:K14) -> 1.8389738 | L12: =+SUM(L13:L14) -> 0.39565526 | M12: =+SUM(M13:M14) -> 1.8458208 | N12: =+SUM(N13:N14) -> 0.42228543 | O12: =+SUM(O13:O14) -> 2.5183194 | P12: =+SUM(P13:P14) -> 0.31853396 | Q12: Esta carga es la referida al barraje 115 kV producto de la suma de las cargas LOD_AYACUCHO_138 y LOD_AYACUCHO_345
A13: =VLOOKUP(#REF!,'[2]Listas Desplegables'!$H$3:$J$7,2,FALSE) -> #REF! | B13: =VLOOKUP(#REF!,'[2]Listas Desplegables'!$H$3:$J$7,3,FALSE) -> #REF! | C13: 8 | D13: LOD_AYACUCHO_138 | E13: AYACUCHO | F13: 13.8 | G13: Residencial | H13: AYACUCHO | I13: Sí | K13: 0.50558873 | L13: 0.13326806 | M13: 0.47962852 | N13: 0.17643389 | O13: 0.61032656 | P13: 0.12826824 | Q13: Esta carga es la referida al barraje 13.8 kV del transformador TS30-AYACUCHO-3MVA
A14: =VLOOKUP(#REF!,'[2]Listas Desplegables'!$H$3:$J$7,2,FALSE) -> #REF! | B14: =VLOOKUP(#REF!,'[2]Listas Desplegables'!$H$3:$J$7,3,FALSE) -> #REF! | C14: 9 | D14: LOD_AYACUCHO_345 | E14: AYACUCHO | F14: 34.5 | G14: Industrial | H14: AYACUCHO | I14: Sí | K14: 1.3333851 | L14: 0.2623872 | M14: 1.3661923 | N14: 0.24585154 | O14: 1.9079928 | P14: 0.19026571 | Q14: Esta carga es la referida al barraje 34.5 kV del transformador TS29-AYACUCHO-13MVA
A15: =VLOOKUP(#REF!,'[2]Listas Desplegables'!$H$3:$J$7,2,FALSE) -> #REF! | B15: =VLOOKUP(#REF!,'[2]Listas Desplegables'!$H$3:$J$7,3,FALSE) -> #REF! | C15: 10 | D15: LOD_BELEN_115 | E15: BELEN | F15: 115 | G15: Residencial | H15: BELEN | I15: Sí | K15: =+SUM(K16:K18) -> 16.081964 | L15: =+SUM(L16:L18) -> 7.6465041 | M15: =+SUM(M16:M18) -> 26.551363 | N15: =+SUM(N16:N18) -> 12.294236 | O15: =+SUM(O16:O18) -> 36.586714 | P15: =+SUM(P16:P18) -> 15.120418 | Q15: Esta carga es la referida al barraje 115 kV producto de la suma de las cargas LOD_BELEN_138_1,LOD_BELEN_138_2 Y LOD_BELEN_345
A16: =VLOOKUP(#REF!,'[2]Listas Desplegables'!$H$3:$J$7,2,FALSE) -> #REF! | B16: =VLOOKUP(#REF!,'[2]Listas Desplegables'!$H$3:$J$7,3,FALSE) -> #REF! | C16: 11 | D16: LOD_BELEN_138_1 | E16: BELEN | F16: 13.8 | G16: Residencial | H16: BELEN | I16: Sí | K16: 3.7929229 | L16: 1.8172086 | M16: 5.023614 | N16: 2.3890235 | O16: 7.8729928 | P16: 3.2360387 | Q16: Esta carga es la referida al barraje 13.8 kV del transformador TS04-BELEN-25MVA
C17: 12 | D17: LOD_BELEN_138_2 | E17: BELEN | F17: 13.8 | G17: Residencial | H17: BELEN | I17: Sí | K17: 11.188499 | L17: 5.3604664 | M17: 14.818835 | N17: 7.0472265 | O17: 23.224034 | P17: 9.545782 | Q17: Esta carga es la referida al barraje 13.8 kV del transformador TS05-BELEN-40MVA
C18: 13 | D18: LOD_BELEN_345 | E18: BELEN | F18: 34.5 | G18: Industrial | H18: BELEN | I18: Sí | K18: 1.1005424 | L18: 0.46882908 | M18: 6.7089145 | N18: 2.8579856 | O18: 5.4896875 | P18: 2.3385971 | Q18: Esta carga es la referida al barraje 34.5 kV del transformador TS06-BELEN-47MVA
A19: =VLOOKUP(#REF!,'[2]Listas Desplegables'!$H$3:$J$7,2,FALSE) -> #REF! | B19: =VLOOKUP(#REF!,'[2]Listas Desplegables'!$H$3:$J$7,3,FALSE) -> #REF! | C19: 14 | D19: LOD_BUTURAMA_345 | E19: BUTURAMA | F19: 34.5 | G19: Industrial | H19: BUTURAMA | I19: Sí | K19: 1.1712706 | L19: 0.26647215 | M19: 1.2436377 | N19: 0.52754285 | O19: 1.3606111 | P19: 0.53902427 | Q19: Esta carga es la referida al barraje 34.5 kV del transformador TS70-BUTURAMA-47MVA/ Puede ser referida directamente al barraje 115 kV de la subestación Buturama
A20: =VLOOKUP(#REF!,'[2]Listas Desplegables'!$H$3:$J$7,2,FALSE) -> #REF! | B20: =VLOOKUP(#REF!,'[2]Listas Desplegables'!$H$3:$J$7,3,FALSE) -> #REF! | C20: 15 | D20: LOD_CACHIRA_138 | E20: CACHIRA | F20: 13.8 | G20: Residencial | H20: SAN ALBERTO | I20: Sí | K20: 0.10240857 | L20: 0.062623055 | M20: 0.16457447 | N20: 0.062122449 | O20: 0.233 | P20: 0.051388863 | Q20: Esta carga es la referida al barraje 13.8 kV del transformador TS61-CACHIRA-1MVA
A21: =VLOOKUP(#REF!,'[2]Listas Desplegables'!$H$3:$J$7,2,FALSE) -> #REF! | B21: =VLOOKUP(#REF!,'[2]Listas Desplegables'!$H$3:$J$7,3,FALSE) -> #REF! | C21: 16 | D21: LOD_CAMPO DOS_138 | E21: CAMPO DOS | F21: 13.8 | G21: Residencial | H21: PLANTA TIBU | I21: Sí | K21: 2.060508 | L21: 0.91900761 | M21: 2.2052812 | N21: 0.89784686 | O21: 3.5549731 | P21: 1.1839399 | Q21: Esta carga es la referida al barraje 13.8 kV del transformador TS46-CAMPO_DOS-12MVA
A22: =VLOOKUP(#REF!,'[2]Listas Desplegables'!$H$3:$J$7,2,FALSE) -> #REF! | B22: =VLOOKUP(#REF!,'[2]Listas Desplegables'!$H$3:$J$7,3,FALSE) -> #REF! | C22: 17 | D22: LOD_CONVENCION_138 | E22: CONVENCION | F22: 115 | G22: Residencial | H22: CONVENCION | I22: Sí | K22: 1.6797707 | L22: 0.57393775 | M22: 2.7260606 | N22: 1.011232 | O22: 2.9836057 | P22: 0.74395954 | Q22: Esta carga es la referida al barraje 13.8 kV del transformador TS26-CONVENCION-7MVA / Puede ser referida directamente al barraje 115 kV de la subestación Convención
A23: =VLOOKUP(#REF!,'[2]Listas Desplegables'!$H$3:$J$7,2,FALSE) -> #REF! | B23: =VLOOKUP(#REF!,'[2]Listas Desplegables'!$H$3:$J$7,3,FALSE) -> #REF! | C23: 18 | D23: LOD_CORNEJO_138 | E23: CORNEJO | F23: 13.8 | G23: Residencial | H23: BELEN | I23: Sí | K23: 0.97348497 | L23: 0.44823775 | M23: 1.4751923 | N23: 0.90634615 | O23: 1.890377 | P23: 0.82014427 | Q23: Esta carga es la referida al barraje 13.8 kV del transformador TS34-CORNEJO-5MVA
A24: =VLOOKUP(#REF!,'[2]Listas Desplegables'!$H$3:$J$7,2,FALSE) -> #REF! | B24: =VLOOKUP(#REF!,'[2]Listas Desplegables'!$H$3:$J$7,3,FALSE) -> #REF! | C24: 19 | D24: LOD_CULEBRA_138 | E24: CULEBRA | F24: 13.8 | G24: Residencial | H24: BELEN | I24: Sí | K24: 1.7274087 | L24: 0.47224804 | M24: 2.0467308 | N24: 0.87530769 | O24: 2.9964437 | P24: 1.0186084 | Q24: Esta carga es la referida al barraje 13.8 kV del transformador TS35-CULEBRA-4MVA
A25: =VLOOKUP(#REF!,'[2]Listas Desplegables'!$H$3:$J$7,2,FALSE) -> #REF! | B25: =VLOOKUP(#REF!,'[2]Listas Desplegables'!$H$3:$J$7,3,FALSE) -> #REF! | C25: 20 | D25: LOD_EL TARRA_138 | E25: EL TARRA | F25: 13.8 | G25: Residencial | H25: CONVENCION | I25: Sí | K25: 1.2651715 | L25: 0.66569099 | M25: 1.59202 | N25: 0.82294118 | O25: 2.165 | P25: 0.78686564 | Q25: Esta carga es la referida al barraje 13.8 kV del transformador TS39-EL_TARRA-2MVA
A26: =VLOOKUP(#REF!,'[2]Listas Desplegables'!$H$3:$J$7,2,FALSE) -> #REF! | B26: =VLOOKUP(#REF!,'[2]Listas Desplegables'!$H$3:$J$7,3,FALSE) -> #REF! | C26: 21 | D26: LOD_EL ZULIA_138 | E26: EL ZULIA | F26: 13.8 | G26: Residencial | H26: BELEN | I26: Sí | K26: 1.328737 | L26: 0.53874849 | M26: 1.8622 | N26: 0.90738 | O26: 2.1482837 | P26: 0.75874739 | Q26: Esta carga es la referida al barraje 13.8 kV del transformador TS44-EL_ZULIA-3.5MVA
A27: =VLOOKUP(#REF!,'[2]Listas Desplegables'!$H$3:$J$7,2,FALSE) -> #REF! | B27: =VLOOKUP(#REF!,'[2]Listas Desplegables'!$H$3:$J$7,3,FALSE) -> #REF! | C27: 22 | D27: LOD_ESCOBAL_138 | E27: ESCOBAL | F27: 13.8 | G27: Residencial | H27: SAN MATEO | I27: Sí | K27: 5.4847551 | L27: 2.0720962 | M27: 7.6248837 | N27: 3.172619 | O27: 10.144283 | P27: 3.1900139 | Q27: Esta carga es la referida al barraje 13.8 kV del transformador TS17-ESCOBAL-12.5MVA
A28: =VLOOKUP(#REF!,'[2]Listas Desplegables'!$H$3:$J$7,2,FALSE) -> #REF! | B28: =VLOOKUP(#REF!,'[2]Listas Desplegables'!$H$3:$J$7,3,FALSE) -> #REF! | C28: 23 | D28: LOD_GAMARRA_138 | E28: GAMARRA | F28: 13.8 | G28: Residencial | H28: BUTURAMA | I28: Sí | K28: 1.4519246 | L28: 0.57157363 | M28: 1.5158409 | N28: 0.54019231 | O28: 2.2090781 | P28: 0.60309786 | Q28: Esta carga es la referida al barraje 13.8 kV del transformador TS40-GAMARRA-12MVA
C29: 24 | D29: LOD_INSULA_115 | E29: INSULA | F29: 115 | G29: Residencial | H29: INSULA | I29: Sí | K29: =+K30+K31 -> 9.5217582 | L29: =+L30+L31 -> 5.4241137 | M29: =+M30+M31 -> 18.123792 | N29: =+N30+N31 -> 11.808503 | O29: =+O30+O31 -> 21.973413 | P29: =+P30+P31 -> 12.304057 | Q29: Esta carga es la referida al barraje 115 kV producto de la suma de las cargas LOD_INSULA_138 y LOD_INSULA_345
A30: =VLOOKUP(#REF!,'[2]Listas Desplegables'!$H$3:$J$7,2,FALSE) -> #REF! | B30: =VLOOKUP(#REF!,'[2]Listas Desplegables'!$H$3:$J$7,3,FALSE) -> #REF! | C30: 25 | D30: LOD_INSULA_138 | E30: INSULA | F30: 13.8 | G30: Residencial | H30: INSULA | I30: Sí | K30: 5.9510545 | L30: 2.3916701 | M30: 9.4292 | N30: 5.4822449 | O30: 11.410762 | P30: 5.3678909 | Q30: Esta carga es la referida al barraje 13.8 kV del transformador TS15-INSULA-25MVA
A31: =VLOOKUP(#REF!,'[2]Listas Desplegables'!$H$3:$J$7,2,FALSE) -> #REF! | B31: =VLOOKUP(#REF!,'[2]Listas Desplegables'!$H$3:$J$7,3,FALSE) -> #REF! | C31: 26 | D31: LOD_INSULA_345 | E31: INSULA | F31: 34.5 | G31: Industrial | H31: INSULA | I31: Sí | K31: 3.5707037 | L31: 3.0324436 | M31: 8.6945923 | N31: 6.3262579 | O31: 10.562651 | P31: 6.9361665 | Q31: Esta carga es la referida al barraje 34.5 kV del transformador TS14-INSULA-40MVA
A32: =VLOOKUP(#REF!,'[2]Listas Desplegables'!$H$3:$J$7,2,FALSE) -> #REF! | B32: =VLOOKUP(#REF!,'[2]Listas Desplegables'!$H$3:$J$7,3,FALSE) -> #REF! | C32: 27 | D32: LOD_LA GABARRA_138 | E32: LA GABARRA | F32: 13.8 | G32: Residencial | H32: PLANTA TIBU | I32: Sí | K32: 1.4332954 | L32: 0.66778866 | M32: 1.6011538 | N32: 0.6713 | O32: 2.2165493 | P32: 0.81609836 | Q32: Esta carga es la referida al barraje 13.8 kV del transformador TS49-LA_GABARA-2MVA
A33: =VLOOKUP(#REF!,'[2]Listas Desplegables'!$H$3:$J$7,2,FALSE) -> #REF! | B33: =VLOOKUP(#REF!,'[2]Listas Desplegables'!$H$3:$J$7,3,FALSE) -> #REF! | C33: 28 | D33: LOD_LA MATA_138 | E33: LA MATA | F33: 13.8 | G33: Residencial | H33: AYACUCHO | I33: Sí | K33: 0.2354841 | L33: 0.065233232 | M33: 0.17957692 | N33: 0.076826923 | O33: 0.24136464 | P33: 0.063200189 | Q33: Esta carga es la referida al barraje 13.8 kV del transformador TS62-LA_MATA-3MVA
A34: =VLOOKUP(#REF!,'[2]Listas Desplegables'!$H$3:$J$7,2,FALSE) -> #REF! | B34: =VLOOKUP(#REF!,'[2]Listas Desplegables'!$H$3:$J$7,3,FALSE) -> #REF! | C34: 29 | D34: LOD_LA MIEL_138 | E34: LA MIEL | F34: 13.8 | G34: Residencial | H34: SAN ALBERTO | I34: Sí | K34: 0.032966146 | L34: 0.011548822 | M34: 0.051583333 | N34: 0.0038222222 | O34: 0.092 | P34: 0.010119565 | Q34: Esta carga es la referida al barraje 13.8 kV del transformador TS64-LA_MIEL-0.5MVA
A35: =VLOOKUP(#REF!,'[2]Listas Desplegables'!$H$3:$J$7,2,FALSE) -> #REF! | B35: =VLOOKUP(#REF!,'[2]Listas Desplegables'!$H$3:$J$7,3,FALSE) -> #REF! | C35: 30 | D35: LOD_LOS ALPES_138 | E35: LOS ALPES | F35: 13.8 | G35: Residencial | H35: SAN ALBERTO | I35: Sí | K35: 0.19505207 | L35: 0.070878524 | M35: 0.23861798 | N35: 0.083717059 | O35: 0.337614 | P35: 0.084484502 | Q35: Esta carga es la referida al barraje 13.8 kV del transformador TS67-LOS_ALPES-0.5MVA
A36: =VLOOKUP(#REF!,'[2]Listas Desplegables'!$H$3:$J$7,2,FALSE) -> #REF! | B36: =VLOOKUP(#REF!,'[2]Listas Desplegables'!$H$3:$J$7,3,FALSE) -> #REF! | C36: 31 | D36: LOD_LOS MANGOS_138 | E36: LOS MANGOS | F36: 13.8 | G36: Residencial | H36: SAN ALBERTO | I36: Sí | K36: 0.034482549 | L36: 0.026908245 | M36: 0.05976 | N36: 0.027411765 | O36: 0.092 | P36: 0.027286713 | Q36: Esta carga es la referida al barraje 13.8 kV del transformador TS65-LOS_MANGOS-0.5MVA
A37: =VLOOKUP(#REF!,'[2]Listas Desplegables'!$H$3:$J$7,2,FALSE) -> #REF! | B37: =VLOOKUP(#REF!,'[2]Listas Desplegables'!$H$3:$J$7,3,FALSE) -> #REF! | C37: 32 | D37: LOD_MONTECITOS_138 | E37: MONTESITOS | F37: 13.8 | G37: Residencial | H37: BUTURAMA | I37: Sí | K37: 0.12935292 | L37: 0.042613384 | M37: 0.094581395 | N37: 0.06408 | O37: 0.17078567 | P37: 0.048924731 | Q37: Esta carga es la referida al barraje 13.8 kV del transformador TS63-MONTECITOS-0.5MVA
A38: =VLOOKUP(#REF!,'[2]Listas Desplegables'!$H$3:$J$7,2,FALSE) -> #REF! | B38: =VLOOKUP(#REF!,'[2]Listas Desplegables'!$H$3:$J$7,3,FALSE) -> #REF! | C38: 33 | D38: LOD_NUEVA GRAMALOTE_138 | E38: NUEVA GRAMALOTE | F38: 13.8 | G38: Residencial | H38: BELEN | I38: Sí | K38: 0.64439545 | L38: 0.24277736 | M38: 1.0339062 | N38: 0.34240844 | O38: 1.6106743 | P38: 0.24766545 | Q38: Esta carga es la referida al barraje 13.8 kV del transformador TS72-GRAMALOTE-6MVA
A39: =VLOOKUP(#REF!,'[2]Listas Desplegables'!$H$3:$J$7,2,FALSE) -> #REF! | B39: =VLOOKUP(#REF!,'[2]Listas Desplegables'!$H$3:$J$7,3,FALSE) -> #REF! | C39: 34 | D39: LOD_OCAÑA_138 | E39: OCAÑA | F39: 13.8 | G39: Residencial | H39: OCAÑA | I39: Sí | K39: 5.9694361 | L39: 3.3244949 | M39: 13.230196 | N39: 7.075098 | O39: 15.806538 | P39: 6.5226773 | Q39: Esta carga es la referida al barraje 13.8 kV del transformador TS27-OCAÑA-30MVA / Puede ser referida directamente al barraje 115 kV de la subestación Ocaña
A40: =VLOOKUP(#REF!,'[2]Listas Desplegables'!$H$3:$J$7,2,FALSE) -> #REF! | B40: =VLOOKUP(#REF!,'[2]Listas Desplegables'!$H$3:$J$7,3,FALSE) -> #REF! | C40: 35 | D40: LOD_ORU_138 | E40: ORU | F40: 13.8 | G40: Residencial | H40: PLANTA TIBU | I40: Sí | K40: 1.5732958 | L40: 0.65581047 | M40: 1.6525 | N40: 0.6456 | O40: 2.1690276 | P40: 0.62552088 | Q40: Esta carga es la referida al barraje 13.8 kV del transformador TS42-ORU-2MVA
A41: =VLOOKUP(#REF!,'[2]Listas Desplegables'!$H$3:$J$7,2,FALSE) -> #REF! | B41: =VLOOKUP(#REF!,'[2]Listas Desplegables'!$H$3:$J$7,3,FALSE) -> #REF! | C41: 36 | D41: LOD_PALERMO_138 | E41: PALERMO | F41: 13.8 | G41: Residencial | H41: BELEN | I41: Sí | K41: 2.0756318 | L41: 1.4346278 | M41: 3.5715217 | N41: 2.5213043 | O41: 4.66 | P41: 2.051527 | Q41: Esta carga es la referida al barraje 13.8 kV del transformador TS21-PALERMO-6MVA
... A44: =VLOOKUP(#REF!,'[2]Listas Desplegables'!$H$3:$J$7,2,FALSE) -> #REF! | B44: =VLOOKUP(#REF!,'[2]Listas Desplegables'!$H$3:$J$7,3,FALSE) -> #REF! | C44: 39 | D44: LOD_PELAYA_138 | E44: PELAYA | F44: 13.8 | G44: Residencial | H44: AYACUCHO | I44: Sí | K44: 2.3485466 | L44: 1.0942748 | M44: 1.9326923 | N44: 1.10636 | O44: 2.5371223 | P44: 1.1100212 | Q44: Esta carga es la referida al barraje 13.8 kV del transformador TS43-PELAYA-4MVA
C45: 40 | D45: LOD_PLANTA TIBU_115 | E45: PLANTA TIBU | F45: 115 | G45: Residencial | H45: PLANTA TIBU | I45: Sí | K45: =+K46+K47 -> 3.4170015 | L45: =+L46+L47 -> 1.5412397 | M45: =+M46+M47 -> 4.9956804 | N45: =+N46+N47 -> 2.1192786 | O45: =+O46+O47 -> 6.1015073 | P45: =+P46+P47 -> 2.1959869 | Q45: Esta carga es la referida al barraje 115 kV producto de la suma de las cargas LOD_PLANTA TIBU_138 y LOD_PLANTA TIBU_345
A46: =VLOOKUP(#REF!,'[2]Listas Desplegables'!$H$3:$J$7,2,FALSE) -> #REF! | B46: =VLOOKUP(#REF!,'[2]Listas Desplegables'!$H$3:$J$7,3,FALSE) -> #REF! | C46: 41 | D46: LOD_PLANTA TIBU_138 | E46: PLANTA TIBU | F46: 115 | G46: Residencial | H46: PLANTA TIBU | I46: Sí | K46: 3.302083 | L46: 1.4922846 | M46: 4.0575 | N46: 1.7196154 | O46: 5.1720573 | P46: 1.8000429 | Q46: Esta carga es la referida al barraje 13.8 kV del transformador TS23-TIBU-18MVA
A47: =VLOOKUP(#REF!,'[2]Listas Desplegables'!$H$3:$J$7,2,FALSE) -> #REF! | B47: =VLOOKUP(#REF!,'[2]Listas Desplegables'!$H$3:$J$7,3,FALSE) -> #REF! | C47: 42 | D47: LOD_PLANTA TIBU_345 | E47: PLANTA TIBU | F47: 34.5 | G47: Industrial | H47: PLANTA TIBU | I47: Sí | K47: 0.11491844 | L47: 0.04895505 | M47: 0.93818038 | N47: 0.39966317 | O47: 0.92945003 | P47: 0.39594405 | Q47: Esta carga es la referida al barraje 34.5 kV del transformador TS24-TIBU-12MVA
A48: =VLOOKUP(#REF!,'[2]Listas Desplegables'!$H$3:$J$7,2,FALSE) -> #REF! | B48: =VLOOKUP(#REF!,'[2]Listas Desplegables'!$H$3:$J$7,3,FALSE) -> #REF! | C48: 43 | D48: LOD_PLANTA ZULIA_138 | E48: PLANTA ZULIA | F48: 115 | G48: Residencial | H48: PLANTA ZULIA | I48: Sí | K48: 2.6165108 | L48: 1.4826228 | M48: 3.9220833 | N48: 2.0527083 | O48: 5.2265231 | P48: 7.3281475 | Q48: Esta carga es la referida al barraje 13.8 kV del transformador TS19-PLANTA_ZULIA-11MVA / Puede ser referida directamente al barraje 115 kV de la subestación Planta Zulia
A49: =VLOOKUP(#REF!,'[2]Listas Desplegables'!$H$3:$J$7,2,FALSE) -> #REF! | B49: =VLOOKUP(#REF!,'[2]Listas Desplegables'!$H$3:$J$7,3,FALSE) -> #REF! | C49: 44 | D49: LOD_SALAZAR_138 | E49: SALAZAR | F49: 13.8 | G49: Residencial | H49: BELEN | I49: Sí | K49: 0.98848232 | L49: 0.36015893 | M49: 1.4990196 | N49: 0.64152941 | O49: 1.9147737 | P49: 0.54331216 | Q49: Esta carga es la referida al barraje 13.8 kV del transformador TS36-SALAZAR-3.5MVA
A50: =VLOOKUP(#REF!,'[2]Listas Desplegables'!$H$3:$J$7,2,FALSE) -> #REF! | B50: =VLOOKUP(#REF!,'[2]Listas Desplegables'!$H$3:$J$7,3,FALSE) -> #REF! | C50: 45 | D50: LOD_SAMAN_138 | E50: SAMAN | F50: 13.8 | G50: Residencial | H50: SAN MATEO | I50: Sí | K50: 5.5137774 | L50: 2.3724918 | M50: 5.3461538 | N50: 2.6230769 | O50: 9.5876257 | P50: 3.2154371 | Q50: Esta carga es la referida al barraje 13.8 kV del transformador TS16-EL_SAMAN-18MVA
A51: =VLOOKUP(#REF!,'[2]Listas Desplegables'!$H$3:$J$7,2,FALSE) -> #REF! | B51: =VLOOKUP(#REF!,'[2]Listas Desplegables'!$H$3:$J$7,3,FALSE) -> #REF! | C51: 46 | D51: LOD_SAMORE_138 | E51: SAMORE | F51: 13.8 | G51: Residencial | H51: SAMORE | I51: Sí | K51: 0.33085935 | L51: 0.18048 | M51: 0.42890323 | N51: 0.24064516 | O51: 0.59382581 | P51: 0.21270968 | Q51: Esta carga es la referida al barraje 13.8 kV del transformador TI07-SAMORE-50MVA
A52: =VLOOKUP(#REF!,'[2]Listas Desplegables'!$H$3:$J$7,2,FALSE) -> #REF! | B52: =VLOOKUP(#REF!,'[2]Listas Desplegables'!$H$3:$J$7,3,FALSE) -> #REF! | C52: 47 | D52: LOD_SAN ANTONIO_138 | E52: SAN ANTONIO | F52: 13.8 | G52: Residencial | H52: SAN ALBERTO | I52: Sí | K52: 0.014086508 | L52: 0.0069921613 | M52: 0.01692 | N52: 0.0052884615 | O52: 0.021663577 | P52: 0.0045586149 | Q52: Esta carga es la referida al barraje 13.8 kV del transformador TS66-SAN_ANTONIO-0.25MVA
A53: =VLOOKUP(#REF!,'[2]Listas Desplegables'!$H$3:$J$7,2,FALSE) -> #REF! | B53: =VLOOKUP(#REF!,'[2]Listas Desplegables'!$H$3:$J$7,3,FALSE) -> #REF! | C53: 48 | D53: LOD_SAN MATEO_115 | E53: SAN MATEO | F53: 115 | G53: Residencial | H53: SAN MATEO | I53: Sí | K53: =+SUM(K54:K56) -> 28.172303 | L53: =+SUM(L54:L56) -> 9.4365371 | M53: =+SUM(M54:M56) -> 54.941095 | N53: =+SUM(N54:N56) -> 22.791946 | O53: =+SUM(O54:O56) -> 65.022072 | P53: =+SUM(P54:P56) -> 24.564175 | Q53: Esta carga es la referida al barraje 115 kV producto de la suma de las cargas LOD_SAN MATEO_138_1, LOD_SAN MATEO_138_2 y LOD_SAN MATEO_345
C54: 49 | D54: LOD_SAN MATEO_138_1 | E54: SAN MATEO | F54: 115 | G54: Residencial | H54: SAN MATEO | I54: Sí | K54: 8.5585646 | L54: 3.0299416 | M54: 16.120516 | N54: 6.8129007 | O54: 20.598374 | P54: 7.2541607 | Q54: Esta carga es la referida al barraje 13.8 kV del transformador TS09-SAN_MATEO-40MVA
C55: 50 | D55: LOD_SAN MATEO_138_2 | E55: SAN MATEO | F55: 115 | G55: Residencial | H55: SAN MATEO | I55: Sí | K55: 13.057898 | L55: 4.622816 | M55: 24.595253 | N55: 10.394519 | O55: 31.427171 | P55: 11.067755 | Q55: Esta carga es la referida al barraje 13.8 kV del transformador TS08-SAN_MATEO-47MVA
A56: =VLOOKUP(#REF!,'[2]Listas Desplegables'!$H$3:$J$7,2,FALSE) -> #REF! | B56: =VLOOKUP(#REF!,'[2]Listas Desplegables'!$H$3:$J$7,3,FALSE) -> #REF! | C56: 51 | D56: LOD_SAN MATEO_345 | E56: SAN MATEO | F56: 34.5 | G56: Industrial | H56: SAN MATEO | I56: Sí | K56: 6.5558405 | L56: 1.7837794 | M56: 14.225326 | N56: 5.5845263 | O56: 12.996528 | P56: 6.2422594 | Q56: Esta carga es la referida al barraje 34.5 kV del transformador TS07-SAN_MATEO-47MVA
A57: =VLOOKUP(#REF!,'[2]Listas Desplegables'!$H$3:$J$7,2,FALSE) -> #REF! | B57: =VLOOKUP(#REF!,'[2]Listas Desplegables'!$H$3:$J$7,3,FALSE) -> #REF! | C57: 52 | D57: LOD_SAN PABLO_138 | E57: SAN PABLO | F57: 13.8 | G57: Residencial | H57: CONVENCION | I57: Sí | K57: 0.90370661 | L57: 0.31274008 | M57: 0.97523404 | N57: 0.37805769 | O57: 1.265 | P57: 0.3037424 | Q57: Esta carga es la referida al barraje 13.8 kV del transformador TS41-SAN_PABLO-1.5MVA
A58: =VLOOKUP(#REF!,'[2]Listas Desplegables'!$H$3:$J$7,2,FALSE) -> #REF! | B58: =VLOOKUP(#REF!,'[2]Listas Desplegables'!$H$3:$J$7,3,FALSE) -> #REF! | C58: 53 | D58: LOD_SARDINATA_138 | E58: SARDINATA | F58: 13.8 | G58: Residencial | H58: BELEN | I58: Sí | K58: 1.4499511 | L58: 0.87247897 | M58: 2.3363126 | N58: 1.2974614 | O58: 2.6894007 | P58: 1.202275 | Q58: Esta carga es la referida al barraje 13.8 kV del transformador TS38-SARDINATA-4MVA
A59: =VLOOKUP(#REF!,'[2]Listas Desplegables'!$H$3:$J$7,2,FALSE) -> #REF! | B59: =VLOOKUP(#REF!,'[2]Listas Desplegables'!$H$3:$J$7,3,FALSE) -> #REF! | C59: 54 | D59: LOD_SEVILLA_115 | E59: SEVILLA | F59: 115 | G59: Residencial | H59: SEVILLA | I59: Sí | K59: =+SUM(K60:K61) -> 12.99149 | L59: =+SUM(L60:L61) -> 5.4418801 | M59: =+SUM(M60:M61) -> 27.054384 | N59: =+SUM(N60:N61) -> 11.020202 | O59: =+SUM(O60:O61) -> 30.794682 | P59: =+SUM(P60:P61) -> 11.146747 | Q59: Esta carga es la referida al barraje 115 kV producto de la suma de las cargas LOD_SEVILLA_138_1 y LOD_SEVILLA_138_2
C60: 55 | D60: LOD_SEVILLA_138_1 | E60: SEVILLA | F60: 138 | G60: Residencial | H60: SEVILLA | I60: Sí | K60: 8.3472047 | L60: 3.4964801 | M60: 17.382801 | N60: 7.0806262 | O60: 19.785992 | P60: 7.1619328 | Q60: Esta carga es la referida al barraje 13.8 kV del transformador TS68-SEVILLA-32MVA
C61: 56 | D61: LOD_SEVILLA_138_2 | E61: SEVILLA | F61: 138 | G61: Residencial | H61: SEVILLA | I61: Sí | K61: 4.6442854 | L61: 1.9453999 | M61: 9.6715835 | N61: 3.9395762 | O61: 11.00869 | P61: 3.9848142 | Q61: Esta carga es la referida al barraje 13.8 kV del transformador TS12-SEVILLA-20MVA
C62: 57 | D62: LOD_TOLEDO_230 | E62: TOLEDO | F62: 230 | G62: Residencial | H62: TOLEDO | I62: Sí | K62: =+SUM(K63:K64) -> 0.71528759 | L62: =+SUM(L63:L64) -> 0.34886194 | M62: =+SUM(M63:M64) -> 1.5648773 | N62: =+SUM(N63:N64) -> 0.52627149 | O62: =+SUM(O63:O64) -> 2.1643376 | P62: =+SUM(P63:P64) -> 0.28194636 | Q62: Esta carga es la referida al barraje 115 kV producto de la suma de las cargas LOD_TOLEDO_138 y LOD_TOLEDO_345
A63: =VLOOKUP(#REF!,'[2]Listas Desplegables'!$H$3:$J$7,2,FALSE) -> #REF! | B63: =VLOOKUP(#REF!,'[2]Listas Desplegables'!$H$3:$J$7,3,FALSE) -> #REF! | C63: 58 | D63: LOD_TOLEDO_138 | E63: TOLEDO | F63: 13.8 | G63: Residencial | H63: TOLEDO | I63: Sí | K63: 0.71528759 | L63: 0.34886194 | M63: 1.3119385 | N63: 0.41852 | O63: 2.1266533 | P63: 0.2658929 | Q63: Esta carga es la referida al barraje 13.8 kV del transformador TI-08 TOLEDO 50MVA
A64: =VLOOKUP(#REF!,'[2]Listas Desplegables'!$H$3:$J$7,2,FALSE) -> #REF! | B64: =VLOOKUP(#REF!,'[2]Listas Desplegables'!$H$3:$J$7,3,FALSE) -> #REF! | C64: 59 | D64: LOD_TOLEDO_345 | E64: TOLEDO | F64: 34.5 | G64: Industrial | H64: TOLEDO | I64: Sí | K64: 0 | L64: 0 | M64: 0.25293882 | N64: 0.10775149 | O64: 0.037684321 | P64: 0.016053454 | Q64: Esta carga es la referida al barraje 34.5 kV del transformador TI-08 TOLEDO 50MVA
A65: =VLOOKUP(#REF!,'[2]Listas Desplegables'!$H$3:$J$7,2,FALSE) -> #REF! | B65: =VLOOKUP(#REF!,'[2]Listas Desplegables'!$H$3:$J$7,3,FALSE) -> #REF! | C65: 60 | D65: LOD_AYACUCHO_ECO | E65: AYACUCHO | F65: 115 | G65: Industrial | H65: AYACUCHO | I65: Sí | K65: 8.8589607 | L65: 3.4814871 | M65: 5.612936 | N65: 2.2483525 | O65: 7.2995194 | P65: 2.8804733 | Q65: Esta carga es la referida al barraje 115 kV de la subestación AYACUCHO
A66: =VLOOKUP(#REF!,'[2]Listas Desplegables'!$H$3:$J$7,2,FALSE) -> #REF! | B66: =VLOOKUP(#REF!,'[2]Listas Desplegables'!$H$3:$J$7,3,FALSE) -> #REF! | C66: 61 | D66: LOD_PLANTA TIBU_ECO | E66: PLANTA TIBU | F66: 115 | G66: Industrial | H66: PLANTA TIBU | I66: Sí | K66: 4.1994233 | L66: 2.5398016 | M66: 3.5334694 | N66: 1.614067 | O66: 4.49355 | P66: 3.1714264 | Q66: Esta carga es la referida al barraje 115 kV de la subestación PLANTA TIBU
C67: 63 | D67: LOD_DON JUANA_138 | E67: DON JUANA | F67: 13.8 | G67: Residencial | H67: DON JUANA | I67: No | J67: 47483 | K67: =+K41*37%+K43*9% -> 1.0728488 | L67: =+L41*37%+L43*9% -> 0.66276227 | M67: =+M41*37%+M43*9% -> 1.7355804 | N67: =+N41*37%+N43*9% -> 1.1390401 | O67: =+O41*37%+O43*9% -> 2.2341402 | P67: =+P41*37%+P43*9% -> 0.95810543 | Q67: Toma el 37% de la Carga de Palermo y 9% de la carga de Patios/ Puede ser referida como la carga
A68: =VLOOKUP(#REF!,'[2]Listas Desplegables'!$H$3:$J$7,2,FALSE) -> #REF! | B68: =VLOOKUP(#REF!,'[2]Listas Desplegables'!$H$3:$J$7,3,FALSE) -> #REF! | C68: 64 | D68: LOD_TONCHALA_345 | E68: TONCHALA | F68: 34.5 | G68: Residencial | H68: TONCHALA | I68: No | J68: 46752 | K68: =+K18*40% -> 0.44021694 | L68: =+L18*40% -> 0.18753163 | M68: =+M18*40% -> 2.6835658 | N68: =+N18*40% -> 1.1431942 | O68: =+O18*40% -> 2.195875 | P68: =+P18*40% -> 0.93543884 | Q68: Toma el 40% de la carga LOD_BELEN_345
C69: 65 | D69: LOD_TONCHALA_138 | E69: TONCHALA | F69: 13.8 | G69: Residencial | H69: TONCHALA | I69: No | J69: 46752 | K69: =+K16*5%+K17*31%+K11*20%+K23*5% -> 4.7416402 | L69: =+L16*5%+L17*31%+L11*20%+L23*5% -> 1.8270414 | M69: =+M16*5%+M17*31%+M11*20%+M23*5% -> 6.2228992 | N69: =+N16*5%+N17*31%+N11*20%+N23*5% -> 2.4243971 | O69: =+O16*5%+O17*31%+O11*20%+O23*5% -> 9.3368471 | P69: =+P16*5%+P17*31%+P11*20%+P23*5% -> 3.2351595 | Q69: Toma el 5% de la Carga LOD_BELEN_138_1, 31% de la Carga LOD_BELEN_138_2, 20% de la Carga LOD_ATALAYA_138 y 5% de la Carga LOD_CORNEJO_138
C70: 66 | D70: LOD_ALTO_POZO_138 | E70: ALTO DEL POZO | F70: 13.8 | G70: Residencial | H70: OCAÑA | I70: No | J70: 46387 | K70: =+K6*8%+39%*K38 -> 0.33127767 | L70: =+L6*8%+39%*L38 -> 0.12475305 | M70: =+M6*8%+39%*M38 -> 0.55657726 | N70: =+N6*8%+39%*N38 -> 0.19487929 | O70: =+O6*8%+39%*O38 -> 0.81453411 | P70: =+P6*8%+39%*P38 -> 0.14074503 | Q70: Toma El 39% de su carga es de la Carga LOD_GRAMALOTE_138 y el 8% restante de su carga LOD_ABREGO_138
C71: 67 | D71: LOD_LAPLAYA_138 | E71: LA PLAYA | F71: 13.8 | G71: Residencial | H71: OCAÑA | I71: No | J71: 46387 | K71: =+K39*13%+K22*8% -> 0.91040836 | L71: =+L39*13%+L22*8% -> 0.47809936 | M71: =+M39*13%+M22*8% -> 1.9380103 | N71: =+N39*13%+N22*8% -> 1.0006613 | O71: =+O39*13%+O22*8% -> 2.2935384 | P71: =+P39*13%+P22*8% -> 0.90746481 | Q71: Toma El 13% de la carga LOD_OCAÑA_138 y toma el 8% de la carga LOD_CONVENCION_138
C72: 68 | D72: LOD_SANROQUE_138 | E72: SAN ROQUE | F72: 13.8 | G72: Residencial | H72: PLANTA ZULIA | I72: Sí | J72: 45291 | K72: =+K24*40%+K58*38% -> 1.2419449 | L72: =+L24*40%+L58*38% -> 0.52044123 | M72: =+M24*40%+M58*38% -> 1.7064911 | N72: =+N24*40%+N58*38% -> 0.84315842 | O72: =+O24*40%+O58*38% -> 2.2205497 | P72: =+P24*40%+P58*38% -> 0.86430787 | Q72: Toma El 40% de la Carga LOD_CULEBRA y toma el 38% de la Carga LOD_SARDINATA
C73: 69 | D73: LOD_SEVILLA_345_1 | E73: SEVILLA | F73: 34.5 | G73: Comercial | H73: SEVILLA | I73: Sí | J73: 44927 | K73: =(0.3129*K18)+(0.9096*K56) -> 6.3075523 | L73: =(0.3129*L18)+(0.9096*L56) -> 1.7692224 | M73: =(0.3129*M18)+(0.9096*M56) -> 15.038576 | N73: =(0.3129*N18)+(0.9096*N56) -> 5.9739488 | O73: =(0.3129*O18)+(0.9096*O56) -> 13.539365 | P73: =(0.3129*P18)+(0.9096*P56) -> 6.4097062 | Q73: Toma El 91% de la Carga LOD_SAN MATEO_345 y 31% de LOD_BELEN_345
C74: 70 | D74: LOD_SEVILLA_345_2 | E74: SEVILLA | F74: 34.5 | G74: Industrial | H74: SEVILLA | I74: Sí | J74: 44927 | K74: =(0.8967*K31) -> 3.20185 | L74: =(0.8967*L31) -> 2.7191922 | M74: =(0.8967*M31) -> 7.7964409 | N74: =(0.8967*N31) -> 5.6727554 | O74: =(0.8967*O31) -> 9.4715288 | P74: =(0.8967*P31) -> 6.2196605 | Q74: Toma El 90% de la carga de la LOD_INSULA_345
C75: 73 | D75: LOD_SANFAUSTINO_138 | E75: SAN FAUSTINO | F75: 13.8 | G75: Industrial | H75: INSULA | I75: No | J75: 46752 | K75: =+K30*25% -> 1.4877636 | L75: =+L30*25% -> 0.59791752 | M75: =+M30*25% -> 2.3573 | N75: =+N30*25% -> 1.3705612 | O75: =+O30*25% -> 2.8526905 | P75: =+P30*25% -> 1.3419727 | Q75: Toma El 25% de la carga de la LOD_INSULA_138
C76: 74
C77: 75
C78: 76
C79: 77
C80: 78
C81: 79
C82: 80
C83: 81
C84: 82
A85: =VLOOKUP(#REF!,'[2]Listas Desplegables'!$H$3:$J$7,2,FALSE) -> #REF! | B85: =VLOOKUP(#REF!,'[2]Listas Desplegables'!$H$3:$J$7,3,FALSE) -> #REF! | C85: 83

Sheet 6. Compensacion
C3: Información General de Compensaciones
C4: No. | D4: ='Manual de Uso'!C126 -> Nombre | E4: ='Manual de Uso'!C127 -> Subestación | F4: ='Manual de Uso'!C128 -> Nivel de tensión [kV] | G4: ='Manual de Uso'!C129 -> Capacidad [MVAr] | H4: Tipo activo | I4: ='Manual de Uso'!C131 -> Número de pasos | J4: ='Manual de Uso'!C132 -> Tipo conexión | K4: ='Manual de Uso'!C133 -> Operabilidad | L4: ='Manual de Uso'!C134 -> En Operación | M4: ='Manual de Uso'!C135 -> FPO | N4: ='Manual de Uso'!C136 -> Observaciones transportador
A6: =VLOOKUP(E6,'[2]Listas Desplegables'!$H$3:$J$7,2,FALSE) -> #N/A | B6: =VLOOKUP(E6,'[2]Listas Desplegables'!$H$3:$J$7,3,FALSE) -> #N/A | C6: 1 | D6: Compensación S/E Belén | E6: Belén | F6: 115 | G6: 30 | H6: Capacitor | I6: 2 | J6: Paralelo | K6: Fijo | L6: Sí
A7: =VLOOKUP(E7,'[2]Listas Desplegables'!$H$3:$J$7,2,FALSE) -> #N/A | B7: =VLOOKUP(E7,'[2]Listas Desplegables'!$H$3:$J$7,3,FALSE) -> #N/A | C7: 2 | D7: Compensación S/E Buturama | E7: Buturama | F7: 115 | G7: 5 | H7: Capacitor | I7: 1 | J7: Paralelo | K7: Fijo | L7: Sí
A8: =VLOOKUP(E8,'[2]Listas Desplegables'!$H$3:$J$7,2,FALSE) -> #N/A | B8: =VLOOKUP(E8,'[2]Listas Desplegables'!$H$3:$J$7,3,FALSE) -> #N/A | C8: 3 | D8: Compensación S/E Tibú | E8: Tibú | F8: 115 | G8: 15 | H8: Capacitor | I8: 2 | J8: Paralelo | K8: Fijo | L8: Sí
A9: =VLOOKUP(E9,'[2]Listas Desplegables'!$H$3:$J$7,2,FALSE) -> #N/A | B9: =VLOOKUP(E9,'[2]Listas Desplegables'!$H$3:$J$7,3,FALSE) -> #N/A | C9: 4 | D9: Compensación S/E Ayacucho | E9: Ayacucho | F9: 115 | G9: 5 | H9: Capacitor | I9: 1 | J9: Paralelo | K9: Fijo | L9: Sí | M9: 45291 | N9: Proyecto en identificación por señales de estudios de planeamiento, se reservar espacio en la subestación por 115 kV.
A10: =VLOOKUP(E10,'[2]Listas Desplegables'!$H$3:$J$7,2,FALSE) -> #N/A | B10: =VLOOKUP(E10,'[2]Listas Desplegables'!$H$3:$J$7,3,FALSE) -> #N/A | C10: 5 | D10: SVC (Compensador Estático de Voltaje) | E10: Ínsula | F10: 115 | G10: 80 | H10: Capacitor | I10: 15 | J10: Paralelo | K10: Fijo | L10: No | M10: 47848 | N10: Proyecto en identificación por señales de estudios de planeamiento, se reservar espacio en la subestación por 115 kV.
A11: =VLOOKUP(E11,'[2]Listas Desplegables'!$H$3:$J$7,2,FALSE) -> #N/A | B11: =VLOOKUP(E11,'[2]Listas Desplegables'!$H$3:$J$7,3,FALSE) -> #N/A | C11: 6 | D11: SVC (Compensador Estático de Voltaje) | E11: Planta Zulia | F11: 115 | G11: 80 | H11: Capacitor | I11: 15 | J11: Paralelo | K11: Fijo | L11: No | M11: 48213 | N11: Proyecto en identificación por señales de estudios de planeamiento, se reservar espacio en la subestación por 115 kV.
A12: =VLOOKUP(E12,'[2]Listas Desplegables'!$H$3:$J$7,2,FALSE) -> #N/A | B12: =VLOOKUP(E12,'[2]Listas Desplegables'!$H$3:$J$7,3,FALSE) -> #N/A | C12: 7 | D12: SVC (Compensador Estático de Voltaje) | E12: Ocaña | F12: 115 | G12: 80 | H12: Capacitor | I12: 15 | J12: Paralelo | K12: Fijo | L12: No | M12: 48213 | N12: Proyecto en identificación por señales de estudios de planeamiento, se reservar espacio en la subestación por 115 kV.
A13: =VLOOKUP(E13,'[2]Listas Desplegables'!$H$3:$J$7,2,FALSE) -> #N/A | B13: =VLOOKUP(E13,'[2]Listas Desplegables'!$H$3:$J$7,3,FALSE) -> #N/A | C13: 8 | D13: SVC (Compensador Estático de Voltaje) | E13: Convención | F13: 115 | G13: 80 | H13: Capacitor | I13: 15 | J13: Paralelo | K13: Fijo | L13: No | M13: 48579 | N13: Proyecto en identificación por señales de estudios de planeamiento, se reservar espacio en la subestación por 115 kV.
A14: =VLOOKUP(E14,'[2]Listas Desplegables'!$H$3:$J$7,2,FALSE) -> #N/A | B14: =VLOOKUP(E14,'[2]Listas Desplegables'!$H$3:$J$7,3,FALSE) -> #N/A | C14: 9 | D14: SVC (Compensador Estático de Voltaje) | E14: San Mateo | F14: 115 | G14: 80 | H14: Capacitor | I14: 15 | J14: Paralelo | K14: Fijo | L14: No | M14: 48579 | N14: Proyecto en identificación por señales de estudios de planeamiento, se reservar espacio en la subestación por 115 kV.
A15: =VLOOKUP(E15,'[2]Listas Desplegables'!$H$3:$J$7,2,FALSE) -> #N/A | B15: =VLOOKUP(E15,'[2]Listas Desplegables'!$H$3:$J$7,3,FALSE) -> #N/A | C15: 10
A16: =VLOOKUP(E16,'[2]Listas Desplegables'!$H$3:$J$7,2,FALSE) -> #N/A | B16: =VLOOKUP(E16,'[2]Listas Desplegables'!$H$3:$J$7,3,FALSE) -> #N/A | C16: 11
A17: =VLOOKUP(E17,'[2]Listas Desplegables'!$H$3:$J$7,2,FALSE) -> #N/A | B17: =VLOOKUP(E17,'[2]Listas Desplegables'!$H$3:$J$7,3,FALSE) -> #N/A | C17: 12
A18: =VLOOKUP(E18,'[2]Listas Desplegables'!$H$3:$J$7,2,FALSE) -> #N/A | B18: =VLOOKUP(E18,'[2]Listas Desplegables'!$H$3:$J$7,3,FALSE) -> #N/A | C18: 13
A19: =VLOOKUP(E19,'[2]Listas Desplegables'!$H$3:$J$7,2,FALSE) -> #N/A | B19: =VLOOKUP(E19,'[2]Listas Desplegables'!$H$3:$J$7,3,FALSE) -> #N/A | C19: 14
A20: =VLOOKUP(E20,'[2]Listas Desplegables'!$H$3:$J$7,2,FALSE) -> #N/A | B20: =VLOOKUP(E20,'[2]Listas Desplegables'!$H$3:$J$7,3,FALSE) -> #N/A | C20: 15
A21: =VLOOKUP(E21,'[2]Listas Desplegables'!$H$3:$J$7,2,FALSE) -> #N/A | B21: =VLOOKUP(E21,'[2]Listas Desplegables'!$H$3:$J$7,3,FALSE) -> #N/A | C21: 16
A22: =VLOOKUP(E22,'[2]Listas Desplegables'!$H$3:$J$7,2,FALSE) -> #N/A | B22: =VLOOKUP(E22,'[2]Listas Desplegables'!$H$3:$J$7,3,FALSE) -> #N/A | C22: 17
A23: =VLOOKUP(E23,'[2]Listas Desplegables'!$H$3:$J$7,2,FALSE) -> #N/A | B23: =VLOOKUP(E23,'[2]Listas Desplegables'!$H$3:$J$7,3,FALSE) -> #N/A | C23: 18
A24: =VLOOKUP(E24,'[2]Listas Desplegables'!$H$3:$J$7,2,FALSE) -> #N/A | B24: =VLOOKUP(E24,'[2]Listas Desplegables'!$H$3:$J$7,3,FALSE) -> #N/A | C24: 19
A25: =VLOOKUP(E25,'[2]Listas Desplegables'!$H$3:$J$7,2,FALSE) -> #N/A | B25: =VLOOKUP(E25,'[2]Listas Desplegables'!$H$3:$J$7,3,FALSE) -> #N/A | C25: 20
A26: =VLOOKUP(E26,'[2]Listas Desplegables'!$H$3:$J$7,2,FALSE) -> #N/A | B26: =VLOOKUP(E26,'[2]Listas Desplegables'!$H$3:$J$7,3,FALSE) -> #N/A | C26: 21
... A56: =VLOOKUP(E56,'[2]Listas Desplegables'!$H$3:$J$7,2,FALSE) -> #N/A | B56: =VLOOKUP(E56,'[2]Listas Desplegables'!$H$3:$J$7,3,FALSE) -> #N/A | C56: 51
A57: =VLOOKUP(E57,'[2]Listas Desplegables'!$H$3:$J$7,2,FALSE) -> #N/A | B57: =VLOOKUP(E57,'[2]Listas Desplegables'!$H$3:$J$7,3,FALSE) -> #N/A | C57: …

Sheet 7. Compensacion dinamica
C3: Información General de Compensaciones dinámicas
C4: No. | D4: ='Manual de Uso'!C137 -> Nombre | E4: ='Manual de Uso'!C138 -> Subestación | F4: ='Manual de Uso'!C139 -> Nivel de tensión [kV] | G4: ='Manual de Uso'!C140 -> Tecnología | H4: ='Manual de Uso'!C141 -> En Operación | I4: ='Manual de Uso'!C142 -> FPO | J4: ='Manual de Uso'!C143 -> Qmin [MVAr] | K4: ='Manual de Uso'!C144 -> Qmax [MVAr] | L4: ='Manual de Uso'!C145 -> Observaciones transportador
A6: =VLOOKUP(#REF!,'[2]Listas Desplegables'!$H$3:$J$7,2,FALSE) -> #REF! | B6: =VLOOKUP(#REF!,'[2]Listas Desplegables'!$H$3:$J$7,3,FALSE) -> #REF! | C6: 1
A7: =VLOOKUP(#REF!,'[2]Listas Desplegables'!$H$3:$J$7,2,FALSE) -> #REF! | B7: =VLOOKUP(#REF!,'[2]Listas Desplegables'!$H$3:$J$7,3,FALSE) -> #REF! | C7: 2
A8: =VLOOKUP(#REF!,'[2]Listas Desplegables'!$H$3:$J$7,2,FALSE) -> #REF! | B8: =VLOOKUP(#REF!,'[2]Listas Desplegables'!$H$3:$J$7,3,FALSE) -> #REF! | C8: 3
A9: =VLOOKUP(#REF!,'[2]Listas Desplegables'!$H$3:$J$7,2,FALSE) -> #REF! | B9: =VLOOKUP(#REF!,'[2]Listas Desplegables'!$H$3:$J$7,3,FALSE) -> #REF! | C9: 4
A10: =VLOOKUP(#REF!,'[2]Listas Desplegables'!$H$3:$J$7,2,FALSE) -> #REF! | B10: =VLOOKUP(#REF!,'[2]Listas Desplegables'!$H$3:$J$7,3,FALSE) -> #REF! | C10: 5
A11: =VLOOKUP(#REF!,'[2]Listas Desplegables'!$H$3:$J$7,2,FALSE) -> #REF! | B11: =VLOOKUP(#REF!,'[2]Listas Desplegables'!$H$3:$J$7,3,FALSE) -> #REF! | C11: 6
A12: =VLOOKUP(#REF!,'[2]Listas Desplegables'!$H$3:$J$7,2,FALSE) -> #REF! | B12: =VLOOKUP(#REF!,'[2]Listas Desplegables'!$H$3:$J$7,3,FALSE) -> #REF! | C12: 7
A13: =VLOOKUP(#REF!,'[2]Listas Desplegables'!$H$3:$J$7,2,FALSE) -> #REF! | B13: =VLOOKUP(#REF!,'[2]Listas Desplegables'!$H$3:$J$7,3,FALSE) -> #REF! | C13: 8
A14: =VLOOKUP(#REF!,'[2]Listas Desplegables'!$H$3:$J$7,2,FALSE) -> #REF! | B14: =VLOOKUP(#REF!,'[2]Listas Desplegables'!$H$3:$J$7,3,FALSE) -> #REF! | C14: 9
A15: =VLOOKUP(#REF!,'[2]Listas Desplegables'!$H$3:$J$7,2,FALSE) -> #REF! | B15: =VLOOKUP(#REF!,'[2]Listas Desplegables'!$H$3:$J$7,3,FALSE) -> #REF! | C15: 10
A16: =VLOOKUP(#REF!,'[2]Listas Desplegables'!$H$3:$J$7,2,FALSE) -> #REF! | B16: =VLOOKUP(#REF!,'[2]Listas Desplegables'!$H$3:$J$7,3,FALSE) -> #REF! | C16: 11
A17: =VLOOKUP(#REF!,'[2]Listas Desplegables'!$H$3:$J$7,2,FALSE) -> #REF! | B17: =VLOOKUP(#REF!,'[2]Listas Desplegables'!$H$3:$J$7,3,FALSE) -> #REF! | C17: 12
... A56: =VLOOKUP(#REF!,'[2]Listas Desplegables'!$H$3:$J$7,2,FALSE) -> #REF! | B56: =VLOOKUP(#REF!,'[2]Listas Desplegables'!$H$3:$J$7,3,FALSE) -> #REF! | C56: 51
A57: =VLOOKUP(#REF!,'[2]Listas Desplegables'!$H$3:$J$7,2,FALSE) -> #REF! | B57: =VLOOKUP(#REF!,'[2]Listas Desplegables'!$H$3:$J$7,3,FALSE) -> #REF! | C57: …

Sheet 8. DFACTS
C3: Información General de dispositivos DFACTS
C4: No. | D4: ='Manual de Uso'!C146 -> Nombre | E4: ='Manual de Uso'!C147 -> Línea Intervenida | F4: ='Manual de Uso'!C148 -> Nivel de tensión [kV] | G4: ='Manual de Uso'!C149 -> En Operación | H4: ='Manual de Uso'!C150 -> FPO | I4: ='Manual de Uso'!C151 -> Conectado al lado de | J4: ='Manual de Uso'!C152 -> Tensión máxima aporte [V] | K4: ='Manual de Uso'!C153 -> Corriente máxima aporte [A] | L4: ='Manual de Uso'!C154 -> Modelo (si disponible) | M4: ='Manual de Uso'!C155 -> Observaciones transportador
A6: =VLOOKUP(#REF!,'[2]Listas Desplegables'!$H$3:$J$7,2,FALSE) -> #REF! | B6: =VLOOKUP(#REF!,'[2]Listas Desplegables'!$H$3:$J$7,3,FALSE) -> #REF! | C6: 1
A7: =VLOOKUP(#REF!,'[2]Listas Desplegables'!$H$3:$J$7,2,FALSE) -> #REF! | B7: =VLOOKUP(#REF!,'[2]Listas Desplegables'!$H$3:$J$7,3,FALSE) -> #REF! | C7: 2
A8: =VLOOKUP(#REF!,'[2]Listas Desplegables'!$H$3:$J$7,2,FALSE) -> #REF! | B8: =VLOOKUP(#REF!,'[2]Listas Desplegables'!$H$3:$J$7,3,FALSE) -> #REF! | C8: 3
A9: =VLOOKUP(#REF!,'[2]Listas Desplegables'!$H$3:$J$7,2,FALSE) -> #REF! | B9: =VLOOKUP(#REF!,'[2]Listas Desplegables'!$H$3:$J$7,3,FALSE) -> #REF! | C9: 4
A10: =VLOOKUP(#REF!,'[2]Listas Desplegables'!$H$3:$J$7,2,FALSE) -> #REF! | B10: =VLOOKUP(#REF!,'[2]Listas Desplegables'!$H$3:$J$7,3,FALSE) -> #REF! | C10: 5
A11: =VLOOKUP(#REF!,'[2]Listas Desplegables'!$H$3:$J$7,2,FALSE) -> #REF! | B11: =VLOOKUP(#REF!,'[2]Listas Desplegables'!$H$3:$J$7,3,FALSE) -> #REF! | C11: 6
A12: =VLOOKUP(#REF!,'[2]Listas Desplegables'!$H$3:$J$7,2,FALSE) -> #REF! | B12: =VLOOKUP(#REF!,'[2]Listas Desplegables'!$H$3:$J$7,3,FALSE) -> #REF! | C12: 7
A13: =VLOOKUP(#REF!,'[2]Listas Desplegables'!$H$3:$J$7,2,FALSE) -> #REF! | B13: =VLOOKUP(#REF!,'[2]Listas Desplegables'!$H$3:$J$7,3,FALSE) -> #REF! | C13: 8
A14: =VLOOKUP(#REF!,'[2]Listas Desplegables'!$H$3:$J$7,2,FALSE) -> #REF! | B14: =VLOOKUP(#REF!,'[2]Listas Desplegables'!$H$3:$J$7,3,FALSE) -> #REF! | C14: 9
A15: =VLOOKUP(#REF!,'[2]Listas Desplegables'!$H$3:$J$7,2,FALSE) -> #REF! | B15: =VLOOKUP(#REF!,'[2]Listas Desplegables'!$H$3:$J$7,3,FALSE) -> #REF! | C15: 10
A16: =VLOOKUP(#REF!,'[2]Listas Desplegables'!$H$3:$J$7,2,FALSE) -> #REF! | B16: =VLOOKUP(#REF!,'[2]Listas Desplegables'!$H$3:$J$7,3,FALSE) -> #REF! | C16: 11
A17: =VLOOKUP(#REF!,'[2]Listas Desplegables'!$H$3:$J$7,2,FALSE) -> #REF! | B17: =VLOOKUP(#REF!,'[2]Listas Desplegables'!$H$3:$J$7,3,FALSE) -> #REF! | C17: 12
... A56: =VLOOKUP(#REF!,'[2]Listas Desplegables'!$H$3:$J$7,2,FALSE) -> #REF! | B56: =VLOOKUP(#REF!,'[2]Listas Desplegables'!$H$3:$J$7,3,FALSE) -> #REF! | C56: 51
A57: =VLOOKUP(#REF!,'[2]Listas Desplegables'!$H$3:$J$7,2,FALSE) -> #REF! | B57: =VLOOKUP(#REF!,'[2]Listas Desplegables'!$H$3:$J$7,3,FALSE) -> #REF! | C57: …

Sheet 9. Formato espacio físico
A1: Ítem | B1: Contenido | C1: Extensiónes recomendadas para la entrega del archivo | D1: Presentado | E1: Nombre del Archivo | F1: Razón por la cual no se presenta la información
A2: 1 | B2: Planos de vista en planta y vista en cortes de la subestación | C2: .dwg o .pdf | D2: Si | E2: En el archivo espacio fisico se crea una carpeta por cada subestación denominada Planta
A3: 2 | B3: Diagrama unifilar general de la subestación | C3: .dwg o .pdf | D3: Si | E3: En el archivo espacio fisico se crea una carpeta por cada subestación denominada unifilar, a su vez en el archivo georeferenciación se encuentran los diagramas en UC's.
A4: 3 | B4: Diagrama unifilar de servicios auxiliares | C4: .dwg o .pdf | D4: Si | E4: En el archivo espacio fisico se crea una carpeta por cada subestación denominada unifilar, a su vez en el archivo georeferenciación se encuentran los diagramas en UC's.
A5: 4 | B5: Espacio disponible para servicios auxiliares | C5: .dwg o .pdf | D5: Si | E5: En el archivo espacio fisico se crea una carpeta por cada subestación denominada unifilar, a su vez en el archivo georeferenciación se encuentran los diagramas en UC's.
A6: 5 | B6: Planos arquitectonicos del edificio de control. Debe contener la disposición y espacio físico en edificio de control. | C6: .dwg o .pdf | D6: Si | E6: En el archivo espacio fisico se crea una carpeta por cada subestación denominada casa control
A7: 6 | B7: Expansiones proyectadas en la subestación. Debe contener los espacios que se encuentran reservados para proyectos aprobados. | C7: .dwg o .pdf | D7: No | F7: No se cuenta con dicha información.
A8: 7 | B8: Disponibilidad de espacio para las salidas de las líneas de transmisión y/o distribución | C8: .dwg o .pdf | D8: Si | E8: En el archivo espacio fisico se crea una carpeta por cada subestación denominada casa control
A9: 8 | B9: Disponibilidad de terrenos contiguos. | C9: .dwg o .pdf | D9: No | F9: No se cuenta con dicha información.
A10: 9 | B10: Archivo fotográfico de la subestación y del lote circundante. | C10: .jpg, .png, .tif o .pdf | D10: Si | E10: En el archivo espacio fisico se crea una carpeta por cada subestación denominada fotos

Sheet Listas Desplegables
B2: 1. LÍNEAS
B3: Clase | E3: GD | F3: 0 | G3: 100
B4: STN | E4: AGPE con excedentes | F4: 0 | G4: 1000
B5: STR | E5: AGPE sin excedentes | F5: 0 | G5: 1000
B6: SDL
B7: Tipo de Línea | E7: Recurso
B8: Áerea | E8: Solar | F8: Eólica | G8: Hidráulico | H8: Biomasa | I8: Geotérmica | J8: Térmica
B9: Subterránea | E9: Sol | F9: Viento | G9: Agua | H9: Cultivo Energético | I9: Vapor | J9: Carbón
B10: En Operación | H10: Otro
B11: Sí
B12: No
B14: 2. Tr3
B15: En Operación
B16: Sí
B17: No
B18: Uso
B19: STN
B20: STR
B21: SDL
B23: 3. Tr2
B24: En Operación
... B87: No
