Workbook

Sheet Manual de Uso
B2: MANUAL DE USO PARA EL REPORTE DE INFORMACIÓN REQUERIDA DE LOS TRANSPORTADORES
B7: INTRODUCCIÓN
B8: El presente formato se establece en cumplimiento de lo establecido en el articulo 7 de la Resolución CREG 075 de 2021, para facilitar el reporte uniforme de la información que los transportadores deben entregar para la realización de los estudios de conexión y disponibilidad de espacio físico. El uso del presente formato es transitorio, y se requerirá hasta que entre en funcionamiento el sistema de información de la ventanilla única de la UPME, a través del cual se reportará y actualizará la información requerida para estudios de conexión.
B14: CONTENIDO
B15: El Formato se encuentra dividido en 9 secciones según el tipo de activo a reportar: 1. Información de líneas de transmisión y distribución 2. Información de transformadores tridevanados 3. Información de transformadores bidevanados 4. Información de subestaciones 5. Información de demandas 6. Información de compensaciones 7. Información de compensaciones dinámicas 8. Información de dispositivos DFACTS 9. Información de disponibilidad de espacio físico
B26: MANUAL DE USO
B27: Dentro de cada sección se solicita que el Transportador compile información característica de cada uno de los tipos de activo. A continuación, se presenta la información y una descripción de lo requerido:
B29: Líneas de transmisión y distribución | C29: Nombre | D29: Nombre de línea de transmisión o distribución.
C30: Subestación 1 | D30: Subestación o punto de la red a la cual se conecta uno de los extremos de la línea
C31: Subestación 2 | D31: Subestación o punto de la red a la cual se conecta el otro extremo de la línea
C32: Nivel de tensión [kV] | D32: Nivel de tensión nominal en kilovoltios al cual opera la línea
C33: Longitud [km] | D33: Longitud en kilometros de la línea
C34: Capacidad transporte nominal [A] | D34: Capacidad de transporte de corriente nominal de la línea de transmisión en estado estable en amperios
C35: Capacidad transporte térmico [A] | D35: Capacidad nominal de transporte de corriente del conductor de menor capacidad utilizado en la línea de transmisión en amperios
C36: Capacidad transporte emergencia [A] | D36: Capacidad de corriente máxima que puede soportar la línea ante condiciones de emergencia en amperios
C37: Causa límite de capacidad | D37: Declarar cuál es el elemento que impone el límite operativo, es decir el que restringe la máxima corriente. Entre los elementos están: línea de transmisión (Cable), bajantes de conexión con los pararrayos y los transformadores de potencial, trampas de onda, transformadores de corriente, interruptores, seccionadores
C38: R1 [Ohm/km] | D38: Resistencia de secuencia positiva por unidad de longitud en ohmios por kilometro
C39: X1 [Ohm/km] | D39: Reactancia de secuencia positiva por unidad de longitud en ohmios por kilometro
C40: B1 [uS/km] | D40: Susceptancia de secuancia positiva por unidad de longitud en microsiemens por kilometro
C41: R0 [Ohm/km] | D41: Resistencia de secuencia cero por unidad de longitud en ohmios por kilometro
... C45: Tipo | D45: Tipo de línea. Se debe escoger en la lista desplegable entre: Áerea o Subterranea
C46: En Operación | D46: Se debe escoger en la lista desplegable entre: Sí, cuando el activo se encuentre en operación al momento de realizar la entrega de la información, o No, si el activo tiene una fecha de puesta en operación futura | I46: Activos de uso de STN
C47: FPO | D47: Si el activo no se encuentra en operación, se debe especificar la Fecha de Puesta en Operación planteada en formato dd/mm/aaaa. | I47: Activos de uso de STR y SDL
C48: Conductor | D48: Se debe indicar el calibre y material del conductor predominante en la línea de transmisión o distribución | I48: Activos de conexión del OR al STN
C49: Tiempo medio de reparación por evento [h] | D49: Tiempo de medio en horas que puede durar cada evento de indisponibilidad del activo | I49: Activos de conexión a un STR o a un SDL
C50: Horas anuales de indisponibilidad [h] | D50: Tiempo anual de indisponibilidad del activo en horas
C51: Eventos anuales de indisponibilidad | D51: Número de eventos de indisponibilidad del activo
C52: Operador | D52: Compañía que opera la línea de transmisión ante el CND
C53: Tipo activo Uso/Conexión | D53: Activos de uso de STN: son aquellos activos de transporte de electricidad que operan a tensiones iguales o superiores a 220 kV, son remunerados mediante Cargos por Uso del STN y pueden estar constituidos por una o varias UC. (Resolución CREG 011 de 2009. Activos de uso de STR y SDL: son aquellos activos de transporte de electricidad que operan a tensiones inferiores a 220 kV que son utilizados por más de un usuario y son remunerados mediante cargos por uso de STR o SDL. (Resolución CREG 015 de 2018) Nota: Los activos que sean remunerados mediante cargos por uso del STN o STR y que están constituidos por una o varias unidades constructivas y que pertenezcan a nivel inferior a 220 kV se deberán clasificar como Activos de Uso del STN o STR de acuerdo a como sean remunerados Activos de conexión del OR al STN: son los bienes que se requieren para que un operador de red se conecte físicamente al Sistema de Transmisión Nacional, STN. Activos de conexión a un STR o a un SDL: son los bienes que se requieren para que un OR se conecte físicamente a un Sistema de Transmisión Regional, STR, o a un Sistema de Distribución Local, SDL, de otro OR (Operador de Red). También son activos de conexión los utilizados exclusivamente por un usuario final para conectarse a los niveles de tensión 4, 3, 2 o 1. Un usuario está conectado al nivel de tensión en el que está instalado su equipo de medida individual (Resolución CREG 015 de 2018))
C54: Observaciones transportador | D54: Sección de libre diligenciamiento, donde el transportador debe indicar explicítamente cualquier condición operativa o de planeación que no este incluida en las demás variables. Ejemplo: La línea opera normalmente abierta al lado de la subestación A o se tiene planeado una repotenciación de la línea hasta una capacidad de X Amperios, la cual entrará en operación desde dd/mm/aaaa.
B55: Transformadores tridevanados | C55: Nombre | D55: Nombre del transformador tridevanado. Se sugiere sea nombre de la subestación seguido de los niveles de tensión del transformador
C56: Subestación | D56: Subestación en la cual se encuentra ubicado el transformador
C57: Nivel de tensión HV [kV] | D57: Nivel de tensión nominal de diseño de los bornes de alta tensión del transformador en kilovoltios
C58: Nivel de tensión MV [kV] | D58: Nivel de tensión nominal de diseño de los bornes de media tensión del transformador en kilovoltios
C59: Nivel de tensión LV [kV] | D59: Nivel de tensión nominal de diseño de los bornes de baja tensión del transformador en kilovoltios
C60: Capacidad HV [MVA] | D60: Capacidad nominal en el devanado de alta tensión del transformador en MVA
C61: Capacidad MV [MVA] | D61: Capacidad nominal en el devanado de media tensión del transformador en MVA
C62: Capacidad LV [MVA] | D62: Capacidad nominal en el devanado de baja tensión del transformador en MVA
C63: Grupo de conexión | D63: Convención utilizada para describir las configuraciones de los distintos devanados del transformador y el desfase en los angulos de fase según norma IEC 60076-1 2011. Ejemplo: YNyn0d5
C64: Impedancia HV-MV Secuencia +[%] | D64: Impedancia de corto circuito entre los devanados de alta y media tensión en secuencia positiva como porcentaje de la impedancia de referencia
C65: Impedancia HV-LV Secuencia +[%] | D65: Impedancia de corto circuito entre los devanados de alta y baja tensión en secuencia positiva como porcentaje de la impedancia de referencia
C66: Impedancia MV-LV Secuencia +[%] | D66: Impedancia de corto circuito entre los devanados de media y baja tensión en secuencia positiva como porcentaje de la impedancia de referencia
C67: Impedancia HV-MV Secuencia 0[%] | D67: Impedancia de corto circuito entre los devanados de alta y media tensión en secuencia cero como porcentaje de la impedancia de referencia
... C86: Observaciones transportador | D86: Sección de libre diligenciamiento, donde el transportador debe indicar explicítamente cualquier condición operativa o de planeación que no este incluida en las demás variables.
B87: Tranformadores bidevanados | C87: Nombre | D87: Nombre del transformador tridevanado. Se sugiere sea nombre de la subestación seguido de los niveles de tensión del transformador
C88: Subestación | D88: Subestación en la cual se encuentra ubicado el transformador
C89: Nivel de tensión HV [kV] | D89: Nivel de tensión nominal de diseño de los bornes de alta tensión del transformador en kilovoltios
C90: Nivel de tensión LV [kV] | D90: Nivel de tensión nominal de diseño de los bornes de baja tensión del transformador en kilovoltios
C91: Capacidad [MVA] | D91: Capacidad nominal del transformador en MVA
C92: Grupo de conexión | D92: Convención utilizada para describir las configuraciones de los distintos devanados del transformador y el desfase en los angulos de fase según norma IEC 60076-1 2011. Ejemplo: Dyn11
C93: Impedancia Secuencia +[%] | D93: Impedancia de corto circuito en secuencia positiva como porcentaje de la impedancia de referencia
C94: Impedancia Secuencia 0[%] | D94: Impedancia de corto circuito en secuencia cero como porcentaje de la impedancia de referencia
C95: Posición Neutral Tap | D95: Valor del cambiador de tomas como número entero que permite alcanzar los valores nominales de tensión en el transformador
C96: Posición Máxima Tap | D96: Máximo valor posible del cambiador de tomas como número entero
C97: Posición Mínima Tap | D97: Mínimo valor posible del cambiador de tomas como número entero
C98: Delta Tap [%] | D98: La diferencia entre dos pasos adyacentes del cambiador de tomas expresada como un porcentaje.
C99: Sobrecarga en emergencia | D99: Valor de sobrecarga aceptable en el transformador ante condiciones de emergencia expresado como porcentaje respecto a la capacidad del transformador y en la cantidad de tiempo en minutos en que el transformador puede soportar dicha condición
... C109: Observaciones transportador | D109: Sección de libre diligenciamiento, donde el transportador debe indicar explicítamente cualquier condición operativa o de planeación que no este incluida en las demás variables.
B110: Subestaciones NOTA. En caso de que una subestación tenga en su predio patios de distintos niveles de tensión, se debe realizar un reporte por cada nivel de tensión. | C110: Nombre | D110: Nombre de la subestación
C111: Agente Administrador | D111: Razón social del transportador con el mayor porcentaje de propiedad de los activos de la subestación
C112: Nivel de tensión [kV] | D112: Nivel de tensión nominal de la(s) barra(s) de la subestación en kilovoltios
C113: Capacidad de interrupción [kA] | D113: Capacidad máxima de interrupción de cortocircuito de la subestación, expresada en kiloamperios (kA), determinada por el elemento que impone el límite operativo. El valor reportado deberá corresponder a la menor capacidad de interrupción o soporte al cortocircuito entre los equipos y componentes relevantes de la subestación, lo cual deberá ser coherente con el elemento limitante declarado.
C114: Elemento limitante | D114: Declarar el elemento que impone el límite operativo de la subestación, entendido como aquel equipo o componente que restringe la máxima corriente de cortocircuito admisible. Entre los posibles elementos limitantes se incluyen, sin limitarse a: interruptores de potencia, seccionadores, barras, transformadores de corriente (TC), transformadores de potencial (TP) y la malla de puesta a tierra.
C115: Configuración | D115: Configuración de barras de la subestación. Se debe escoger en la lista desplegable entre: barra sencilla, barra principal y transferencia, barra sencilla seccionada, barra seccionada con barra de transferencia, doble barra, doble barra con transferencia, doble barra con doble interruptor, interruptor y medio o anillo.
C116: Tipo | D116: Se debe escoger de la lista despelegable entre: Convencional, Encapsulada y Mixta.
C117: En Operación | D117: Se debe escoger en la lista desplegable entre: Sí, cuando el activo se encuentre en operación al momento de realizar la entrega de la información, o No, si el activo tiene una fecha de puesta en operación futura
C118: FPO | D118: Si el activo no se encuentra en operación, se debe especificar la Fecha de Puesta en Operación planteada en formato dd/mm/aaaa.
C119: Departamento | D119: Nombre del departamento en que se ubica o ubicará la subestación
C120: Municipio | D120: Nombre del municipio en que se ubica o ubicará la subestación
C121: Operador | D121: Compañía que opera la línea de transmisión ante el CND
C122: Tipo activo Uso/Conexión | D122: Activos de uso de STN: son aquellos activos de transporte de electricidad que operan a tensiones iguales o superiores a 220 kV, son remunerados mediante Cargos por Uso del STN y pueden estar constituidos por una o varias UC. (Resolución CREG 011 de 2009. Activos de uso de STR y SDL: son aquellos activos de transporte de electricidad que operan a tensiones inferiores a 220 kV que son utilizados por más de un usuario y son remunerados mediante cargos por uso de STR o SDL. (Resolución CREG 015 de 2018) Nota: Los activos que sean remunerados mediante cargos por uso del STN o STR y que están constituidos por una o varias unidades constructivas y que pertenezcan a nivel inferior a 220 kV se deberán clasificar como Activos de Uso del STN o STR de acuerdo a como sean remunerados Activos de conexión del OR al STN: son los bienes que se requieren para que un operador de red se conecte físicamente al Sistema de Transmisión Nacional, STN. Activos de conexión a un STR o a un SDL: son los bienes que se requieren para que un OR se conecte físicamente a un Sistema de Transmisión Regional, STR, o a un Sistema de Distribución Local, SDL, de otro OR (Operador de Red). También son activos de conexión los utilizados exclusivamente por un usuario final para conectarse a los niveles de tensión 4, 3, 2 o 1. Un usuario está conectado al nivel de tensión en el que está instalado su equipo de medida individual (Resolución CREG 015 de 2018))
C123: Observaciones transportador | D123: Sección de libre diligenciamiento, donde el transportador debe indicar explicítamente cualquier condición operativa o de planeación que no este incluida en las demás variables.
B124: Demandas | C124: Nombre | D124: Nombre de la demanda
C125: Subestación | D125: Subestación en la que se encuentra conectada la demanda. Para demandas conectadas a niveles de tensión inferiores a 11.4 kV se debe referir a nivel de tensión superior.
C126: Nivel de tensión [kV] | D126: Nivel de tensión en kilovoltios al que se conecta o refiere la demanda.
C127: Tipo | D127: Se debe escoger en la lista desplegable entre: Industrial, Comercial, Residencial y Oficial. En caso de que la demanda incluya varios tipos se debe seleccionar el tipo de mayor magnitud.
C128: Atendida Subestación Nivel IV | D128: Subestación de nivel de tensión IV o superior que atiende a la demanda.
C129: En Operación | D129: Se debe escoger en la lista desplegable entre: Sí, cuando el activo se encuentre en operación al momento de realizar la entrega de la información, o No, si el activo tiene una fecha de puesta en operación futura
C130: FPO | D130: Si el activo no se encuentra en operación, se debe especificar la Fecha de Puesta en Operación planteada en formato dd/mm/aaaa.
C131: Demanda Mínima | D131: Valor mínimo de demanda de potencia activa en MW y reactiva en MVAr esperado para la demanda en el año inmediatamente anterior, registrado a la hora 03:00, el cual debe ser actualizado de manera anual.
C132: Demanda Media | D132: Valor medio de de demanda de potencia activa en MW y reactiva en MVAr esperado para la demanda en el año inmediatamente anterior, registrado a la hora 12:00, el cual debe ser actualizado de manera anual.
C133: Demanda Máxima | D133: Valor máximo de de demanda de potencia activa en MW y reactiva en MVAr esperado para la demanda en el año inmediatamente anterior, registrado a la hora 19:00, el cual debe ser actualizado de manera anual.
C134: Traslados de carga Año | D134: Año en el cual se materializa el traslado de carga. Si existen traslados en más de un año, se deberá diligenciar una columna por cada año.
C135: Porcentaje | D135: Porcentaje de la carga que se traslada desde la subestación de origen indicada en la fila correspondiente, para el año señalado. El porcentaje deberá asociarse exclusivamente al traslado reportado en la misma columna de año y subestación destino. En caso de múltiples traslados, se deberá diligenciar una columna por cada porcentaje correspondiente.
C136: Subestación destino traslado | D136: Subestación hacia la cual se traslada la carga, ya sea perteneciente al STR o al SDL. Cuando exista más de una subestación destino, se deberá diligenciar una columna independiente por cada una, asociada a su respectivo año y porcentaje.
C137: Observaciones transportador | D137: Sección de libre diligenciamiento, donde el transportador debe indicar explicítamente cualquier condición operativa o de planeación que no este incluida en las demás variables.
B138: Compensación estática | C138: Nombre | D138: Nombre de la compensación. Se sugiere usar el nombre de la subestación a la que se conecta.
C139: Subestación | D139: Nombre de la subestación a la que se conecta la compensación.
C140: Nivel de tensión [kV] | D140: Nivel de tensión de la subestación en kilovoltios
C141: Capacidad [MVAr] | D141: Capacidad de la compensación en MVAr
C142: Tipo activo | D142: Se debe escoger en la lista desplegable entre: Capcitor o reactor
C143: Número de pasos | D143: Número de pasos posibles para alcanzar la capacidad de la compensación
C144: Tipo conexión | D144: Se debe escoger en la lista desplegable entre: Serie y Paralelo
C145: Operabilidad | D145: Se debe escoger en la lista desplegable entre: Fijo y Maniobrable
C146: En Operación | D146: Se debe escoger en la lista desplegable entre: Sí, cuando el activo se encuentre en operación al momento de realizar la entrega de la información, o No, si el activo tiene una fecha de puesta en operación futura
C147: FPO | D147: Si el activo no se encuentra en operación, se debe especificar la Fecha de Puesta en Operación planteada en formato dd/mm/aaaa.
C148: Operador | D148: Compañía que opera la línea de transmisión ante el CND
C149: Tipo activo Uso/Conexión | D149: Activos de uso de STN: son aquellos activos de transporte de electricidad que operan a tensiones iguales o superiores a 220 kV, son remunerados mediante Cargos por Uso del STN y pueden estar constituidos por una o varias UC. (Resolución CREG 011 de 2009. Activos de uso de STR y SDL: son aquellos activos de transporte de electricidad que operan a tensiones inferiores a 220 kV que son utilizados por más de un usuario y son remunerados mediante cargos por uso de STR o SDL. (Resolución CREG 015 de 2018) Nota: Los activos que sean remunerados mediante cargos por uso del STN o STR y que están constituidos por una o varias unidades constructivas y que pertenezcan a nivel inferior a 220 kV se deberán clasificar como Activos de Uso del STN o STR de acuerdo a como sean remunerados Activos de conexión del OR al STN: son los bienes que se requieren para que un operador de red se conecte físicamente al Sistema de Transmisión Nacional, STN. Activos de conexión a un STR o a un SDL: son los bienes que se requieren para que un OR se conecte físicamente a un Sistema de Transmisión Regional, STR, o a un Sistema de Distribución Local, SDL, de otro OR (Operador de Red). También son activos de conexión los utilizados exclusivamente por un usuario final para conectarse a los niveles de tensión 4, 3, 2 o 1. Un usuario está conectado al nivel de tensión en el que está instalado su equipo de medida individual (Resolución CREG 015 de 2018))
C150: Observaciones transportador | D150: Sección de libre diligenciamiento, donde el transportador debe indicar explicítamente cualquier condición operativa o de planeación que no este incluida en las demás variables.
B151: Compensación dinámica | C151: Nombre | D151: Nombre de la compensación dinámica. Se sugiere usar el nombre de la subestación a la que se conecta.
...

Sheet Unifilares Atlantico
B9: UNIFILAR ACTUAL | N9: UNIFILAR FUTURO
C45: UNIFILAR SDL SE MALAMBO | O45: UNIFILAR SDL SE BARANOA | Z45: UNIFILAR SDL SE'S LAS FLORES, RIOMAR y SILENCIO
AK47: UNIFILAR SDL SE NUEVA GALAPA
AK61: UNIFILAR SDL SE PALERMO
C65: Unifilar SDL SE's El Río, Unión y Magdalena
U74: UNIFILAR SDL SE SALAMINA
C86: UNIFILAR SDL SE SABANALARGA

Sheet Unifiliares Magdalena y Guajira
D4: Diagramas Unifilares Actuales De La Guajira y Magdalena | Y4: Diagramas Unifilares Futuros De La Guajira y Magdalena
C53: UNIFILAR SDL SE SAN JUAN | J53: UNIFILAR SDL SE RIOHACHA | Y53: UNIFILAR SDL SE SANTA MARTA
D75: UNIFILAR SDL SE CUESTECITAS | K75: UNIFILAR SDL SE FUNDACIÓN | U75: UNIFILAR SDL SE RÍO CÓRDOBA | Z75: UNIFILAR SDL SE GAIRA
D96: UNIFILAR SDL SE PLATO

Sheet 1. Líneas
C3: Información General de Líneas
C4: No. | D4: ='Manual de Uso'!C29 -> Nombre | E4: ='Manual de Uso'!C30 -> Subestación 1 | F4: ='Manual de Uso'!C31 -> Subestación 2 | G4: ='Manual de Uso'!C32 -> Nivel de tensión [kV] | H4: ='Manual de Uso'!C33 -> Longitud [km] | I4: ='Manual de Uso'!C34 -> Capacidad transporte nominal [A] | J4: ='Manual de Uso'!C35 -> Capacidad transporte térmico [A] | K4: ='Manual de Uso'!C36 -> Capacidad transporte emergencia [A] | L4: ='Manual de Uso'!C37 -> Causa límite de capacidad | M4: ='Manual de Uso'!C38 -> R1 [Ohm/km] | N4: ='Manual de Uso'!C39 -> X1 [Ohm/km] | O4: ='Manual de Uso'!C40 -> B1 [uS/km] | P4: ='Manual de Uso'!C41 -> R0 [Ohm/km] | Q4: ='Manual de Uso'!C42 -> X0 [Ohm/km] | R4: ='Manual de Uso'!C43 -> B0 [uS/km] | S4: ='Manual de Uso'!C44 -> Sistema | T4: ='Manual de Uso'!C45 -> Tipo | U4: ='Manual de Uso'!C46 -> En Operación | V4: ='Manual de Uso'!C47 -> FPO | W4: ='Manual de Uso'!C48 -> Conductor | X4: ='Manual de Uso'!C49 -> Tiempo medio de reparación por evento [h] | Y4: ='Manual de Uso'!C50 -> Horas anuales de indisponibilidad [h] | Z4: ='Manual de Uso'!C51 -> Eventos anuales de indisponibilidad | AA4: ='Manual de Uso'!C52 -> Operador | AB4: ='Manual de Uso'!C53 -> Tipo activo Uso/Conexión | AC4: ='Manual de Uso'!C54 -> Observaciones transportador
A6: =VLOOKUP(E6,'[1]Listas Desplegables'!$H$3:$J$7,2,FALSE()) -> #N/A | B6: =VLOOKUP(E6,'[1]Listas Desplegables'!$H$3:$J$7,3,FALSE()) -> #N/A | C6: 1 | D6: LN701 | E6: Oasis | F6: Termoflores | G6: 110 | H6: 3.2 | I6: 945 | J6: 979 | K6: 979 | L6: Línea de transmisión | M6: 0.0303 | N6: 0.1997 | O6: 6.456 | P6: 0.368 | Q6: 1.481 | R6: 1.827 | S6: STR | T6: Áerea | U6: Sí | W6: 927,2 AAAC | Y6: 74.1 | Z6: 1
A7: =VLOOKUP(E7,'[1]Listas Desplegables'!$H$3:$J$7,2,FALSE()) -> #N/A | B7: =VLOOKUP(E7,'[1]Listas Desplegables'!$H$3:$J$7,3,FALSE()) -> #N/A | C7: 2 | D7: LN703 | E7: Caracolí | F7: Silencio | G7: 110 | H7: 12.5 | I7: 691 | J7: 706 | K7: 706 | L7: Línea de transmisión | M7: 0.0736 | N7: 0.4552 | O7: 3.6814 | P7: 0.2417 | Q7: 1.5823 | R7: 2.189 | S7: STR | T7: Áerea | U7: Sí | W7: 927,2 AAAC | Y7: 153.34 | Z7: 1
A8: =VLOOKUP(E8,'[1]Listas Desplegables'!$H$3:$J$7,2,FALSE()) -> #N/A | B8: =VLOOKUP(E8,'[1]Listas Desplegables'!$H$3:$J$7,3,FALSE()) -> #N/A | C8: 3 | D8: LN704 | E8: Tebsa | F8: Cordialidad | G8: 110 | H8: 8.62 | I8: 640 | J8: 794 | K8: 690 | L8: Línea de transmisión | M8: 0.074 | N8: 0.4757 | O8: 3.52 | P8: 0.4246 | Q8: 1.4121 | R8: 2.14 | S8: STR | T8: Áerea | U8: Sí | W8: 927,2 AAAC | Y8: 29.55 | Z8: 1
A9: =VLOOKUP(E9,'[1]Listas Desplegables'!$H$3:$J$7,2,FALSE()) -> #N/A | B9: =VLOOKUP(E9,'[1]Listas Desplegables'!$H$3:$J$7,3,FALSE()) -> #N/A | C9: 4 | D9: LN705 | E9: Baranoa | F9: Malambo | G9: 110 | H9: 17.7 | I9: 530 | J9: 580 | K9: 580 | L9: Línea de transmisión | M9: 0.1194 | N9: 0.4952 | O9: 3.34 | P9: 0.4512 | Q9: 1.4377 | R9: 2.06 | S9: STR | T9: Áerea | U9: Sí | W9: 559,5 AAAC | Y9: 30.21 | Z9: 1
A10: =VLOOKUP(E10,'[1]Listas Desplegables'!$H$3:$J$7,2,FALSE()) -> #N/A | B10: =VLOOKUP(E10,'[1]Listas Desplegables'!$H$3:$J$7,3,FALSE()) -> #N/A | C10: 5 | D10: LN706 | E10: Tebsa | F10: El Rio | G10: 110 | H10: 7.39 | I10: 650 | J10: 794 | K10: 690 | L10: Línea de transmisión | M10: 0.0733 | N10: 0.4367 | O10: 3.833 | P10: 0.3832 | Q10: 1.5675 | R10: 2.092 | S10: STR | T10: Áerea | U10: Sí | W10: 927,2 AAAC | Y10: 26.67 | Z10: 1
A11: =VLOOKUP(E11,'[1]Listas Desplegables'!$H$3:$J$7,2,FALSE()) -> #N/A | B11: =VLOOKUP(E11,'[1]Listas Desplegables'!$H$3:$J$7,3,FALSE()) -> #N/A | C11: 6 | D11: LN707 | E11: Tebsa | F11: La Unión | G11: 110 | H11: 3.56 | I11: 640 | J11: 794 | K11: 690 | L11: Línea de transmisión | M11: 0.0735 | N11: 0.4722 | O11: 3.535 | P11: 0.3961 | Q11: 1.4648 | R11: 2.037 | S11: STR | T11: Áerea | U11: Sí | W11: 927,2 AAAC | Y11: 105.19 | Z11: 1
A12: =VLOOKUP(E12,'[1]Listas Desplegables'!$H$3:$J$7,2,FALSE()) -> #N/A | B12: =VLOOKUP(E12,'[1]Listas Desplegables'!$H$3:$J$7,3,FALSE()) -> #N/A | C12: 7 | D12: LN708 | E12: Tebsa | F12: Veinte de Julio | G12: 110 | H12: 3.22 | I12: 640 | J12: 794 | K12: 690 | L12: Línea de transmisión | M12: 0.0736 | N12: 0.4465 | O12: 3.767 | P12: 0.3984 | Q12: 1.5146 | R12: 2.14 | S12: STR | T12: Áerea | U12: Sí | W12: 927,2 AAAC | Y12: 42.3 | Z12: 1
A13: =VLOOKUP(E13,'[1]Listas Desplegables'!$H$3:$J$7,2,FALSE()) -> #N/A | B13: =VLOOKUP(E13,'[1]Listas Desplegables'!$H$3:$J$7,3,FALSE()) -> #N/A | C13: 8 | D13: LN709 | E13: Caracolí | F13: Silencio | G13: 110 | H13: 12.5 | I13: 691 | J13: 706 | K13: 706 | L13: Línea de transmisión | M13: 0.0736 | N13: 0.4552 | O13: 3.6814 | P13: 0.2417 | Q13: 1.5823 | R13: 2.189 | S13: STR | T13: Áerea | U13: Sí | W13: 927,2 AAAC | Y13: 163.22 | Z13: 1
A14: =VLOOKUP(E14,'[1]Listas Desplegables'!$H$3:$J$7,2,FALSE()) -> #N/A | B14: =VLOOKUP(E14,'[1]Listas Desplegables'!$H$3:$J$7,3,FALSE()) -> #N/A | C14: 9 | D14: LN722 | E14: Oasis | F14: Silencio | G14: 110 | H14: 4.6 | I14: 900 | J14: 900 | K14: 900 | L14: Línea de transmisión | M14: 0.0311 | N14: 0.1281 | O14: 30.159 | P14: 0.261 | Q14: 0.1058 | R14: 0 | S14: STR | T14: Subterránea | U14: Sí | W14: 750 XLPE Cu | Y14: 30.7 | Z14: 1
A15: =VLOOKUP(E15,'[1]Listas Desplegables'!$H$3:$J$7,2,FALSE()) -> #N/A | B15: =VLOOKUP(E15,'[1]Listas Desplegables'!$H$3:$J$7,3,FALSE()) -> #N/A | C15: 10 | D15: LN723 | E15: Oasis | F15: Centro | G15: 110 | H15: 7.87 | I15: 400 | J15: 420 | K15: 520 | L15: Línea de transmisión | M15: 0.0622 | N15: 0.2561 | O15: 60.319 | P15: 0.5219 | Q15: 0.2115 | R15: 0 | S15: STR | T15: Subterránea | U15: Sí | W15: 750 XLPE Cu | Y15: 1480.68 | Z15: 1
A16: =VLOOKUP(E16,'[1]Listas Desplegables'!$H$3:$J$7,2,FALSE()) -> #N/A | B16: =VLOOKUP(E16,'[1]Listas Desplegables'!$H$3:$J$7,3,FALSE()) -> #N/A | C16: 11 | D16: LN724 | E16: Silencio | F16: Centro | G16: 110 | H16: 3.26 | I16: 900 | J16: 900 | K16: 900 | L16: Línea de transmisión | M16: 0.0311 | N16: 0.1281 | O16: 30.159 | P16: 0.261 | Q16: 0.1058 | R16: 0 | S16: STR | T16: Subterránea | U16: Sí | W16: 750 XLPE Cu | Y16: 10.95 | Z16: 1
A17: =VLOOKUP(E17,'[1]Listas Desplegables'!$H$3:$J$7,2,FALSE()) -> #N/A | B17: =VLOOKUP(E17,'[1]Listas Desplegables'!$H$3:$J$7,3,FALSE()) -> #N/A | C17: 12 | D17: LN725 | E17: Las Flores | F17: Termoflores | G17: 110 | H17: 0.6 | I17: 790 | J17: 794 | K17: 790 | L17: Línea de transmisión | M17: 0.062 | N17: 0.4 | O17: 36.454 | P17: 0.278 | Q17: 1.062 | R17: 18.34 | S17: STR | T17: Áerea | U17: Sí | W17: 927,2 AAAC | Y17: 0 | Z17: 0
... A44: =VLOOKUP(E44,'[1]Listas Desplegables'!$H$3:$J$7,2,FALSE()) -> #N/A | B44: =VLOOKUP(E44,'[1]Listas Desplegables'!$H$3:$J$7,3,FALSE()) -> #N/A | C44: 39 | D44: LN521 | E44: Sabanalarga | F44: Arroyo de Piedra | G44: 34.5 | H44: 21 | I44: 300 | J44: 494.5 | K44: 300 | L44: Protecciones | M44: 0.18313 | N44: 0.4286 | O44: 4.00076 | P44: 0.77532 | Q44: 1.90661 | R44: 1.6003 | S44: SDL | T44: Áerea | U44: Sí | W44: 336,4 ACSR | Y44: 136.43972 | Z44: 83
A45: =VLOOKUP(E45,'[1]Listas Desplegables'!$H$3:$J$7,2,FALSE()) -> #N/A | B45: =VLOOKUP(E45,'[1]Listas Desplegables'!$H$3:$J$7,3,FALSE()) -> #N/A | C45: 40 | D45: LN522 | E45: Sabanalarga | F45: Baranoa | G45: 34.5 | H45: 14.7 | I45: 153 | J45: 153 | K45: 168.3 | L45: Línea de transmisión | M45: 0.46032 | N45: 0.46374 | O45: 3.65287 | P45: 0.76289 | Q45: 1.87537 | R45: 0.91322 | S45: SDL | T45: Áerea | U45: Sí | W45: 2 Al | Y45: 0 | Z45: 0 | AC45: Normalmente abierta en ambos extremos
A46: =VLOOKUP(E46,'[1]Listas Desplegables'!$H$3:$J$7,2,FALSE()) -> #N/A | B46: =VLOOKUP(E46,'[1]Listas Desplegables'!$H$3:$J$7,3,FALSE()) -> #N/A | C46: 41 | D46: LN523 | E46: Sabanalarga | F46: Manatí | G46: 34.5 | H46: 25.3 | I46: 577 | J46: 577 | K46: 634.7 | L46: Línea de transmisión | M46: 0.1797 | N46: 0.42062 | O46: 4.11507 | P46: 0.35759 | Q46: 1.81946 | R46: 1.37169 | S46: SDL | T46: Áerea | U46: Sí | W46: 477 ACSR | Y46: 78.996389 | Z46: 66
A47: =VLOOKUP(E47,'[1]Listas Desplegables'!$H$3:$J$7,2,FALSE()) -> #N/A | B47: =VLOOKUP(E47,'[1]Listas Desplegables'!$H$3:$J$7,3,FALSE()) -> #N/A | C47: 42 | D47: LN524 | E47: Sabanalarga | F47: Ponedera | G47: 34.5 | H47: 22.2 | I47: 300 | J47: 330 | K47: 330 | L47: Transformador de corriente | M47: 0.45911 | N47: 0.46247 | O47: 3.05513 | P47: 0.63696 | Q47: 1.86133 | R47: 1.52756 | S47: SDL | T47: Áerea | U47: Sí | W47: 477 ACSR | Y47: 87.488056 | Z47: 78
A48: =VLOOKUP(E48,'[1]Listas Desplegables'!$H$3:$J$7,2,FALSE()) -> #N/A | B48: =VLOOKUP(E48,'[1]Listas Desplegables'!$H$3:$J$7,3,FALSE()) -> #N/A | C48: 43 | D48: LN530 | E48: Unión | F48: Magdalena | G48: 34.5 | H48: 2.5 | I48: 451.83934 | J48: 728 | K48: 497.02328 | L48: Protecciones | M48: 0.0783 | N48: 0.4191 | O48: 2.149 | P48: 0.434 | Q48: 3.128 | R48: 1.551 | S48: SDL | T48: Áerea | U48: Sí | W48: 500 Cu | Y48: 27.571944 | Z48: 15
A49: =VLOOKUP(E49,'[1]Listas Desplegables'!$H$3:$J$7,2,FALSE()) -> #N/A | B49: =VLOOKUP(E49,'[1]Listas Desplegables'!$H$3:$J$7,3,FALSE()) -> #N/A | C49: 44 | D49: LN534 | E49: Las Flores | F49: Riomar | G49: 34.5 | H49: 2 | I49: 579 | J49: 636.9 | K49: 636.9 | L49: Línea de transmisión | M49: 0.1282 | N49: 0.4193 | O49: 2.1 | P49: 0.484 | Q49: 3.128 | R49: 1.68 | S49: SDL | T49: Áerea | U49: Sí | W49: 500 Cu | Y49: 160.94444 | Z49: 36
A50: =VLOOKUP(E50,'[1]Listas Desplegables'!$H$3:$J$7,2,FALSE()) -> #N/A | B50: =VLOOKUP(E50,'[1]Listas Desplegables'!$H$3:$J$7,3,FALSE()) -> #N/A | C50: 45 | D50: LN535 | E50: Las Flores | F50: Riomar | G50: 34.5 | H50: 2 | I50: 579 | J50: 636.9 | K50: 636.9 | L50: Línea de transmisión | M50: 0.1282 | N50: 0.4193 | O50: 2.1 | P50: 0.484 | Q50: 3.128 | R50: 1.68 | S50: SDL | T50: Áerea | U50: Sí | W50: 500 Cu | Y50: 177.00583 | Z50: 53
A51: =VLOOKUP(E51,'[1]Listas Desplegables'!$H$3:$J$7,2,FALSE()) -> #N/A | B51: =VLOOKUP(E51,'[1]Listas Desplegables'!$H$3:$J$7,3,FALSE()) -> #N/A | C51: 46 | D51: LN574 | E51: Las Flores | F51: Puerta de Oro | G51: 34.5 | H51: 13.2 | I51: 426 | J51: 468.6 | K51: 468.6 | L51: Línea de transmisión | M51: 0.117 | N51: 0.3659096 | O51: 4.516404 | P51: 0.2946529 | Q51: 1.524566 | R51: 1.519227 | S51: SDL | T51: Áerea | U51: Sí | W51: 4/0 CU | Y51: 112.0725 | Z51: 41
A52: =VLOOKUP(E52,'[1]Listas Desplegables'!$H$3:$J$7,2,FALSE()) -> #N/A | B52: =VLOOKUP(E52,'[1]Listas Desplegables'!$H$3:$J$7,3,FALSE()) -> #N/A | C52: 47 | D52: LN575 | E52: Malambo | F52: Sabanagrande | G52: 34.5 | H52: 8 | I52: 360 | J52: 577 | K52: 400 | L52: Transformador de corriente | M52: 0.117 | N52: 0.3659096 | O52: 4.516404 | P52: 0.2946529 | Q52: 1.524566 | R52: 1.519227 | S52: SDL | T52: Áerea | U52: Sí | W52: 477 ACSR | Y52: 55.154167 | Z52: 26
A53: =VLOOKUP(E53,'[1]Listas Desplegables'!$H$3:$J$7,2,FALSE()) -> #N/A | B53: =VLOOKUP(E53,'[1]Listas Desplegables'!$H$3:$J$7,3,FALSE()) -> #N/A | C53: 48 | D53: LN5116 | E53: Aracataca | F53: Guacamayal | G53: 34.5 | H53: 20.5 | I53: 300 | J53: 330 | K53: 330 | L53: Transformador de corriente | M53: 0.161 | N53: 0.5006 | O53: 3.30579 | P53: 0.6856 | Q53: 1.351023 | R53: 2.624 | S53: SDL | T53: Áerea | U53: Sí | W53: 4/0 AL | Y53: 57.163056 | Z53: 84
A54: =VLOOKUP(E54,'[1]Listas Desplegables'!$H$3:$J$7,2,FALSE()) -> #N/A | B54: =VLOOKUP(E54,'[1]Listas Desplegables'!$H$3:$J$7,3,FALSE()) -> #N/A | C54: 49 | D54: LN5135 | E54: Manaure | F54: Uribia | G54: 34.5 | H54: 17.8 | I54: 144 | J54: 152 | K54: 152 | L54: Protecciones | M54: 0.2080036 | N54: 0.3943662 | O54: 4.297874 | P54: 0.3678517 | Q54: 1.55367 | R54: 1.567685 | S54: SDL | T54: Áerea | U54: Sí | W54: 559,5 AAAC | Y54: 211.95528 | Z54: 73
A55: =VLOOKUP(E55,'[1]Listas Desplegables'!$H$3:$J$7,2,FALSE()) -> #N/A | B55: =VLOOKUP(E55,'[1]Listas Desplegables'!$H$3:$J$7,3,FALSE()) -> #N/A | C55: 50 | D55: LN5136 | E55: Salamina | F55: Remolino | G55: 34.5 | H55: 26 | I55: 324 | J55: 392 | K55: 342 | L55: Línea de transmisión | M55: 0.165 | N55: 0.3856644 | O55: 4.405156 | P55: 0.3426529 | Q55: 1.524616 | R55: 1.581516 | S55: SDL | T55: Áerea | U55: Sí | W55: 336,4 ACSR | Y55: 51.707222 | Z55: 47
A56: =VLOOKUP(E56,'[1]Listas Desplegables'!$H$3:$J$7,2,FALSE()) -> #N/A | B56: =VLOOKUP(E56,'[1]Listas Desplegables'!$H$3:$J$7,3,FALSE()) -> #N/A | C56: 51 | D56: LN5138 | E56: Santa marta | F56: Bonda | G56: 34.5 | H56: 6 | I56: 427 | J56: 427 | K56: 470 | L56: Línea de transmisión | M56: 0.2308013 | N56: 0.3943556 | O56: 4.297874 | P56: 0.4052405 | Q56: 1.953836 | R56: 1.567685 | S56: SDL | T56: Áerea | U56: Sí | W56: 266,8 ACSR | Y56: 0 | Z56: 0
A57: =VLOOKUP(E57,'[1]Listas Desplegables'!$H$3:$J$7,2,FALSE()) -> #N/A | B57: =VLOOKUP(E57,'[1]Listas Desplegables'!$H$3:$J$7,3,FALSE()) -> #N/A | C57: 52 | D57: LN518 | E57: Fundación | F57: Aracataca | G57: 34.5 | H57: 10.5 | I57: 400 | J57: 434 | K57: 440 | L57: Línea de transmisión | M57: 0.33138 | N57: 0.46189 | O57: 4.63536 | P57: 0.6561 | Q57: 1.5842 | R57: 1.1202 | S57: SDL | T57: Áerea | U57: Sí | W57: 312.8 AAAC | Y57: 11.11 | Z57: 5
... A61: =VLOOKUP(E61,'[1]Listas Desplegables'!$H$3:$J$7,2,FALSE()) -> #N/A | B61: =VLOOKUP(E61,'[1]Listas Desplegables'!$H$3:$J$7,3,FALSE()) -> #N/A | C61: 56 | D61: LN529-1 | E61: Riohacha | F61: Tballenas | G61: 34.5 | H61: 35 | I61: 300 | J61: 454 | K61: 330 | L61: Transformador de corriente | M61: 0.1797 | N61: 0.4206 | O61: 4.1151 | P61: 0.3576 | Q61: 1.8195 | R61: 1.3717 | S61: SDL | T61: Áerea | U61: Sí | W61: 477 ACSR | Y61: 184.69361 | Z61: 85
A62: =VLOOKUP(E62,'[1]Listas Desplegables'!$H$3:$J$7,2,FALSE()) -> #N/A | B62: =VLOOKUP(E62,'[1]Listas Desplegables'!$H$3:$J$7,3,FALSE()) -> #N/A | C62: 57 | D62: LN536 | E62: Río Córdoba | F62: Zawady | G62: 34.5 | H62: 15 | I62: 334 | J62: 334 | K62: 367 | L62: Línea de transmisión | M62: 0.2264 | N62: 0.3964 | O62: 4.2505 | P62: 0.57344 | Q62: 1.79344 | R62: 1.5718 | S62: SDL | T62: Áerea | U62: Sí | W62: 4/0 Al | Y62: 154.82861 | Z62: 262 | AC62: Normalmente abierto en Zawady 34,5 kV
A63: =VLOOKUP(E63,'[1]Listas Desplegables'!$H$3:$J$7,2,FALSE()) -> #N/A | B63: =VLOOKUP(E63,'[1]Listas Desplegables'!$H$3:$J$7,3,FALSE()) -> #N/A | C63: 58 | D63: LN537 | E63: Aeropuerto | F63: Rio Cordoba | G63: 34.5 | H63: 12 | I63: 300 | J63: 300 | K63: 330 | L63: Línea de transmisión | M63: 0.3314102 | N63: 0.4619658 | O63: 3.938248 | P63: 0.6561 | Q63: 1.5842 | R63: 1.1202 | S63: SDL | T63: Áerea | U63: Sí | W63: 4/0 Al | Y63: 138.76028 | Z63: 142 | AC63: Normalmente abierta en Aeropuerto
A64: =VLOOKUP(E64,'[1]Listas Desplegables'!$H$3:$J$7,2,FALSE()) -> #N/A | B64: =VLOOKUP(E64,'[1]Listas Desplegables'!$H$3:$J$7,3,FALSE()) -> #N/A | C64: 59 | D64: LN553 | E64: Plato | F64: Real del Obispo | G64: 34.5 | H64: 29 | I64: 200 | J64: 243 | K64: 220 | L64: Transformador de corriente | M64: 0.33137 | N64: 0.46918 | O64: 1.787573 | P64: 0.31989 | Q64: 1.12663 | R64: 1.9487 | S64: SDL | T64: Áerea | U64: Sí | W64: 2/0 Al | Y64: 104.77556 | Z64: 131
A65: =VLOOKUP(E65,'[1]Listas Desplegables'!$H$3:$J$7,2,FALSE()) -> #N/A | B65: =VLOOKUP(E65,'[1]Listas Desplegables'!$H$3:$J$7,3,FALSE()) -> #N/A | C65: 60 | D65: LN560 | E65: Barrancas | F65: Fonseca | G65: 34.5 | H65: 13 | I65: 163 | J65: 243 | K65: 171 | L65: Transformador de corriente | M65: 0.23058 | N65: 0.42061 | O65: 3.9059 | P65: 0.40845 | Q65: 1.82028 | R65: 1.6716 | S65: SDL | T65: Áerea | U65: Sí | W65: 2/0 ACSR | Y65: 141.77806 | Z65: 109
A66: =VLOOKUP(E66,'[1]Listas Desplegables'!$H$3:$J$7,2,FALSE()) -> #N/A | B66: =VLOOKUP(E66,'[1]Listas Desplegables'!$H$3:$J$7,3,FALSE()) -> #N/A | C66: 61 | D66: LN563-1 | E66: Salamina | F66: Campo Alegre | G66: 34.5 | H66: 12 | I66: 270 | J66: 334 | K66: 285 | L66: Protecciones | M66: 0.63642 | N66: 0.54021 | O66: 3.5863 | P66: 0.81429 | Q66: 1.93906 | R66: 1.5927 | S66: SDL | T66: Áerea | U66: Sí | W66: 4/0 Al | Y66: 73.866667 | Z66: 49
A67: =VLOOKUP(E67,'[1]Listas Desplegables'!$H$3:$J$7,2,FALSE()) -> #N/A | B67: =VLOOKUP(E67,'[1]Listas Desplegables'!$H$3:$J$7,3,FALSE()) -> #N/A | C67: 62 | D67: LN563-2 | E67: Campo Alegre | F67: La Retirada | G67: 34.5 | H67: 6 | I67: 270 | J67: 334 | K67: 285 | L67: Protecciones | M67: 0.63642 | N67: 0.54021 | O67: 3.5863 | P67: 0.81429 | Q67: 1.93906 | R67: 1.5927 | S67: SDL | T67: Áerea | U67: Sí | W67: 4/0 Al | Y67: 73.866667 | Z67: 49
A68: =VLOOKUP(E68,'[1]Listas Desplegables'!$H$3:$J$7,2,FALSE()) -> #N/A | B68: =VLOOKUP(E68,'[1]Listas Desplegables'!$H$3:$J$7,3,FALSE()) -> #N/A | C68: 63 | D68: LN563-3 | E68: La Retirada | F68: Pivijay | G68: 34.5 | H68: 7 | I68: 270 | J68: 334 | K68: 285 | L68: Protecciones | M68: 0.63642 | N68: 0.54021 | O68: 3.5863 | P68: 0.81429 | Q68: 1.93906 | R68: 1.5927 | S68: SDL | T68: Áerea | U68: Sí | W68: 4/0 Al | Y68: 73.866667 | Z68: 49
A69: =VLOOKUP(E69,'[1]Listas Desplegables'!$H$3:$J$7,2,FALSE()) -> #N/A | B69: =VLOOKUP(E69,'[1]Listas Desplegables'!$H$3:$J$7,3,FALSE()) -> #N/A | C69: 64 | D69: LN564 | E69: Cuestecitas | F69: Hatonuevo | G69: 34.5 | H69: 25 | I69: 297 | J69: 427 | K69: 313 | L69: Transformador de corriente | M69: 0.2305 | N69: 0.4125 | O69: 3.8189 | P69: 0.4084 | Q69: 1.8363 | R69: 1.5276 | S69: SDL | T69: Áerea | U69: Sí | W69: 266,8 ACSR | Y69: 120.01111 | Z69: 40
A70: =VLOOKUP(E70,'[1]Listas Desplegables'!$H$3:$J$7,2,FALSE()) -> #N/A | B70: =VLOOKUP(E70,'[1]Listas Desplegables'!$H$3:$J$7,3,FALSE()) -> #N/A | C70: 65 | D70: LN567 | E70: Hatonuevo | F70: Barrancas | G70: 34.5 | H70: 11 | I70: 250 | J70: 320 | K70: 275 | L70: Transformador de corriente | M70: 0.33139 | N70: 0.46192 | O70: 4.1364 | P70: 0.58163 | Q70: 1.93212 | R70: 1.555 | S70: SDL | T70: Áerea | U70: Sí | W70: 4/0 ACSR | Y70: 0 | Z70: 0
A71: =VLOOKUP(E71,'[1]Listas Desplegables'!$H$3:$J$7,2,FALSE()) -> #N/A | B71: =VLOOKUP(E71,'[1]Listas Desplegables'!$H$3:$J$7,3,FALSE()) -> #N/A | C71: 66 | D71: LN578 | E71: Gaira | F71: Aeropuerto | G71: 34.5 | H71: 6.9 | I71: 300 | J71: 334 | K71: 330 | L71: Transformador de corriente | M71: 0.3835 | N71: 0.4393573 | O71: 3.758969 | P71: 1.34225 | Q71: 1.364953 | R71: 1.102645 | S71: SDL | T71: Áerea | U71: Sí | W71: 4/0 ACSR | Y71: 21.779444 | Z71: 12
A72: =VLOOKUP(E72,'[1]Listas Desplegables'!$H$3:$J$7,2,FALSE()) -> #N/A | B72: =VLOOKUP(E72,'[1]Listas Desplegables'!$H$3:$J$7,3,FALSE()) -> #N/A | C72: 67 | D72: LN592 | E72: Riohacha | F72: Camarones | G72: 34.5 | H72: 22 | I72: 100 | J72: 334 | K72: 110 | L72: Transformador de corriente | M72: 0.33137 | N72: 0.46194 | O72: 4.20079 | P72: 0.6561 | Q72: 1.5842 | R72: 1.1202 | S72: SDL | T72: Áerea | U72: Sí | W72: 4/0 ACSR | Y72: 86.529444 | Z72: 48
A73: =VLOOKUP(E73,'[1]Listas Desplegables'!$H$3:$J$7,2,FALSE()) -> #N/A | B73: =VLOOKUP(E73,'[1]Listas Desplegables'!$H$3:$J$7,3,FALSE()) -> #N/A | C73: 68 | D73: LN5126 | E73: Aracataca | F73: El Retén | G73: 34.5 | H73: 10.5 | I73: 300 | J73: 334 | K73: 330 | L73: Transformador de corriente | M73: 0.2308013 | N73: 0.3943556 | O73: 4.297874 | P73: 0.4052405 | Q73: 1.953836 | R73: 1.567685 | S73: SDL | T73: Áerea | U73: Sí | W73: 4/0 Al
A74: =VLOOKUP(E74,'[1]Listas Desplegables'!$H$3:$J$7,2,FALSE()) -> #N/A | B74: =VLOOKUP(E74,'[1]Listas Desplegables'!$H$3:$J$7,3,FALSE()) -> #N/A | C74: 69 | D74: LN793 | E74: Magdalena | F74: Unión | G74: 110 | H74: 1.66 | I74: 1000 | J74: 1000 | K74: 1000 | L74: Línea de transmisión | M74: 0.0594 | N74: 0.1543 | O74: 134.1965 | P74: 0.1141 | Q74: 0.0431 | R74: 134.1965 | S74: STR | T74: Subterránea | U74: Sí | W74: 2000mm AL | X74: 0 | Y74: 0 | Z74: 0
A75: =VLOOKUP(E75,'[1]Listas Desplegables'!$H$3:$J$7,2,FALSE()) -> #N/A | B75: =VLOOKUP(E75,'[1]Listas Desplegables'!$H$3:$J$7,3,FALSE()) -> #N/A | C75: 70 | D75: LN794 | E75: Magdalena | F75: El Rio | G75: 110 | H75: 4.93 | I75: 1000 | J75: 1000 | K75: 1000 | L75: Línea de transmisión | M75: 0.0594 | N75: 0.1543 | O75: 134.1965 | P75: 0.1141 | Q75: 0.0431 | R75: 134.1965 | S75: STR | T75: Subterránea | U75: Sí | W75: 2000mm AL | X75: 0 | Y75: 0 | Z75: 0
A76: =VLOOKUP(E76,'[1]Listas Desplegables'!$H$3:$J$7,2,FALSE()) -> #N/A | B76: =VLOOKUP(E76,'[1]Listas Desplegables'!$H$3:$J$7,3,FALSE()) -> #N/A | C76: 71 | D76: LN789 | E76: Tebsa | F76: Magdalena | G76: 110 | H76: 2.25 | I76: 1000 | J76: 1000 | K76: 1000 | L76: Línea de transmisión | M76: 0.0594 | N76: 0.1543 | O76: 134.1965 | P76: 0.1141 | Q76: 0.0431 | R76: 134.1965 | S76: STR | T76: Subterránea | U76: Sí | W76: 2000mm AL | X76: 0 | Y76: 0 | Z76: 0
A77: =VLOOKUP(E77,'[1]Listas Desplegables'!$H$3:$J$7,2,FALSE()) -> #N/A | B77: =VLOOKUP(E77,'[1]Listas Desplegables'!$H$3:$J$7,3,FALSE()) -> #N/A | C77: 72 | D77: LN7001 | E77: Termoflores | F77: Las Flores | G77: 110 | H77: 0.83 | I77: 1000 | J77: 1000 | K77: 1000 | L77: Línea de transmisión | M77: 0.07422 | N77: 0.116048 | O77: 131.8002 | P77: 0.125257 | Q77: 0.170769 | R77: 131.6374 | S77: STR | T77: Subterránea | U77: Sí | W77: 2500mm AL | X77: 0 | Y77: 0 | Z77: 0
A78: =VLOOKUP(E78,'[1]Listas Desplegables'!$H$3:$J$7,2,FALSE()) -> #N/A | B78: =VLOOKUP(E78,'[1]Listas Desplegables'!$H$3:$J$7,3,FALSE()) -> #N/A | C78: 73 | D78: LN 798 | E78: Termoflores | F78: Oasis | G78: 110 | H78: 3.91 | I78: 1000 | J78: 1000 | K78: 1000 | L78: Línea de transmisión | M78: 0.0563 | N78: 0.1464 | O78: 143.5668 | P78: 0.1031 | Q78: 0.05 | R78: 143.5668 | S78: STR | T78: Subterránea | U78: Sí | W78: 2500mm AL | X78: 0 | Y78: 0 | Z78: 0
A79: =VLOOKUP(E79,'[1]Listas Desplegables'!$H$3:$J$7,2,FALSE()) -> #N/A | B79: =VLOOKUP(E79,'[1]Listas Desplegables'!$H$3:$J$7,3,FALSE()) -> #N/A | C79: 74 | D79: LN 799 | E79: Termoflores | F79: Oasis | G79: 110 | H79: 3.98 | I79: 1000 | J79: 1000 | K79: 1000 | L79: Línea de transmisión | M79: 0.0563 | N79: 0.1464 | O79: 143.5668 | P79: 0.1031 | Q79: 0.05 | R79: 143.5668 | S79: STR | T79: Subterránea | U79: Sí | W79: 2500mm AL | X79: 0 | Y79: 0 | Z79: 0
A80: =VLOOKUP(E80,'[1]Listas Desplegables'!$H$3:$J$7,2,FALSE()) -> #N/A | B80: =VLOOKUP(E80,'[1]Listas Desplegables'!$H$3:$J$7,3,FALSE()) -> #N/A | C80: 75 | D80: LN796 | E80: Oasis | F80: Estadio | G80: 110 | H80: 3.14 | I80: 1000 | J80: 1000 | K80: 1000 | L80: Línea de transmisión | M80: 0.0594 | N80: 0.1543 | O80: 134.1965 | P80: 0.1141 | Q80: 0.0431 | R80: 134.1965 | S80: STR | T80: Subterránea | U80: Sí | W80: 2000mm AL | X80: 0 | Y80: 0 | Z80: 0
A81: =VLOOKUP(E81,'[1]Listas Desplegables'!$H$3:$J$7,2,FALSE()) -> #N/A | B81: =VLOOKUP(E81,'[1]Listas Desplegables'!$H$3:$J$7,3,FALSE()) -> #N/A | C81: 76 | D81: LN795 | E81: Estadio | F81: Centro | G81: 110 | H81: 2.59 | I81: 1000 | J81: 1000 | K81: 1000 | L81: Línea de transmisión | M81: 0.0594 | N81: 0.1543 | O81: 134.1965 | P81: 0.1141 | Q81: 0.0431 | R81: 134.1965 | S81: STR | T81: Subterránea | U81: Sí | W81: 2000mm AL | X81: 0 | Y81: 0 | Z81: 0
A82: =VLOOKUP(E82,'[1]Listas Desplegables'!$H$3:$J$7,2,FALSE()) -> #N/A | B82: =VLOOKUP(E82,'[1]Listas Desplegables'!$H$3:$J$7,3,FALSE()) -> #N/A | C82: 77 | D82: LN771 | E82: Norte | F82: Nueva Barranquilla | G82: 110 | H82: 4.7 | I82: 900 | J82: 900 | K82: 900 | L82: Línea de transmisión | M82: 0.024 | N82: 0.2095 | O82: 4.7111 | P82: 0.1245 | Q82: 0.1432 | R82: 3.9781 | S82: STR | T82: Subterránea | U82: Sí
A83: =VLOOKUP(E83,'[1]Listas Desplegables'!$H$3:$J$7,2,FALSE()) -> #N/A | B83: =VLOOKUP(E83,'[1]Listas Desplegables'!$H$3:$J$7,3,FALSE()) -> #N/A | C83: 78 | D83: LN772 | E83: Norte | F83: Nueva Barranquilla | G83: 110 | H83: 4.7 | I83: 900 | J83: 900 | K83: 900 | L83: Línea de transmisión | M83: 0.024 | N83: 0.2095 | O83: 4.7113 | P83: 0.1245 | Q83: 0.1432 | R83: 3.981 | S83: STR | T83: Subterránea | U83: Sí
A84: =VLOOKUP(E84,'[1]Listas Desplegables'!$H$3:$J$7,2,FALSE()) -> #N/A | B84: =VLOOKUP(E84,'[1]Listas Desplegables'!$H$3:$J$7,3,FALSE()) -> #N/A | C84: 79 | D84: CARACOLÍ - GALAPA | E84: Caracolí | F84: Galapa | G84: 110 | H84: 7.2 | I84: 927 | J84: 927 | K84: 927 | L84: Línea de transmisión | M84: 0.159 | N84: 0.608 | O84: 6.28 | P84: 0.585 | Q84: 2.17 | R84: 0.86 | S84: STR | T84: Áerea | U84: No | V84: 2029 | W84: 927,2 AAAC | X84: 0 | Y84: 0 | Z84: 0
A85: =VLOOKUP(E85,'[1]Listas Desplegables'!$H$3:$J$7,2,FALSE()) -> #N/A | B85: =VLOOKUP(E85,'[1]Listas Desplegables'!$H$3:$J$7,3,FALSE()) -> #N/A | C85: 80 | D85: GALAPA - JUAN MINA | E85: Galapa | F85: Juan Mina | G85: 110 | H85: 8 | I85: 927 | J85: 927 | K85: 927 | L85: Línea de transmisión | M85: 0.091 | N85: 0.348 | O85: 3.59 | P85: 0.585 | Q85: 2.17 | R85: 0.86 | S85: STR | T85: Áerea | U85: No | V85: 2029 | W85: 927,2 AAAC | X85: 0 | Y85: 0 | Z85: 0
A86: =VLOOKUP(E86,'[1]Listas Desplegables'!$H$3:$J$7,2,FALSE()) -> #N/A | B86: =VLOOKUP(E86,'[1]Listas Desplegables'!$H$3:$J$7,3,FALSE()) -> #N/A | C86: 81 | D86: NUEVA SAN JUAN - SAN JUAN | E86: Nueva San Juan | F86: San Juan | G86: 110 | H86: 1.6 | I86: 927 | J86: 927 | K86: 927 | L86: Línea de transmisión | M86: 0.114363 | N86: 0.435 | O86: 3.476 | P86: 0.419 | Q86: 1.553 | R86: 1.928 | S86: STR | T86: Áerea | U86: No | V86: 2029 | W86: 927,2 AAAC | X86: 0 | Y86: 0 | Z86: 0
A87: =VLOOKUP(E87,'[1]Listas Desplegables'!$H$3:$J$7,2,FALSE()) -> #N/A | B87: =VLOOKUP(E87,'[1]Listas Desplegables'!$H$3:$J$7,3,FALSE()) -> #N/A | C87: 82 | D87: Intersección Nueva SJU - San Juan | E87: Nueva San Juan | F87: San Juan | G87: 110 | H87: 1.2 | I87: 927 | J87: 927 | K87: 927 | L87: Línea de transmisión | M87: 0.159 | N87: 0.608 | O87: 6.28 | P87: 0.585 | Q87: 2.17 | R87: 0.86 | S87: STR | T87: Áerea | U87: No | V87: 2029 | W87: 927,2 AAAC | X87: 0 | Y87: 0 | Z87: 0
A88: =VLOOKUP(E88,'[1]Listas Desplegables'!$H$3:$J$7,2,FALSE()) -> #N/A | B88: =VLOOKUP(E88,'[1]Listas Desplegables'!$H$3:$J$7,3,FALSE()) -> #N/A | C88: 83 | D88: Intersección Nueva SJU - Guatapurí | E88: Nueva San Juan | F88: Guatapurí | G88: 110 | H88: 1.2 | I88: 927 | J88: 927 | K88: 927 | L88: Línea de transmisión | M88: 0.159 | N88: 0.608 | O88: 6.28 | P88: 0.585 | Q88: 2.17 | R88: 0.86 | S88: STR | T88: Áerea | U88: No | V88: 2029 | W88: 927,2 AAAC | X88: 0 | Y88: 0 | Z88: 0
A89: =VLOOKUP(E89,'[1]Listas Desplegables'!$H$3:$J$7,2,FALSE()) -> #N/A | B89: =VLOOKUP(E89,'[1]Listas Desplegables'!$H$3:$J$7,3,FALSE()) -> #N/A | C89: 84 | D89: EL RIO - PALERMO TRAMO 1 | E89: El Río | F89: Palermo | G89: 110 | H89: 5.69 | I89: 794 | J89: 794 | K89: 794 | L89: Protecciones | M89: 0.0733 | N89: 0.4367 | O89: 3.833 | P89: 0.3832 | Q89: 1.5675 | R89: 2.092 | S89: STR | T89: Áerea | U89: No | V89: 2029 | W89: 927,2 AAAC | X89: 0 | Y89: 0 | Z89: 0 | AC89: Estas líneas surgen de la reconfiguración de la línea El Rio - Tebsa 110kV
A90: =VLOOKUP(E90,'[1]Listas Desplegables'!$H$3:$J$7,2,FALSE()) -> #N/A | B90: =VLOOKUP(E90,'[1]Listas Desplegables'!$H$3:$J$7,3,FALSE()) -> #N/A | C90: 85 | D90: EL RIO - PALERMO TRAMO 2 | E90: El Río | F90: Palermo | G90: 110 | H90: 3.3 | I90: 900 | J90: 900 | K90: 900 | L90: Protecciones | M90: 0.031 | N90: 0.1287 | O90: 30.159 | P90: 0.261 | Q90: 0.1058 | R90: 0 | S90: STR | T90: Áerea | U90: No | V90: 2029 | X90: 0 | Y90: 0 | Z90: 0 | AC90: Estas líneas surgen de la reconfiguración de la línea El Rio - Tebsa 110kV
A91: =VLOOKUP(E91,'[1]Listas Desplegables'!$H$3:$J$7,2,FALSE()) -> #N/A | B91: =VLOOKUP(E91,'[1]Listas Desplegables'!$H$3:$J$7,3,FALSE()) -> #N/A | C91: 86 | D91: PALERMO - TEBSA TRAMO 2 | E91: Palermo | F91: Tebsa | G91: 110 | H91: 3.3 | I91: 900 | J91: 900 | K91: 900 | L91: Protecciones | M91: 0.031 | N91: 0.1287 | O91: 30.159 | P91: 0.261 | Q91: 0.1058 | R91: 0 | S91: STR | T91: Áerea | U91: No | V91: 2029 | X91: 0 | Y91: 0 | Z91: 0 | AC91: Estas líneas surgen de la reconfiguración de la línea El Rio - Tebsa 110kV
A92: =VLOOKUP(E92,'[1]Listas Desplegables'!$H$3:$J$7,2,FALSE()) -> #N/A | B92: =VLOOKUP(E92,'[1]Listas Desplegables'!$H$3:$J$7,3,FALSE()) -> #N/A | C92: 87 | D92: PALERMO - TEBSA TRAMO 1 | E92: Palermo | F92: Tebsa | G92: 110 | H92: 1.7 | I92: 794 | J92: 794 | K92: 794 | L92: Protecciones | M92: 0.0733 | N92: 0.4367 | O92: 3.833 | P92: 0.3832 | Q92: 1.5675 | R92: 2.092 | S92: STR | T92: Áerea | U92: No | V92: 2029 | W92: 927,2 AAAC | X92: 0 | Y92: 0 | Z92: 0 | AC92: Estas líneas surgen de la reconfiguración de la línea El Rio - Tebsa 110kV
A93: =VLOOKUP(E93,'[1]Listas Desplegables'!$H$3:$J$7,2,FALSE()) -> #N/A | B93: =VLOOKUP(E93,'[1]Listas Desplegables'!$H$3:$J$7,3,FALSE()) -> #N/A | C93: 88 | D93: FUNDACIÓN - ARACATACA 2 | E93: Fundación | F93: Aracataca | G93: 34.5 | H93: 17.3 | I93: 494 | J93: 494 | K93: 494 | L93: Línea de transmisión | M93: 0.178 | N93: 0.41 | O93: 4.075 | P93: 0.35 | Q93: 1.819 | R93: 1.599 | S93: SDL | T93: Áerea | U93: No | V93: 2029 | W93: 336,4 ACSR | X93: 0 | Y93: 0 | Z93: 0 | AC93: Segunda línea
A94: =VLOOKUP(E94,'[1]Listas Desplegables'!$H$3:$J$7,2,FALSE()) -> #N/A | B94: =VLOOKUP(E94,'[1]Listas Desplegables'!$H$3:$J$7,3,FALSE()) -> #N/A | C94: 89 | D94: LN5153 | E94: Aracataca | F94: Guacamayal | G94: 34.5 | H94: 28.2 | I94: 464 | J94: 464 | K94: 464 | L94: Línea de transmisión | M94: 0.1665 | N94: 0.4883 | O94: 5.176 | P94: 0.3376 | Q94: 1.668 | R94: 2.757 | S94: SDL | T94: Áerea | U94: Sí | W94: 336,4 ACSR
A95: =VLOOKUP(E95,'[1]Listas Desplegables'!$H$3:$J$7,2,FALSE()) -> #N/A | B95: =VLOOKUP(E95,'[1]Listas Desplegables'!$H$3:$J$7,3,FALSE()) -> #N/A | C95: 90 | D95: MEGUA - BARANOA | E95: Baranoa | F95: Megua | G95: 34.5 | H95: 7.67 | I95: 577 | J95: 577 | K95: 577 | L95: Línea de transmisión | M95: 0.1797 | N95: 0.4206 | O95: 4.1151 | P95: 0.3576 | Q95: 1.8195 | R95: 1.3717 | S95: SDL | T95: Áerea | U95: No | V95: 2029 | W95: 477 ACSR | X95: 0 | Y95: 0 | Z95: 0
A96: =VLOOKUP(E96,'[1]Listas Desplegables'!$H$3:$J$7,2,FALSE()) -> #N/A | B96: =VLOOKUP(E96,'[1]Listas Desplegables'!$H$3:$J$7,3,FALSE()) -> #N/A | C96: 91 | D96: RÍO CÓRDOBA - ZAWADY 2 (LN-5166) | E96: Río Córdoba | F96: Zawady | G96: 34.5 | H96: 16 | I96: 334 | J96: 334 | K96: 334 | L96: Línea de transmisión | M96: 0.3977 | N96: 0.4425 | O96: 11.24 | P96: 0.5689 | Q96: 1.817 | R96: 4.703 | S96: SDL | T96: Áerea | U96: Sí | W96: 246,9 AAAC | AC96: Segunda línea
A97: =VLOOKUP(E97,'[1]Listas Desplegables'!$H$3:$J$7,2,FALSE()) -> #N/A | B97: =VLOOKUP(E97,'[1]Listas Desplegables'!$H$3:$J$7,3,FALSE()) -> #N/A | C97: 92 | D97: LAS FLORES - El RÍO (TRAMO 1) 110KV LN797 | E97: Las Flores | F97: El Rio | G97: 110 | H97: 5.07 | I97: 712 | J97: 794 | K97: 783 | L97: Línea de transmisión | M97: 0.0732 | N97: 0.4106 | O97: 4.06 | P97: 0.4232 | Q97: 1.5957 | R97: 2.2 | S97: STR | T97: Aérea | U97: Sí | W97: 927,2 AAAC
A98: =VLOOKUP(E98,'[1]Listas Desplegables'!$H$3:$J$7,2,FALSE()) -> #N/A | B98: =VLOOKUP(E98,'[1]Listas Desplegables'!$H$3:$J$7,3,FALSE()) -> #N/A | C98: 93 | D98: LAS FLORES - El RÍO (TRAMO 2) 110KV LN797 | E98: Las Flores | F98: El Rio | G98: 110 | H98: 0.35 | I98: 712 | J98: 794 | K98: 783 | L98: Línea de transmisión | M98: 0.0594 | N98: 0.1543 | O98: 134.1965 | P98: 0.1141 | Q98: 0.0431 | R98: 134.1965 | S98: STR | T98: Subterránea | U98: Sí | W98: 2500mm AL
A99: =VLOOKUP(E99,'[1]Listas Desplegables'!$H$3:$J$7,2,FALSE()) -> #N/A | B99: =VLOOKUP(E99,'[1]Listas Desplegables'!$H$3:$J$7,3,FALSE()) -> #N/A | C99: 94 | D99: LAS FLORES - El RÍO (TRAMO 3) 110KV LN797 | E99: Las Flores | F99: El Rio | G99: 110 | H99: 3.1 | I99: 712 | J99: 794 | K99: 783 | L99: Línea de transmisión | M99: 0.0777 | N99: 0.4792 | O99: 4.123 | P99: 0.368 | Q99: 1.481 | R99: 2.192 | S99: STR | T99: Aérea | U99: Sí | W99: 1650 Cu
A100: =VLOOKUP(E100,'[1]Listas Desplegables'!$H$3:$J$7,2,FALSE()) -> #N/A | B100: =VLOOKUP(E100,'[1]Listas Desplegables'!$H$3:$J$7,3,FALSE()) -> #N/A | C100: 95 | D100: LAS FLORES - El RÍO (TRAMO 4) 110KV LN797 | E100: Las Flores | F100: El Rio | G100: 110 | H100: 0.76 | I100: 712 | J100: 794 | K100: 783 | L100: Línea de transmisión | M100: 0.0739 | N100: 0.0826 | O100: 143.56 | P100: 0.1029 | Q100: 0.0401 | R100: 143.56 | S100: STR | T100: Subterránea | U100: Sí | W100: 2500mm AL
A101: =VLOOKUP(E101,'[1]Listas Desplegables'!$H$3:$J$7,2,FALSE()) -> #N/A | B101: =VLOOKUP(E101,'[1]Listas Desplegables'!$H$3:$J$7,3,FALSE()) -> #N/A | C101: 96 | D101: LIBERTADOR - MANZANARES | E101: Libertador | F101: Manzanares | G101: 110 | H101: 2.2 | I101: 945 | J101: 945 | K101: 945 | L101: Línea de transmisión | M101: 0.024 | N101: 0.2095 | O101: 4.7111 | P101: 0.1245 | Q101: 0.1432 | R101: 3.9781 | S101: STR | T101: Áerea | U101: No | V101: 2029 | W101: AAAC
A102: =VLOOKUP(E102,'[1]Listas Desplegables'!$H$3:$J$7,2,FALSE()) -> #N/A | B102: =VLOOKUP(E102,'[1]Listas Desplegables'!$H$3:$J$7,3,FALSE()) -> #N/A | C102: 97 | D102: SANTA MARTA - Bureche | E102: Santa Marta | F102: Bureche | G102: 110 | H102: 3.8 | I102: 945 | J102: 945 | K102: 945 | L102: Línea de transmisión | M102: 0.024 | N102: 0.2095 | O102: 4.7111 | P102: 0.1245 | Q102: 0.1432 | R102: 3.9781 | S102: STR | T102: Áerea | U102: No | V102: 2029 | W102: AAAC
A103: =VLOOKUP(E103,'[1]Listas Desplegables'!$H$3:$J$7,2,FALSE()) -> #N/A | B103: =VLOOKUP(E103,'[1]Listas Desplegables'!$H$3:$J$7,3,FALSE()) -> #N/A | C103: 98 | D103: GAIRA - INT. GAIRA | E103: Gaira | F103: Int. Gaira | G103: 110 | H103: 2.3 | I103: 472 | J103: 472 | K103: 472 | L103: Línea de transmisión | M103: 0.119 | N103: 0.478 | O103: 3.489 | P103: 0.351 | Q103: 1.624 | R103: 2.026 | S103: STR | T103: Áerea | U103: No | V103: 2029 | W103: AAAC | AC103: Intersección de la línea actual Santa Marta - Gaira 110 kV a 2,3 km partiendo de la SE Santa Marta, y construcción de un doble circuito de línea a 110 kV de aproximadamente 3,6 km para alimentar la subestación Bureche 110 kV. Para quedar reconfigurada la línea Santa Marta – Gaira 110kV, en los circuitos Santa Marta – Bureche 110kV(1,8 km) y Bureche – GAIRA 110kV(1,8 km), Además se instalará una nueva línea que se conectara entre las subestaciones Santa Marta y Bureche 110 kV.
A104: =VLOOKUP(E104,'[1]Listas Desplegables'!$H$3:$J$7,2,FALSE()) -> #N/A | B104: =VLOOKUP(E104,'[1]Listas Desplegables'!$H$3:$J$7,3,FALSE()) -> #N/A | C104: 99 | D104: INT. GAIRA - BURECHE | E104: Int. Gaira | F104: Bureche | G104: 110 | H104: 1.8 | I104: 900 | J104: 900 | K104: 900 | L104: Línea de transmisión | M104: 0.03 | N104: 0.13 | O104: 30.16 | P104: 0.26 | Q104: 0.11 | R104: 0 | S104: STR | T104: Áerea | U104: No | V104: 2029 | W104: AAAC | AC104: Intersección de la línea actual Santa Marta - Gaira 110 kV a 2,3 km partiendo de la SE Santa Marta, y construcción de un doble circuito de línea a 110 kV de aproximadamente 3,6 km para alimentar la subestación Bureche 110 kV. Para quedar reconfigurada la línea Santa Marta – Gaira 110kV, en los circuitos Santa Marta – Bureche 110kV(1,8 km) y Bureche – GAIRA 110kV(1,8 km), Además se instalará una nueva línea que se conectara entre las subestaciones Santa Marta y Bureche 110 kV.
A105: =VLOOKUP(E105,'[1]Listas Desplegables'!$H$3:$J$7,2,FALSE()) -> #N/A | B105: =VLOOKUP(E105,'[1]Listas Desplegables'!$H$3:$J$7,3,FALSE()) -> #N/A | C105: 100 | D105: BURECHE - INT. SANTA MARTA | E105: Bureche | F105: Int. Santa Marta | G105: 110 | H105: 1.8 | I105: 900 | J105: 900 | K105: 900 | L105: Línea de transmisión | M105: 0.03 | N105: 0.13 | O105: 30.16 | P105: 0.26 | Q105: 0.11 | R105: 0 | S105: STR | T105: Áerea | U105: No | V105: 2029 | W105: AAAC | AC105: Intersección de la línea actual Santa Marta - Gaira 110 kV a 2,3 km partiendo de la SE Santa Marta, y construcción de un doble circuito de línea a 110 kV de aproximadamente 3,6 km para alimentar la subestación Bureche 110 kV. Para quedar reconfigurada la línea Santa Marta – Gaira 110kV, en los circuitos Santa Marta – Bureche 110kV(1,8 km) y Bureche – GAIRA 110kV(1,8 km), Además se instalará una nueva línea que se conectara entre las subestaciones Santa Marta y Bureche 110 kV.
A106: =VLOOKUP(E106,'[1]Listas Desplegables'!$H$3:$J$7,2,FALSE()) -> #N/A | B106: =VLOOKUP(E106,'[1]Listas Desplegables'!$H$3:$J$7,3,FALSE()) -> #N/A | C106: 101 | D106: INT. SANTA MARTA - SANTA MARTA | E106: Int. Santa Marta | F106: Santa Marta | G106: 110 | H106: 5.5 | I106: 472 | J106: 472 | K106: 472 | L106: Línea de transmisión | M106: 0.119 | N106: 0.478 | O106: 3.489 | P106: 0.351 | Q106: 1.624 | R106: 2.026 | S106: STR | T106: Áerea | U106: No | V106: 2029 | W106: AAAC | AC106: Intersección de la línea actual Santa Marta - Gaira 110 kV a 2,3 km partiendo de la SE Santa Marta, y construcción de un doble circuito de línea a 110 kV de aproximadamente 3,6 km para alimentar la subestación Bureche 110 kV. Para quedar reconfigurada la línea Santa Marta – Gaira 110kV, en los circuitos Santa Marta – Bureche 110kV(1,8 km) y Bureche – GAIRA 110kV(1,8 km), Además se instalará una nueva línea que se conectara entre las subestaciones Santa Marta y Bureche 110 kV.
A107: =VLOOKUP(E107,'[1]Listas Desplegables'!$H$3:$J$7,2,FALSE()) -> #N/A | B107: =VLOOKUP(E107,'[1]Listas Desplegables'!$H$3:$J$7,3,FALSE()) -> #N/A | C107: 102 | D107: FUNDACIÓN - GUACAMAYAL Tramo 1 | E107: FUNDACIÓN | F107: GUACAMAYAL | G107: 110 | H107: 25 | I107: 472 | J107: 472 | K107: 472 | L107: Conductor | M107: 0.12 | N107: 0.476 | O107: 3.531 | P107: 0.563 | Q107: 1.369 | R107: 2.531 | S107: STR | T107: Áerea | U107: No | V107: 2029 | W107: AAAC | AC107: Reconfiguración de linea existente
A108: =VLOOKUP(E108,'[1]Listas Desplegables'!$H$3:$J$7,2,FALSE()) -> #N/A | B108: =VLOOKUP(E108,'[1]Listas Desplegables'!$H$3:$J$7,3,FALSE()) -> #N/A | C108: 103 | D108: FUNDACIÓN - GUACAMAYAL Tramo 2 | E108: FUNDACIÓN | F108: GUACAMAYAL | G108: 110 | H108: 3.85 | I108: 945 | J108: 945 | K108: 945 | L108: Conductor | M108: 0.024 | N108: 0.2095 | O108: 4.7111 | P108: 0.1245 | Q108: 0.1432 | R108: 3.9781 | S108: STR | T108: Áerea | U108: No | V108: 2029 | W108: AAAC | AC108: Reconfiguración de linea existente
A109: =VLOOKUP(E109,'[1]Listas Desplegables'!$H$3:$J$7,2,FALSE()) -> #N/A | B109: =VLOOKUP(E109,'[1]Listas Desplegables'!$H$3:$J$7,3,FALSE()) -> #N/A | C109: 104 | D109: GUACAMAYAL - CIENAGA Tramo 3 | E109: FUNDACIÓN | F109: CIENAGA | G109: 110 | H109: 3.85 | I109: 945 | J109: 945 | K109: 945 | L109: Conductor | M109: 0.024 | N109: 0.2095 | O109: 4.7111 | P109: 0.1245 | Q109: 0.1432 | R109: 3.9781 | S109: STR | T109: Áerea | U109: No | V109: 2029 | W109: AAAC | AC109: Reconfiguración de linea existente
A110: =VLOOKUP(E110,'[1]Listas Desplegables'!$H$3:$J$7,2,FALSE()) -> #N/A | B110: =VLOOKUP(E110,'[1]Listas Desplegables'!$H$3:$J$7,3,FALSE()) -> #N/A | C110: 105 | D110: GUACAMAYAL - CIENAGA Tramo 4 | E110: FUNDACIÓN | F110: CIENAGA | G110: 110 | H110: 41 | I110: 472 | J110: 472 | K110: 472 | L110: Conductor | M110: 0.12 | N110: 0.476 | O110: 3.531 | P110: 0.563 | Q110: 1.369 | R110: 2.531 | S110: STR | T110: Áerea | U110: No | V110: 2029 | W110: AAAC | AC110: Reconfiguración de linea existente
A111: =VLOOKUP(E111,'[1]Listas Desplegables'!$H$3:$J$7,2,FALSE()) -> #N/A | B111: =VLOOKUP(E111,'[1]Listas Desplegables'!$H$3:$J$7,3,FALSE()) -> #N/A | C111: 106 | D111: GUACAMAYAL - CIENAGA Tramo 5 | E111: FUNDACIÓN | F111: CIENAGA | G111: 110 | H111: 3.6 | I111: 945 | J111: 945 | K111: 945 | L111: Conductor | M111: 0.024 | N111: 0.2095 | O111: 4.7111 | P111: 0.1245 | Q111: 0.1432 | R111: 3.9781 | S111: STR | T111: Áerea | U111: No | V111: 2029 | W111: AAAC | AC111: Reconfiguración de linea existente
A112: =VLOOKUP(E112,'[1]Listas Desplegables'!$H$3:$J$7,2,FALSE()) -> #N/A | B112: =VLOOKUP(E112,'[1]Listas Desplegables'!$H$3:$J$7,3,FALSE()) -> #N/A | C112: 107 | D112: RIO CORDOBA - CIENAGA Tramo 6 | E112: RÍO CÓRDOBA | F112: CIENAGA | G112: 110 | H112: 3.6 | I112: 945 | J112: 945 | K112: 945 | L112: Conductor | M112: 0.024 | N112: 0.2095 | O112: 4.7111 | P112: 0.1245 | Q112: 0.1432 | R112: 3.9781 | S112: STR | T112: Áerea | U112: No | V112: 2029 | W112: AAAC | AC112: Reconfiguración de linea existente
A113: =VLOOKUP(E113,'[1]Listas Desplegables'!$H$3:$J$7,2,FALSE()) -> #N/A | B113: =VLOOKUP(E113,'[1]Listas Desplegables'!$H$3:$J$7,3,FALSE()) -> #N/A | C113: 108 | D113: RIO CORDOBA - CIENAGA Tramo 7 | E113: RÍO CÓRDOBA | F113: CIENAGA | G113: 110 | H113: 2 | I113: 300 | J113: 580 | K113: 330 | L113: Conductor | M113: 0.12 | N113: 0.476 | O113: 3.531 | P113: 0.563 | Q113: 1.369 | R113: 2.531 | S113: STR | T113: Áerea | U113: No | V113: 2029 | W113: AAAC | AC113: Reconfiguración de linea existente
A114: =VLOOKUP(E114,'[1]Listas Desplegables'!$H$3:$J$7,2,FALSE()) -> #N/A | B114: =VLOOKUP(E114,'[1]Listas Desplegables'!$H$3:$J$7,3,FALSE()) -> #N/A | C114: 109 | D114: URIBIA - CUESTECITAS Tramo 1 | E114: URIBIA | F114: CUESTECITAS | G114: 110 | H114: 1.25 | I114: 945 | J114: 945 | K114: 945 | L114: Conductor | M114: 0.11 | N114: 0.44 | O114: 3.48 | P114: 0.42 | Q114: 1.55 | R114: 1.93 | S114: STR | T114: Áerea | U114: No | V114: 2029 | W114: AAAC | AC114: Reconfiguración de linea existente
... A116: =VLOOKUP(E116,'[1]Listas Desplegables'!$H$3:$J$7,2,FALSE()) -> #N/A | B116: =VLOOKUP(E116,'[1]Listas Desplegables'!$H$3:$J$7,3,FALSE()) -> #N/A | C116: 111 | D116: URIBIA - MAICAO | E116: URIBIA | F116: MAICAO | G116: 110 | H116: 40 | I116: 691 | J116: 691 | K116: 691 | L116: Conductor | M116: 0.1 | N116: 0.49 | O116: 3.43 | P116: 0.35 | Q116: 1.18 | R116: 1.86 | S116: STR | T116: Áerea | U116: No | V116: 2029 | W116: AAAC | AC116: Nueva Línea
A117: =VLOOKUP(E117,'[1]Listas Desplegables'!$H$3:$J$7,2,FALSE()) -> #N/A | B117: =VLOOKUP(E117,'[1]Listas Desplegables'!$H$3:$J$7,3,FALSE()) -> #N/A | C117: 112
A118: =VLOOKUP(E118,'[1]Listas Desplegables'!$H$3:$J$7,2,FALSE()) -> #N/A | B118: =VLOOKUP(E118,'[1]Listas Desplegables'!$H$3:$J$7,3,FALSE()) -> #N/A | C118: 113
A119: =VLOOKUP(E119,'[1]Listas Desplegables'!$H$3:$J$7,2,FALSE()) -> #N/A | B119: =VLOOKUP(E119,'[1]Listas Desplegables'!$H$3:$J$7,3,FALSE()) -> #N/A | C119: 114
A120: =VLOOKUP(E120,'[1]Listas Desplegables'!$H$3:$J$7,2,FALSE()) -> #N/A | B120: =VLOOKUP(E120,'[1]Listas Desplegables'!$H$3:$J$7,3,FALSE()) -> #N/A | C120: 115
A121: =VLOOKUP(E121,'[1]Listas Desplegables'!$H$3:$J$7,2,FALSE()) -> #N/A | B121: =VLOOKUP(E121,'[1]Listas Desplegables'!$H$3:$J$7,3,FALSE()) -> #N/A | C121: 116
A122: =VLOOKUP(E122,'[1]Listas Desplegables'!$H$3:$J$7,2,FALSE()) -> #N/A | B122: =VLOOKUP(E122,'[1]Listas Desplegables'!$H$3:$J$7,3,FALSE()) -> #N/A | C122: 117
A123: =VLOOKUP(E123,'[1]Listas Desplegables'!$H$3:$J$7,2,FALSE()) -> #N/A | B123: =VLOOKUP(E123,'[1]Listas Desplegables'!$H$3:$J$7,3,FALSE()) -> #N/A | C123: 118
A124: =VLOOKUP(E124,'[1]Listas Desplegables'!$H$3:$J$7,2,FALSE()) -> #N/A | B124: =VLOOKUP(E124,'[1]Listas Desplegables'!$H$3:$J$7,3,FALSE()) -> #N/A | C124: 119
A125: =VLOOKUP(E125,'[1]Listas Desplegables'!$H$3:$J$7,2,FALSE()) -> #N/A | B125: =VLOOKUP(E125,'[1]Listas Desplegables'!$H$3:$J$7,3,FALSE()) -> #N/A | C125: 120
A126: =VLOOKUP(E126,'[1]Listas Desplegables'!$H$3:$J$7,2,FALSE()) -> #N/A | B126: =VLOOKUP(E126,'[1]Listas Desplegables'!$H$3:$J$7,3,FALSE()) -> #N/A | C126: 121
A127: =VLOOKUP(E127,'[1]Listas Desplegables'!$H$3:$J$7,2,FALSE()) -> #N/A | B127: =VLOOKUP(E127,'[1]Listas Desplegables'!$H$3:$J$7,3,FALSE()) -> #N/A | C127: 122
A128: =VLOOKUP(E128,'[1]Listas Desplegables'!$H$3:$J$7,2,FALSE()) -> #N/A | B128: =VLOOKUP(E128,'[1]Listas Desplegables'!$H$3:$J$7,3,FALSE()) -> #N/A | C128: 123
... A191: =VLOOKUP(E191,'[1]Listas Desplegables'!$H$3:$J$7,2,FALSE()) -> #N/A | B191: =VLOOKUP(E191,'[1]Listas Desplegables'!$H$3:$J$7,3,FALSE()) -> #N/A | C191: 186
A192: =VLOOKUP(E192,'[1]Listas Desplegables'!$H$3:$J$7,2,FALSE()) -> #N/A | B192: =VLOOKUP(E192,'[1]Listas Desplegables'!$H$3:$J$7,3,FALSE()) -> #N/A | C192: …

Sheet 2. Tr3
C3: Información General de Transformadores Tridevanados
C4: No. | D4: ='Manual de Uso'!C55 -> Nombre | E4: ='Manual de Uso'!C56 -> Subestación | F4: ='Manual de Uso'!C57 -> Nivel de tensión HV [kV] | G4: ='Manual de Uso'!C58 -> Nivel de tensión MV [kV] | H4: ='Manual de Uso'!C59 -> Nivel de tensión LV [kV] | I4: ='Manual de Uso'!C60 -> Capacidad HV [MVA] | J4: ='Manual de Uso'!C61 -> Capacidad MV [MVA] | K4: ='Manual de Uso'!C62 -> Capacidad LV [MVA] | L4: ='Manual de Uso'!C63 -> Grupo de conexión | M4: ='Manual de Uso'!C64 -> Impedancia HV-MV Secuencia +[%] | N4: ='Manual de Uso'!C65 -> Impedancia HV-LV Secuencia +[%] | O4: ='Manual de Uso'!C66 -> Impedancia MV-LV Secuencia +[%] | P4: ='Manual de Uso'!C67 -> Impedancia HV-MV Secuencia 0[%] | Q4: ='Manual de Uso'!C68 -> Impedancia HV-LV Secuencia 0[%] | R4: ='Manual de Uso'!C69 -> Impedancia MV-LV Secuencia 0[%] | S4: ='Manual de Uso'!C70 -> Posición Neutral Tap | T4: ='Manual de Uso'!C71 -> Posición Máxima Tap | U4: ='Manual de Uso'!C72 -> Posición Mínima Tap | V4: ='Manual de Uso'!C73 -> Delta Tap [%] | W4: ='Manual de Uso'!C74 -> Sobrecarga en emergencia | Y4: ='Manual de Uso'!C75 -> En Operación | Z4: ='Manual de Uso'!C76 -> FPO | AA4: ='Manual de Uso'!C77 -> Sistema | AB4: ='Manual de Uso'!C78 -> Pérdidas Cu HV-MV [kW] | AC4: ='Manual de Uso'!C79 -> Pérdidas Cu HV-LV [kW] | AD4: ='Manual de Uso'!C80 -> Pérdidas Cu MV-LV [kW] | AE4: ='Manual de Uso'!C81 -> Tiempo medio de reparación por evento [h] | AF4: ='Manual de Uso'!C82 -> Horas anuales de indisponibilidad [h] | AG4: ='Manual de Uso'!C83 -> Eventos anuales de indisponibilidad | AH4: ='Manual de Uso'!C84 -> Operador | AI4: ='Manual de Uso'!C85 -> Tipo activo Uso/Conexión | AJ4: ='Manual de Uso'!C86 -> Observaciones transportador
W5: Magnitud [%] | X5: Tiempo [minutos]
A6: =VLOOKUP(E6,'[1]Listas Desplegables'!$H$3:$J$7,2,FALSE()) -> #N/A | B6: =VLOOKUP(E6,'[1]Listas Desplegables'!$H$3:$J$7,3,FALSE()) -> #N/A | C6: 1 | D6: T-BAR01- | E6: BARANOA | F6: 110 | G6: 34.5 | H6: 13.8 | I6: 60 | J6: 35 | K6: 30 | L6: YN0yn0d5 | M6: 12.87 | N6: 21.82 | O6: 9.4 | P6: 12.87 | Q6: 21.82 | R6: 9.4 | S6: 0 | T6: 5 | U6: -15 | V6: 1 | W6: 130 | X6: 30 | Y6: Sí | AA6: SDL | AC6: 127.07 | AF6: 0.26028148 | AG6: 1 | AJ6: TPT a nivel de 13,8 kV de Reactancia de secuencia zero = 3,58 Ohm y Coriente nominal en el neutro = 6,87 kA
A7: =VLOOKUP(E7,'[1]Listas Desplegables'!$H$3:$J$7,2,FALSE()) -> #N/A | B7: =VLOOKUP(E7,'[1]Listas Desplegables'!$H$3:$J$7,3,FALSE()) -> #N/A | C7: 2 | D7: T-MLB01- | E7: MALAMBO | F7: 110 | G7: 34.5 | H7: 13.8 | I7: 60 | J7: 20 | K7: 40 | L7: D0yn11yn11 | M7: 6.633 | N7: 20.3 | O7: 3.05 | P7: 6.633 | Q7: 20.3 | R7: 3.05 | S7: 0 | T7: 5 | U7: -15 | V7: 1 | W7: 130 | X7: 30 | Y7: Sí | AA7: SDL | AB7: 61.9892 | AC7: 213.2222 | AD7: 51.24136
A8: =VLOOKUP(E8,'[1]Listas Desplegables'!$H$3:$J$7,2,FALSE()) -> #N/A | B8: =VLOOKUP(E8,'[1]Listas Desplegables'!$H$3:$J$7,3,FALSE()) -> #N/A | C8: 3 | D8: T-MLB03- | E8: MALAMBO | F8: 110 | G8: 34.5 | H8: 13.8 | I8: 60 | J8: 20 | K8: 40 | L8: D0yn11yn11 | M8: 6.675 | N8: 21.1 | O8: 3.15 | P8: 6.675 | Q8: 21.1 | R8: 3.15 | S8: 0 | T8: 5 | U8: -15 | V8: 1 | W8: 107 | X8: 30 | Y8: Sí | AA8: SDL | AB8: 126.76 | AC8: 1.42 | AD8: 84.19 | AF8: 0.9852 | AG8: 1
A9: =VLOOKUP(E9,'[1]Listas Desplegables'!$H$3:$J$7,2,FALSE()) -> #N/A | B9: =VLOOKUP(E9,'[1]Listas Desplegables'!$H$3:$J$7,3,FALSE()) -> #N/A | C9: 4 | D9: T-RCH01- | E9: RIOHACHA | F9: 110 | G9: 34.5 | H9: 13.8 | I9: 30 | J9: 10 | K9: 25 | L9: YN0yn0d1 | M9: 4.19 | N9: 16.56667 | O9: 2.25 | P9: 4.19 | Q9: 16.56667 | R9: 2.25 | S9: 0 | T9: 5 | U9: -15 | V9: 1 | W9: 130 | X9: 30 | Y9: Sí | AA9: SDL | AB9: 19.19 | AC9: 140.4 | AD9: 16.2 | AF9: 7.5445949 | AG9: 1 | AJ9: TPT a nivel de 13,8 kV de Reactancia de secuencia zero = 2,813 Ohm y Coriente nominal en el neutro = 8,422 kA
A10: =VLOOKUP(E10,'[1]Listas Desplegables'!$H$3:$J$7,2,FALSE()) -> #N/A | B10: =VLOOKUP(E10,'[1]Listas Desplegables'!$H$3:$J$7,3,FALSE()) -> #N/A | C10: 5 | D10: T-RCH02- | E10: RIOHACHA | F10: 110 | G10: 33 | H10: 13.8 | I10: 20 | J10: 10 | K10: 13.3 | L10: YN0yn0d11 | M10: 9.8 | N10: 6.53 | O10: 2.25 | P10: 9.8 | Q10: 6.53 | R10: 2.25 | S10: 0 | T10: 7 | U10: -21 | V10: 0.74 | W10: 130 | X10: 30 | Y10: Sí | AA10: SDL | AB10: 29.1 | AC10: 43.67 | AD10: 28.72 | AF10: 2.8077808 | AG10: 2
A11: =VLOOKUP(E11,'[1]Listas Desplegables'!$H$3:$J$7,2,FALSE()) -> #N/A | B11: =VLOOKUP(E11,'[1]Listas Desplegables'!$H$3:$J$7,3,FALSE()) -> #N/A | C11: 6 | D11: T-RCH03- | E11: RIOHACHA | F11: 110 | G11: 33 | H11: 13.8 | I11: 20 | J11: 10 | K11: 13.3 | L11: YN0yn0d11 | M11: 9.8 | N11: 6.53 | O11: 2.25 | P11: 9.8 | Q11: 6.53 | R11: 2.25 | S11: 0 | T11: 7 | U11: -21 | V11: 0.74 | W11: 130 | X11: 30 | Y11: Sí | AA11: SDL | AB11: 29.1 | AC11: 43.67 | AD11: 28.72
A12: =VLOOKUP(E12,'[1]Listas Desplegables'!$H$3:$J$7,2,FALSE()) -> #N/A | B12: =VLOOKUP(E12,'[1]Listas Desplegables'!$H$3:$J$7,3,FALSE()) -> #N/A | C12: 7 | D12: T-SJU01- | E12: SAN JUAN | F12: 110 | G12: 34.5 | H12: 13.8 | I12: 50 | J12: 35 | K12: 15 | L12: YN0d1yn0 | M12: 12.86 | N12: 5.604 | O12: 13.5086 | P12: 12.86 | Q12: 5.604 | R12: 13.5086 | S12: 0 | T12: 5 | U12: -15 | V12: 1 | W12: 105 | X12: 60 | Y12: Sí | AA12: SDL | AB12: 116 | AJ12: TPT a nivel de 34,5 kV de Reactancia de secuencia zero = 13,67 Ohm y Coriente nominal en el neutro = 4,5 kA
A13: =VLOOKUP(E13,'[1]Listas Desplegables'!$H$3:$J$7,2,FALSE()) -> #N/A | B13: =VLOOKUP(E13,'[1]Listas Desplegables'!$H$3:$J$7,3,FALSE()) -> #N/A | C13: 8 | D13: T-SJU02- | E13: SAN JUAN | F13: 110 | G13: 34.5 | H13: 13.8 | I13: 20 | J13: 14 | K13: 6 | L13: YN0d1yn0 | M13: 13.42 | N13: 5.8114 | O13: 13.73 | P13: 11.78 | Q13: 5.8114 | R13: 11.21 | S13: 0 | T13: 5 | U13: -15 | V13: 1 | W13: 130 | X13: 30 | Y13: Sí | AA13: SDL
A14: =VLOOKUP(E14,'[1]Listas Desplegables'!$H$3:$J$7,2,FALSE()) -> #N/A | B14: =VLOOKUP(E14,'[1]Listas Desplegables'!$H$3:$J$7,3,FALSE()) -> #N/A | C14: 9 | D14: T-FUN02- | E14: FUNDACION | F14: 110 | G14: 34.5 | H14: 13.8 | I14: 42 | J14: 37 | K14: 20 | L14: YN0yn0d11 | M14: 14.37 | N14: 12.32 | O14: 3.36 | P14: 14.37 | Q14: 12.32 | R14: 3.36 | S14: 0 | T14: 12 | U14: -12 | V14: 1.25 | W14: 100 | X14: 0 | Y14: Sí | AA14: SDL | AB14: 147 | AC14: 49.15 | AD14: 55.26 | AJ14: TPT a nivel de 13,8 kV de Reactancia de secuencia zero = 3,43 Ohm y Coriente nominal en el neutro = 5,4 kA
A15: =VLOOKUP(E15,'[1]Listas Desplegables'!$H$3:$J$7,2,FALSE()) -> #N/A | B15: =VLOOKUP(E15,'[1]Listas Desplegables'!$H$3:$J$7,3,FALSE()) -> #N/A | C15: 10 | D15: T-GAI01- | E15: GAIRA | F15: 110 | G15: 34.5 | H15: 13.8 | I15: 60 | J15: 30 | K15: 30 | L15: YN0d11yn0 | M15: 6.31 | N15: 11.94 | O15: 5.15 | P15: 6.31 | Q15: 11.94 | R15: 5.15 | S15: 0 | T15: 10 | U15: -11 | V15: 1 | W15: 130 | X15: 30 | Y15: Sí | AA15: SDL | AB15: 115.68 | AC15: 149.63 | AD15: 143.57 | AJ15: TPT a nivel de 34,5 kV de Reactancia de secuencia zero = 7,28 Ohm y Coriente nominal en el neutro = 4,82 kA
A16: =VLOOKUP(E16,'[1]Listas Desplegables'!$H$3:$J$7,2,FALSE()) -> #N/A | B16: =VLOOKUP(E16,'[1]Listas Desplegables'!$H$3:$J$7,3,FALSE()) -> #N/A | C16: 11 | D16: T-RCO01- | E16: RÍO CÓRDOBA | F16: 110 | G16: 34.5 | H16: 13.8 | I16: 33 | J16: 21 | K16: 15 | L16: YN0d1yn0 | M16: 8.1585 | N16: 10.177 | O16: 3.967 | P16: 8.1585 | Q16: 10.177 | R16: 3.967 | S16: 0 | T16: 5 | U16: -15 | V16: 1 | W16: 130 | X16: 30 | Y16: Sí | AA16: SDL | AB16: 85.4 | AC16: 156.43 | AF16: 3.9401052 | AG16: 7 | AJ16: TPT a nivel de 34,5 kV de Reactancia de secuencia zero = 8,44 Ohm y Coriente nominal en el neutro = 6,3 kA
A17: =VLOOKUP(E17,'[1]Listas Desplegables'!$H$3:$J$7,2,FALSE()) -> #N/A | B17: =VLOOKUP(E17,'[1]Listas Desplegables'!$H$3:$J$7,3,FALSE()) -> #N/A | C17: 12 | D17: T-SAL01- | E17: SALAMINA | F17: 110 | G17: 34.5 | H17: 13.8 | I17: 30 | J17: 20 | K17: 10 | L17: YN0yn0d1 | M17: 6.72 | N17: 6.78 | O17: 1.82667 | P17: 6.72 | Q17: 6.78 | R17: 1.82667 | S17: 0 | T17: 10 | U17: -10 | V17: 1 | W17: 130 | X17: 30 | Y17: Sí | AA17: SDL | AB17: 88.5 | AC17: 37.37 | AD17: 33.74 | AF17: 0.99003444 | AG17: 1 | AJ17: TPT a nivel de 13,8 kV de Reactancia de secuencia zero = 3,99 Ohm y Coriente nominal en el neutro = 3,64 kA
A18: =VLOOKUP(E18,'[1]Listas Desplegables'!$H$3:$J$7,2,FALSE()) -> #N/A | B18: =VLOOKUP(E18,'[1]Listas Desplegables'!$H$3:$J$7,3,FALSE()) -> #N/A | C18: 13 | D18: T-JMN01- | E18: JUAN MINA | F18: 110 | G18: 34.5 | H18: 13.8 | I18: 50 | J18: 30 | K18: 20 | L18: D0yn11yn11 | M18: 11.29 | N18: 12.5 | O18: 3.65 | P18: 11.29 | Q18: 12.5 | R18: 3.65 | S18: 0 | T18: 5 | U18: -15 | V18: 1 | W18: 100 | X18: 0 | Y18: Sí | AA18: SDL
A19: =VLOOKUP(E19,'[1]Listas Desplegables'!$H$3:$J$7,2,FALSE()) -> #N/A | B19: =VLOOKUP(E19,'[1]Listas Desplegables'!$H$3:$J$7,3,FALSE()) -> #N/A | C19: 14 | D19: T-CIE01 | E19: CIENAGA | F19: 110 | G19: 13.8 | H19: 6.9 | I19: 50 | J19: 50 | K19: 12.5 | L19: YN0yn0d1 | M19: 12.92 | N19: 6.1 | O19: 2.25 | P19: 12.59 | Q19: 5.19 | R19: 1.91 | S19: 0 | T19: 10 | U19: -10 | V19: 1 | W19: 105 | X19: 60 | Y19: Sí | AA19: SDL | AF19: 1.2341275 | AG19: 1 | AJ19: Devanado terciario de compensación / Desacoplado del T-CIE02
A20: =VLOOKUP(E20,'[1]Listas Desplegables'!$H$3:$J$7,2,FALSE()) -> #N/A | B20: =VLOOKUP(E20,'[1]Listas Desplegables'!$H$3:$J$7,3,FALSE()) -> #N/A | C20: 15 | D20: T-CIE02 | E20: CIENAGA | F20: 110 | G20: 13.8 | H20: 6.9 | I20: 50 | J20: 50 | K20: 12.5 | L20: YN0yn0d1 | M20: 12.8 | N20: 6.1 | O20: 2.25 | P20: 12.47 | Q20: 5.19 | R20: 1.91 | S20: 0 | T20: 10 | U20: -10 | V20: 1 | W20: 105 | X20: 60 | Y20: Sí | AA20: SDL | AJ20: Devanado terciario de compensación / Desacoplado del T-CIE01
A21: =VLOOKUP(E21,'[1]Listas Desplegables'!$H$3:$J$7,2,FALSE()) -> #N/A | B21: =VLOOKUP(E21,'[1]Listas Desplegables'!$H$3:$J$7,3,FALSE()) -> #N/A | C21: 16 | D21: T-ERI03 | E21: EL RÍO | F21: 34.5 | G21: 13.8 | H21: 7.967 | I21: 28 | J21: 28 | K21: 4 | L21: YN0yn0d5 | M21: 7.69 | N21: 1.603065 | O21: 0.389885 | P21: 7.69 | Q21: 1.603065 | R21: 0.389885 | S21: 0 | T21: 16 | U21: -16 | V21: 0.5 | W21: 110 | X21: 30 | Y21: Sí | AA21: SDL | AB21: 260 | AJ21: Devanado terciario de compensación / Desacoplado del T-ERI01 y T-ERI02
A22: =VLOOKUP(E22,'[1]Listas Desplegables'!$H$3:$J$7,2,FALSE()) -> #N/A | B22: =VLOOKUP(E22,'[1]Listas Desplegables'!$H$3:$J$7,3,FALSE()) -> #N/A | C22: 17 | D22: T-FLS04 | E22: LAS FLORES | F22: 34.5 | G22: 13.8 | H22: 6.9 | I22: 39.15 | J22: 39.15 | K22: 4 | L22: YN0yn0d1 | M22: 10.7 | N22: 1.510204 | O22: 0.3673469 | P22: 10.7 | Q22: 1.510204 | R22: 0.3673469 | S22: 0 | T22: 16 | U22: -16 | V22: 0.625 | W22: 110 | X22: 30 | Y22: Sí | AA22: SDL | AB22: 227.9 | AJ22: Devanado terciario de compensación
A23: =VLOOKUP(E23,'[1]Listas Desplegables'!$H$3:$J$7,2,FALSE()) -> #N/A | B23: =VLOOKUP(E23,'[1]Listas Desplegables'!$H$3:$J$7,3,FALSE()) -> #N/A | C23: 18 | D23: T-RIM02 | E23: NUEVA RIOMAR | F23: 34.5 | G23: 13.8 | H23: 6.9 | I23: 39.15 | J23: 39.15 | K23: 3 | L23: YN0yn0d1 | M23: 11.16 | N23: 1.084535 | O23: 0.2637436 | P23: 11.16 | Q23: 1.084535 | R23: 0.2637436 | S23: 0 | T23: 16 | U23: -16 | V23: 0.625 | W23: 110 | X23: 30 | Y23: Sí | AA23: SDL | AB23: 140 | AJ23: Devanado terciario de compensación
A24: =VLOOKUP(E24,'[1]Listas Desplegables'!$H$3:$J$7,2,FALSE()) -> #N/A | B24: =VLOOKUP(E24,'[1]Listas Desplegables'!$H$3:$J$7,3,FALSE()) -> #N/A | C24: 19 | D24: T-RIM03 | E24: NUEVA RIOMAR | F24: 34.5 | G24: 13.8 | H24: 6.9 | I24: 39.1 | J24: 39.1 | K24: 4 | L24: YN0yn0d1 | M24: 11.16 | N24: 1.621483 | O24: 0.3944757 | P24: 11.16 | Q24: 1.621483 | R24: 0.3944757 | S24: 0 | T24: 16 | U24: -16 | V24: 0.625 | W24: 110 | X24: 30 | Y24: Sí | AA24: SDL | AB24: 212.92 | AJ24: Devanado terciario de compensación
A25: =VLOOKUP(E25,'[1]Listas Desplegables'!$H$3:$J$7,2,FALSE()) -> #N/A | B25: =VLOOKUP(E25,'[1]Listas Desplegables'!$H$3:$J$7,3,FALSE()) -> #N/A | C25: 20 | D25: T-MGD01 | E25: RIO MAGDALENA | F25: 34.5 | G25: 13.8 | H25: 6.9 | I25: 39.15 | J25: 39.15 | K25: 4 | L25: YN0yn0d1 | M25: 10.397 | N25: 1.572107 | O25: 0.3824266 | P25: 10.397 | Q25: 1.572107 | R25: 0.3824266 | S25: 0 | T25: 16 | U25: -16 | V25: 0.625 | W25: 110 | X25: 30 | Y25: Sí | AA25: SDL | AB25: 219.4 | AF25: 1.1824976 | AG25: 1 | AJ25: Devanado terciario de compensación
A26: =VLOOKUP(E26,'[1]Listas Desplegables'!$H$3:$J$7,2,FALSE()) -> #N/A | B26: =VLOOKUP(E26,'[1]Listas Desplegables'!$H$3:$J$7,3,FALSE()) -> #N/A | C26: 21 | D26: T-SIL02 | E26: SILENCIO | F26: 34.5 | G26: 13.8 | H26: 6.9 | I26: 33 | J26: 33 | K26: 3 | L26: YN0yn0d1 | M26: 6 | N26: 1.048182 | O26: 2.8 | P26: 6 | Q26: 1.048182 | R26: 2.8 | S26: 0 | T26: 16 | U26: -16 | V26: 0.625 | W26: 110 | X26: 30 | Y26: Sí | AA26: SDL | AB26: 141.57 | AJ26: Devanado terciario de compensación / Desacoplado del T-SIL01 y T-SIL03
A27: =VLOOKUP(E27,'[1]Listas Desplegables'!$H$3:$J$7,2,FALSE()) -> #N/A | B27: =VLOOKUP(E27,'[1]Listas Desplegables'!$H$3:$J$7,3,FALSE()) -> #N/A | C27: 22 | D27: T-SIL03 | E27: SILENCIO | F27: 34.5 | G27: 13.8 | H27: 6.9 | I27: 39.15 | J27: 39.15 | K27: 4 | L27: YN0yn0d1 | M27: 10.6 | N27: 1.597547 | O27: 3.8 | P27: 10.6 | Q27: 1.597547 | R27: 3.8 | S27: 0 | T27: 16 | U27: -16 | V27: 0.625 | W27: 110 | X27: 30 | Y27: Sí | AA27: SDL | AB27: 253.7 | AF27: 0.33138333 | AG27: 1 | AJ27: Devanado terciario de compensación / Desacoplado del T-SIL02 y T-SIL01
A28: =VLOOKUP(E28,'[1]Listas Desplegables'!$H$3:$J$7,2,FALSE()) -> #N/A | B28: =VLOOKUP(E28,'[1]Listas Desplegables'!$H$3:$J$7,3,FALSE()) -> #N/A | C28: 23 | D28: UNIÓN 01 | E28: UNIÓN | F28: 110 | G28: 13.8 | H28: 6.9 | I28: 50 | J28: 50 | K28: 12.5 | L28: YN0yn0d11 | M28: 20.05 | N28: 7.93 | O28: 2.02 | P28: 19.13 | Q28: 7.33 | R28: 1.9 | S28: 0 | T28: 5 | U28: -15 | V28: 1 | W28: 100 | X28: 0 | Y28: Sí | AA28: SDL | AE28: 0 | AF28: 0 | AG28: 0 | AJ28: Devanado terciario de compensación / Desacoplado del UNIÓN 02 y UNIÓN 03
A29: =VLOOKUP(E29,'[1]Listas Desplegables'!$H$3:$J$7,2,FALSE()) -> #N/A | B29: =VLOOKUP(E29,'[1]Listas Desplegables'!$H$3:$J$7,3,FALSE()) -> #N/A | C29: 24 | D29: UNIÓN 02 | E29: UNIÓN | F29: 110 | G29: 13.8 | H29: 6.9 | I29: 50 | J29: 50 | K29: 12.5 | L29: YN0yn0d11 | M29: 19.73 | N29: 7.93 | O29: 2.02 | P29: 18.83 | Q29: 7.31 | R29: 1.9 | S29: 0 | T29: 5 | U29: -15 | V29: 1 | W29: 100 | X29: 0 | Y29: Sí | AA29: SDL | AE29: 0 | AF29: 0 | AG29: 0 | AJ29: Devanado terciario de compensación / Desacoplado del UNIÓN 01 y UNIÓN 03
A30: =VLOOKUP(E30,'[1]Listas Desplegables'!$H$3:$J$7,2,FALSE()) -> #N/A | B30: =VLOOKUP(E30,'[1]Listas Desplegables'!$H$3:$J$7,3,FALSE()) -> #N/A | C30: 25 | D30: UNIÓN 03 | E30: UNIÓN | F30: 110 | G30: 13.8 | H30: 6.9 | I30: 50 | J30: 50 | K30: 12.5 | L30: YN0yn0d11 | M30: 20.13 | N30: 7.93 | O30: 2.02 | P30: 19.24 | Q30: 7.35 | R30: 1.82 | S30: 0 | T30: 5 | U30: -15 | V30: 1 | W30: 100 | X30: 0 | Y30: Sí | AA30: SDL | AE30: 0 | AF30: 0 | AG30: 0 | AJ30: Devanado terciario de compensación / Desacoplado del UNIÓN 01 y UNIÓN 02
A31: =VLOOKUP(E31,'[1]Listas Desplegables'!$H$3:$J$7,2,FALSE()) -> #N/A | B31: =VLOOKUP(E31,'[1]Listas Desplegables'!$H$3:$J$7,3,FALSE()) -> #N/A | C31: 26 | D31: T- ESTRATEGICO CDL 01 | E31: CORDIALIDAD | F31: 110 | G31: 34.5 | H31: 13.8 | I31: 60 | J31: 60 | K31: 60 | L31: YN0d11yn0 | M31: 12.58 | N31: 24.24 | O31: 9.36 | P31: 12.58 | Q31: 24.24 | R31: 9.36 | S31: 0 | T31: 10 | U31: -10 | V31: 1 | W31: 100 | X31: 0 | Y31: Sí | AA31: SDL | AB31: 274.54 | AC31: 317.74 | AD31: 272.06
A32: =VLOOKUP(E32,'[1]Listas Desplegables'!$H$3:$J$7,2,FALSE()) -> #N/A | B32: =VLOOKUP(E32,'[1]Listas Desplegables'!$H$3:$J$7,3,FALSE()) -> #N/A | C32: 27 | D32: RÍO CORDOBA 02 | E32: RÍO CÓRDOBA | F32: 110 | G32: 34.5 | H32: 13.8 | I32: 50 | J32: 30 | K32: 20 | L32: YN0d11yn0 | M32: 11.29 | N32: 12.5 | O32: 3.65 | P32: 11.29 | Q32: 12.5 | R32: 3.65 | S32: 0 | T32: 5 | U32: -15 | V32: 1 | W32: 100 | X32: 0 | Y32: No | Z32: 2029 | AA32: SDL | AJ32: Segundo transformador NA a nivel de 13,8 kV y el T-RCO01- NA a nivel de 34,5 kV y se cierran los interruptores de la línea 537 TPT a nivel de 34,5 kV de I= 0,48 kA, X = 3,64 Ohm
A33: =VLOOKUP(E33,'[1]Listas Desplegables'!$H$3:$J$7,2,FALSE()) -> #N/A | B33: =VLOOKUP(E33,'[1]Listas Desplegables'!$H$3:$J$7,3,FALSE()) -> #N/A | C33: 28 | D33: GAIRA 02 | E33: GAIRA | F33: 110 | G33: 34.5 | H33: 13.8 | I33: 60 | J33: 30 | K33: 30 | L33: YN0d11yn0 | M33: 6.31 | N33: 11.94 | O33: 5.15 | P33: 6.31 | Q33: 11.94 | R33: 5.15 | S33: 0 | T33: 10 | U33: -11 | V33: 1.01 | W33: 100 | X33: 0 | Y33: No | Z33: 2029 | AA33: SDL | AB33: 115.68 | AC33: 149.63 | AD33: 143.57 | AE33: 0 | AF33: 0 | AG33: 0 | AJ33: Segundo transformador TPT a nivel de 34,5 kV de Reactancia de secuencia zero = 7,28 Ohm y Coriente nominal en el neutro = 4,82 kA
A34: =VLOOKUP(E34,'[1]Listas Desplegables'!$H$3:$J$7,2,FALSE()) -> #N/A | B34: =VLOOKUP(E34,'[1]Listas Desplegables'!$H$3:$J$7,3,FALSE()) -> #N/A | C34: 29 | D34: TEBSA 2 100 MVA | E34: TEBSA | F34: 220 | G34: 110 | H34: 13.8 | I34: 100 | J34: 100 | K34: 20 | L34: YNa0d1 | M34: 11 | N34: 4.95 | O34: 2.57 | P34: 11 | Q34: 4.95 | R34: 2.57 | S34: 9 | T34: 29 | U34: 1 | V34: 1.01 | W34: 110 | X34: 30 | Y34: Sí | AA34: STN | AB34: 100 | AC34: 100 | AD34: 100
A35: =VLOOKUP(E35,'[1]Listas Desplegables'!$H$3:$J$7,2,FALSE()) -> #N/A | B35: =VLOOKUP(E35,'[1]Listas Desplegables'!$H$3:$J$7,3,FALSE()) -> #N/A | C35: 30 | D35: TEBSA 5 100 MVA | E35: TEBSA | F35: 220 | G35: 110 | H35: 13.8 | I35: 100 | J35: 100 | K35: 20 | L35: YNa0d1 | M35: 10.45 | N35: 4.95 | O35: 2.57 | P35: 10.45 | Q35: 4.95 | R35: 2.57 | S35: 9 | T35: 29 | U35: 1 | V35: 1.01 | W35: 110 | X35: 30 | Y35: Sí | AA35: STN | AB35: 100 | AC35: 100 | AD35: 100
A36: =VLOOKUP(E36,'[1]Listas Desplegables'!$H$3:$J$7,2,FALSE()) -> #N/A | B36: =VLOOKUP(E36,'[1]Listas Desplegables'!$H$3:$J$7,3,FALSE()) -> #N/A | C36: 31 | D36: T01- NUEVA SAN JUAN | E36: NUEVA SAN JUAN | F36: 220 | G36: 110 | H36: 13.8 | I36: 150 | J36: 150 | K36: 51 | L36: YNYND1 | M36: 12.74 | N36: 14.13 | O36: 8.92 | P36: 12.74 | Q36: 14.13 | R36: 8.92 | S36: 0 | T36: 12 | U36: -8 | V36: 1 | W36: 100 | X36: 0 | Y36: No | Z36: 2029 | AA36: STN
A37: =VLOOKUP(E37,'[1]Listas Desplegables'!$H$3:$J$7,2,FALSE()) -> #N/A | B37: =VLOOKUP(E37,'[1]Listas Desplegables'!$H$3:$J$7,3,FALSE()) -> #N/A | C37: 32 | D37: T1 Nueva El Río | E37: EL RÍO | F37: 220 | G37: 110 | H37: 13.8 | I37: 150 | J37: 150 | K37: 51 | L37: YNYND1 | M37: 12.74 | N37: 14.13 | O37: 8.92 | P37: 12.74 | Q37: 14.13 | R37: 8.92 | S37: 0 | T37: 12 | U37: -8 | V37: 1 | W37: 100 | X37: 0 | Y37: No | Z37: 2029 | AA37: STN
A38: =VLOOKUP(E38,'[1]Listas Desplegables'!$H$3:$J$7,2,FALSE()) -> #N/A | B38: =VLOOKUP(E38,'[1]Listas Desplegables'!$H$3:$J$7,3,FALSE()) -> #N/A | C38: 33 | D38: T2 Nueva El Río | E38: EL RÍO | F38: 220 | G38: 110 | H38: 13.8 | I38: 150 | J38: 150 | K38: 51 | L38: YNYND1 | M38: 12.74 | N38: 14.13 | O38: 8.92 | P38: 12.74 | Q38: 14.13 | R38: 8.92 | S38: 0 | T38: 12 | U38: -8 | V38: 1 | W38: 100 | X38: 0 | Y38: No | Z38: 2029 | AA38: STN
A39: =VLOOKUP(E39,'[1]Listas Desplegables'!$H$3:$J$7,2,FALSE()) -> #N/A | B39: =VLOOKUP(E39,'[1]Listas Desplegables'!$H$3:$J$7,3,FALSE()) -> #N/A | C39: 34 | D39: TEBSA 1 100 MVA | E39: TEBSA | F39: 220 | G39: 110 | H39: 13.8 | I39: 100 | J39: 100 | K39: 20 | L39: YNa0d1 | M39: 12.66 | N39: 4.03 | O39: 1.03 | P39: 12.66 | Q39: 4.03 | R39: 1.03 | S39: 9 | T39: 29 | U39: 1 | V39: 1.09 | W39: 110 | X39: 30 | Y39: Sí | AA39: STN | AB39: 100 | AC39: 100 | AD39: 100
A40: =VLOOKUP(E40,'[1]Listas Desplegables'!$H$3:$J$7,2,FALSE()) -> #N/A | B40: =VLOOKUP(E40,'[1]Listas Desplegables'!$H$3:$J$7,3,FALSE()) -> #N/A | C40: 35 | D40: T03 Cuestecitas | E40: CUESTECITAS | F40: 110 | G40: 34.5 | H40: 13.8 | I40: 50 | J40: 50 | K40: 1 | L40: YN0yn0d1 | M40: 37 | N40: 10.6 | O40: 23.7 | P40: 33.4 | Q40: 10.3 | R40: 22 | S40: 0 | T40: 10 | U40: -10 | V40: 1 | W40: 110 | X40: 30 | Y40: Sí | AA40: STR | AB40: 37 | AC40: 10.6 | AD40: 23.7 | AJ40: Se límita límita la capacidad del transformador a 25MVA
A41: =VLOOKUP(E41,'[1]Listas Desplegables'!$H$3:$J$7,2,FALSE()) -> #N/A | B41: =VLOOKUP(E41,'[1]Listas Desplegables'!$H$3:$J$7,3,FALSE()) -> #N/A | C41: 36
A42: =VLOOKUP(E42,'[1]Listas Desplegables'!$H$3:$J$7,2,FALSE()) -> #N/A | B42: =VLOOKUP(E42,'[1]Listas Desplegables'!$H$3:$J$7,3,FALSE()) -> #N/A | C42: 37
A43: =VLOOKUP(E43,'[1]Listas Desplegables'!$H$3:$J$7,2,FALSE()) -> #N/A | B43: =VLOOKUP(E43,'[1]Listas Desplegables'!$H$3:$J$7,3,FALSE()) -> #N/A | C43: 38
A44: =VLOOKUP(E44,'[1]Listas Desplegables'!$H$3:$J$7,2,FALSE()) -> #N/A | B44: =VLOOKUP(E44,'[1]Listas Desplegables'!$H$3:$J$7,3,FALSE()) -> #N/A | C44: 39
A45: =VLOOKUP(E45,'[1]Listas Desplegables'!$H$3:$J$7,2,FALSE()) -> #N/A | B45: =VLOOKUP(E45,'[1]Listas Desplegables'!$H$3:$J$7,3,FALSE()) -> #N/A | C45: 40
A46: =VLOOKUP(E46,'[1]Listas Desplegables'!$H$3:$J$7,2,FALSE()) -> #N/A | B46: =VLOOKUP(E46,'[1]Listas Desplegables'!$H$3:$J$7,3,FALSE()) -> #N/A | C46: 41
A47: =VLOOKUP(E47,'[1]Listas Desplegables'!$H$3:$J$7,2,FALSE()) -> #N/A | B47: =VLOOKUP(E47,'[1]Listas Desplegables'!$H$3:$J$7,3,FALSE()) -> #N/A | C47: 42
A48: =VLOOKUP(E48,'[1]Listas Desplegables'!$H$3:$J$7,2,FALSE()) -> #N/A | B48: =VLOOKUP(E48,'[1]Listas Desplegables'!$H$3:$J$7,3,FALSE()) -> #N/A | C48: 43
A49: =VLOOKUP(E49,'[1]Listas Desplegables'!$H$3:$J$7,2,FALSE()) -> #N/A | B49: =VLOOKUP(E49,'[1]Listas Desplegables'!$H$3:$J$7,3,FALSE()) -> #N/A | C49: 44
A50: =VLOOKUP(E50,'[1]Listas Desplegables'!$H$3:$J$7,2,FALSE()) -> #N/A | B50: =VLOOKUP(E50,'[1]Listas Desplegables'!$H$3:$J$7,3,FALSE()) -> #N/A | C50: 45
A51: =VLOOKUP(E51,'[1]Listas Desplegables'!$H$3:$J$7,2,FALSE()) -> #N/A | B51: =VLOOKUP(E51,'[1]Listas Desplegables'!$H$3:$J$7,3,FALSE()) -> #N/A | C51: 46
A52: =VLOOKUP(E52,'[1]Listas Desplegables'!$H$3:$J$7,2,FALSE()) -> #N/A | B52: =VLOOKUP(E52,'[1]Listas Desplegables'!$H$3:$J$7,3,FALSE()) -> #N/A | C52: 47
... A117: =VLOOKUP(E117,'[1]Listas Desplegables'!$H$3:$J$7,2,FALSE()) -> #N/A | B117: =VLOOKUP(E117,'[1]Listas Desplegables'!$H$3:$J$7,3,FALSE()) -> #N/A | C117: 112

Sheet 3. Tr2
C3: Información General de Transformadores Bidevanados
C4: No. | D4: ='Manual de Uso'!C87 -> Nombre | E4: ='Manual de Uso'!C88 -> Subestación | F4: ='Manual de Uso'!C89 -> Nivel de tensión HV [kV] | G4: ='Manual de Uso'!C90 -> Nivel de tensión LV [kV] | H4: ='Manual de Uso'!C91 -> Capacidad [MVA] | I4: ='Manual de Uso'!C92 -> Grupo de conexión | J4: ='Manual de Uso'!C93 -> Impedancia Secuencia +[%] | K4: ='Manual de Uso'!C94 -> Impedancia Secuencia 0[%] | L4: ='Manual de Uso'!C95 -> Posición Neutral Tap | M4: ='Manual de Uso'!C96 -> Posición Máxima Tap | N4: ='Manual de Uso'!C97 -> Posición Mínima Tap | O4: ='Manual de Uso'!C98 -> Delta Tap [%] | P4: ='Manual de Uso'!C99 -> Sobrecarga en emergencia | R4: ='Manual de Uso'!C100 -> En Operación | S4: ='Manual de Uso'!C101 -> FPO | T4: ='Manual de Uso'!C102 -> Sistema | U4: ='Manual de Uso'!C103 -> Pérdidas Cu [kW] | V4: ='Manual de Uso'!C104 -> Tiempo medio de reparación por evento [h] | W4: ='Manual de Uso'!C105 -> Horas anuales de indisponibilidad [h] | X4: ='Manual de Uso'!C106 -> Eventos anuales de indisponibilidad | Y4: ='Manual de Uso'!C107 -> Operador | Z4: ='Manual de Uso'!C108 -> Tipo activo Uso/Conexión | AA4: ='Manual de Uso'!C109 -> Observaciones transportador
P5: Magnitud [%] | Q5: Tiempo [minutos]
A6: =VLOOKUP(E6,'[1]Listas Desplegables'!$H$3:$J$7,2,FALSE()) -> #N/A | B6: =VLOOKUP(E6,'[1]Listas Desplegables'!$H$3:$J$7,3,FALSE()) -> #N/A | C6: 1 | D6: T-AOR01 | E6: AEROPUERTO | F6: 34.5 | G6: 13.8 | H6: 15 | I6: Dyn1 | J6: 9.12 | K6: 9.12 | L6: 0 | M6: 10 | N6: -10 | O6: 1 | P6: 115 | Q6: 30 | R6: Sí | T6: SDL | U6: 66.431 | W6: 0 | X6: 0
A7: =VLOOKUP(E7,'[1]Listas Desplegables'!$H$3:$J$7,2,FALSE()) -> #N/A | B7: =VLOOKUP(E7,'[1]Listas Desplegables'!$H$3:$J$7,3,FALSE()) -> #N/A | C7: 2 | D7: T-PROV AOR | E7: AEROPUERTO | F7: 34.5 | G7: 13.8 | H7: 12.5 | I7: Dyn1 | J7: 8.8125 | K7: 8.8125 | L7: 0 | M7: 16 | N7: -16 | O7: 0.625 | P7: 100 | Q7: 0 | R7: Sí | T7: SDL | U7: 71.192
A8: =VLOOKUP(E8,'[1]Listas Desplegables'!$H$3:$J$7,2,FALSE()) -> #N/A | B8: =VLOOKUP(E8,'[1]Listas Desplegables'!$H$3:$J$7,3,FALSE()) -> #N/A | C8: 3 | D8: T-ARA01 | E8: ARACATACA | F8: 34.5 | G8: 13.8 | H8: 12.5 | I8: Dyn5 | J8: 9.1 | K8: 9.1 | L8: 0 | M8: 2 | N8: -2 | O8: 2.5 | P8: 110 | Q8: 30 | R8: Sí | T8: SDL | U8: 80 | W8: 0.0038833333 | X8: 2
A9: =VLOOKUP(E9,'[1]Listas Desplegables'!$H$3:$J$7,2,FALSE()) -> #N/A | B9: =VLOOKUP(E9,'[1]Listas Desplegables'!$H$3:$J$7,3,FALSE()) -> #N/A | C9: 4 | D9: T-APA01 | E9: ARROYO DE PIEDRA | F9: 34.5 | G9: 13.8 | H9: 12.5 | I9: Dyn5 | J9: 5.264 | K9: 5.264 | L9: 0 | M9: 8 | N9: -8 | O9: 1.25 | P9: 110 | Q9: 30 | R9: Sí | T9: SDL | U9: 24 | W9: 0.28092778 | X9: 3
A10: =VLOOKUP(E10,'[1]Listas Desplegables'!$H$3:$J$7,2,FALSE()) -> #N/A | B10: =VLOOKUP(E10,'[1]Listas Desplegables'!$H$3:$J$7,3,FALSE()) -> #N/A | C10: 5 | D10: T-BNA01 | E10: BALLENAS | F10: 34.5 | G10: 13.8 | H10: 1 | I10: Dyn11 | J10: 4.89 | K10: 4.89 | L10: 0 | M10: 2 | N10: -2 | O10: 2.5 | P10: 105 | Q10: 30 | R10: Sí | T10: SDL | U10: 12 | W10: 2.5108333 | X10: 2
A11: =VLOOKUP(E11,'[1]Listas Desplegables'!$H$3:$J$7,2,FALSE()) -> #N/A | B11: =VLOOKUP(E11,'[1]Listas Desplegables'!$H$3:$J$7,3,FALSE()) -> #N/A | C11: 6 | D11: T-BRC01 | E11: BARRANCAS | F11: 34.5 | G11: 13.8 | H11: 8 | I11: Dyn11 | J11: 6.56 | K11: 6.56 | L11: 0 | M11: 4 | N11: -4 | O11: 2.5 | P11: 110 | Q11: 30 | R11: Sí | T11: SDL | U11: 28 | W11: 0 | X11: 0 | AA11: Desacoplado del T02
A12: =VLOOKUP(E12,'[1]Listas Desplegables'!$H$3:$J$7,2,FALSE()) -> #N/A | B12: =VLOOKUP(E12,'[1]Listas Desplegables'!$H$3:$J$7,3,FALSE()) -> #N/A | C12: 7 | D12: T-BRC02 | E12: BARRANCAS | F12: 34.5 | G12: 13.8 | H12: 4 | I12: Dyn5 | J12: 5.62 | K12: 5.62 | L12: 0 | M12: 2 | N12: -2 | O12: 2.5 | P12: 110 | Q12: 30 | R12: Sí | T12: SDL | W12: 0 | X12: 0 | AA12: Desacoplado del T01
A13: =VLOOKUP(E13,'[1]Listas Desplegables'!$H$3:$J$7,2,FALSE()) -> #N/A | B13: =VLOOKUP(E13,'[1]Listas Desplegables'!$H$3:$J$7,3,FALSE()) -> #N/A | C13: 8 | D13: T-BON01 | E13: BONDA | F13: 34.5 | G13: 13.8 | H13: 12.5 | I13: Dyn1 | J13: 8.8125 | K13: 8.8125 | L13: 0 | M13: 16 | N13: -16 | O13: 0.625 | P13: 115 | Q13: 30 | R13: Sí | T13: SDL | U13: 71.192 | W13: 22.541942 | X13: 2
A14: =VLOOKUP(E14,'[1]Listas Desplegables'!$H$3:$J$7,2,FALSE()) -> #N/A | B14: =VLOOKUP(E14,'[1]Listas Desplegables'!$H$3:$J$7,3,FALSE()) -> #N/A | C14: 9 | D14: T-BON02 | E14: BONDA | F14: 34.5 | G14: 13.8 | H14: 12.5 | I14: Dyn1 | J14: 7.07 | K14: 7.07 | L14: 0 | M14: 16 | N14: -16 | O14: 0.625 | P14: 115 | Q14: 30 | R14: Sí | T14: SDL | U14: 81
A15: =VLOOKUP(E15,'[1]Listas Desplegables'!$H$3:$J$7,2,FALSE()) -> #N/A | B15: =VLOOKUP(E15,'[1]Listas Desplegables'!$H$3:$J$7,3,FALSE()) -> #N/A | C15: 10 | D15: T-CES01 | E15: CAMARONES | F15: 34.5 | G15: 13.8 | H15: 4 | I15: Dyn5 | J15: 7.91 | K15: 7.91 | L15: 0 | M15: 2 | N15: -2 | O15: 2.5 | P15: 115 | Q15: 30 | R15: Sí | T15: SDL | W15: 0.14680833 | X15: 2
A16: =VLOOKUP(E16,'[1]Listas Desplegables'!$H$3:$J$7,2,FALSE()) -> #N/A | B16: =VLOOKUP(E16,'[1]Listas Desplegables'!$H$3:$J$7,3,FALSE()) -> #N/A | C16: 11 | D16: T-CAE01 | E16: CAMPO ALEGRE | F16: 34.5 | G16: 13.8 | H16: 10 | I16: Dyn1 | J16: 7.55 | K16: 7.55 | L16: 0 | M16: 2 | N16: -2 | O16: 2.5 | P16: 105 | Q16: 30 | R16: Sí | T16: SDL | U16: 44.8 | W16: 0 | X16: 1
A17: =VLOOKUP(E17,'[1]Listas Desplegables'!$H$3:$J$7,2,FALSE()) -> #N/A | B17: =VLOOKUP(E17,'[1]Listas Desplegables'!$H$3:$J$7,3,FALSE()) -> #N/A | C17: 12 | D17: T-CAR01 | E17: CARACOLÍ | F17: 110 | G17: 13.8 | H17: 30 | I17: Dyn11 | J17: 12.96 | K17: 12.89 | L17: 0 | M17: 5 | N17: -15 | O17: 1 | P17: 110 | Q17: 30 | R17: Sí | T17: SDL | W17: 0 | X17: 0
A18: =VLOOKUP(E18,'[1]Listas Desplegables'!$H$3:$J$7,2,FALSE()) -> #N/A | B18: =VLOOKUP(E18,'[1]Listas Desplegables'!$H$3:$J$7,3,FALSE()) -> #N/A | C18: 13 | D18: T-CAR02 | E18: CARACOLÍ | F18: 110 | G18: 13.8 | H18: 30 | I18: Dyn11 | J18: 12.99 | K18: 12.89 | L18: 0 | M18: 5 | N18: -15 | O18: 1 | P18: 110 | Q18: 30 | R18: Sí | T18: SDL | W18: 0 | X18: 0
A19: =VLOOKUP(E19,'[1]Listas Desplegables'!$H$3:$J$7,2,FALSE()) -> #N/A | B19: =VLOOKUP(E19,'[1]Listas Desplegables'!$H$3:$J$7,3,FALSE()) -> #N/A | C19: 14 | D19: T-CTR01 | E19: CENTRO | F19: 110 | G19: 13.8 | H19: 50 | I19: Dyn11 | J19: 19.1 | K19: 19.1 | L19: 0 | M19: 5 | N19: -15 | O19: 1 | P19: 130 | Q19: 30 | R19: Sí | T19: SDL | U19: 188.7 | W19: 0 | X19: 0 | AA19: Acoplado al T-CTR02
A20: =VLOOKUP(E20,'[1]Listas Desplegables'!$H$3:$J$7,2,FALSE()) -> #N/A | B20: =VLOOKUP(E20,'[1]Listas Desplegables'!$H$3:$J$7,3,FALSE()) -> #N/A | C20: 15 | D20: T-CTR02 | E20: CENTRO | F20: 110 | G20: 13.8 | H20: 50 | I20: Dyn11 | J20: 19.1 | K20: 19.1 | L20: 0 | M20: 5 | N20: -15 | O20: 1 | P20: 130 | Q20: 30 | R20: Sí | T20: SDL | U20: 188.7 | W20: 0 | X20: 0 | AA20: Acoplado al T-CTR01
A21: =VLOOKUP(E21,'[1]Listas Desplegables'!$H$3:$J$7,2,FALSE()) -> #N/A | B21: =VLOOKUP(E21,'[1]Listas Desplegables'!$H$3:$J$7,3,FALSE()) -> #N/A | C21: 16 | D21: T-CDL01 | E21: CORDIALIDAD | F21: 110 | G21: 13.8 | H21: 60 | I21: Dyn5 | J21: 12.33 | K21: 12.33 | L21: 0 | M21: 10 | N21: -15 | O21: 1 | P21: 130 | Q21: 30 | R21: Sí | T21: SDL | U21: 108.211 | W21: 0 | X21: 0
A22: =VLOOKUP(E22,'[1]Listas Desplegables'!$H$3:$J$7,2,FALSE()) -> #N/A | B22: =VLOOKUP(E22,'[1]Listas Desplegables'!$H$3:$J$7,3,FALSE()) -> #N/A | C22: 17 | D22: T-CDL02 | E22: CORDIALIDAD | F22: 110 | G22: 13.8 | H22: 50 | I22: Dyn5 | J22: 12.51 | K22: 13.68 | L22: 0 | M22: 10 | N22: -15 | O22: 1 | P22: 100 | Q22: 0 | R22: Sí | T22: SDL | U22: 223.21 | W22: 0 | X22: 0
A23: =VLOOKUP(E23,'[1]Listas Desplegables'!$H$3:$J$7,2,FALSE()) -> #N/A | B23: =VLOOKUP(E23,'[1]Listas Desplegables'!$H$3:$J$7,3,FALSE()) -> #N/A | C23: 18 | D23: T-CUC05 | E23: CUESTECITAS | F23: 34.5 | G23: 13.8 | H23: 12.5 | I23: Dyn1 | J23: 8.75 | K23: 8.75 | L23: 0 | M23: 16 | N23: -16 | O23: 0.625 | P23: 110 | Q23: 30 | R23: Sí | T23: SDL | W23: 0 | X23: 0
A24: =VLOOKUP(E24,'[1]Listas Desplegables'!$H$3:$J$7,2,FALSE()) -> #N/A | B24: =VLOOKUP(E24,'[1]Listas Desplegables'!$H$3:$J$7,3,FALSE()) -> #N/A | C24: 19 | D24: T-RTN01 | E24: EL RETEN | F24: 34.5 | G24: 13.8 | H24: 6.5 | I24: Dyn5 | J24: 8.65 | K24: 8.65 | L24: 0 | M24: 1 | N24: -3 | O24: 2.5 | P24: 110 | Q24: 30 | R24: Sí | T24: SDL | U24: 48.5 | W24: 0 | X24: 0
A25: =VLOOKUP(E25,'[1]Listas Desplegables'!$H$3:$J$7,2,FALSE()) -> #N/A | B25: =VLOOKUP(E25,'[1]Listas Desplegables'!$H$3:$J$7,3,FALSE()) -> #N/A | C25: 20 | D25: T-ERI05 | E25: EL RIO | F25: 110 | G25: 34.5 | H25: 125 | I25: YNd11 | J25: 11.33 | K25: 11.33 | L25: 0 | M25: 2 | N25: -2 | O25: 2.5 | P25: 130 | Q25: 30 | R25: Sí | T25: SDL | U25: 467.75 | W25: 0 | X25: 0
A26: =VLOOKUP(E26,'[1]Listas Desplegables'!$H$3:$J$7,2,FALSE()) -> #N/A | B26: =VLOOKUP(E26,'[1]Listas Desplegables'!$H$3:$J$7,3,FALSE()) -> #N/A | C26: 21 | D26: T-ERI02 | E26: EL RIO | F26: 34.5 | G26: 13.8 | H26: 33 | I26: YnYn0 | J26: 7.8936 | K26: 7.8936 | L26: 0 | M26: 16 | N26: -16 | O26: 0.625 | P26: 110 | Q26: 30 | R26: Sí | T26: SDL
A27: =VLOOKUP(E27,'[1]Listas Desplegables'!$H$3:$J$7,2,FALSE()) -> #N/A | B27: =VLOOKUP(E27,'[1]Listas Desplegables'!$H$3:$J$7,3,FALSE()) -> #N/A | C27: 22 | D27: T-ERI01 | E27: EL RIO | F27: 34.5 | G27: 13.8 | H27: 33 | I27: YnYn0 | J27: 7.8276 | K27: 7.8276 | L27: 0 | M27: 16 | N27: -16 | O27: 0.625 | P27: 110 | Q27: 30 | R27: Sí | T27: SDL
A28: =VLOOKUP(E28,'[1]Listas Desplegables'!$H$3:$J$7,2,FALSE()) -> #N/A | B28: =VLOOKUP(E28,'[1]Listas Desplegables'!$H$3:$J$7,3,FALSE()) -> #N/A | C28: 23 | D28: T-FON01 | E28: FONSECA | F28: 34.5 | G28: 13.8 | H28: 13.3 | I28: YNyn0 | J28: 5.11 | K28: 5.11 | L28: 0 | M28: 2 | N28: -2 | O28: 2.5 | P28: 105 | Q28: 30 | R28: Sí | T28: SDL | W28: 1.6884894 | X28: 3 | AA28: Desacoplado del T02
A29: =VLOOKUP(E29,'[1]Listas Desplegables'!$H$3:$J$7,2,FALSE()) -> #N/A | B29: =VLOOKUP(E29,'[1]Listas Desplegables'!$H$3:$J$7,3,FALSE()) -> #N/A | C29: 24 | D29: T-FON02 | E29: FONSECA | F29: 34.5 | G29: 13.8 | H29: 13.3 | I29: YNyn0 | J29: 5.1 | K29: 5.1 | L29: 0 | M29: 2 | N29: -2 | O29: 2.5 | P29: 100 | Q29: 0 | R29: Sí | T29: SDL | U29: 58.2 | V29: 0 | W29: 0 | X29: 0 | AA29: Desacoplado del T01
A30: =VLOOKUP(E30,'[1]Listas Desplegables'!$H$3:$J$7,2,FALSE()) -> #N/A | B30: =VLOOKUP(E30,'[1]Listas Desplegables'!$H$3:$J$7,3,FALSE()) -> #N/A | C30: 25 | D30: T-HAN01 | E30: HATO NUEVO | F30: 34.5 | G30: 13.8 | H30: 6.5 | I30: Dyn1 | J30: 7.74 | K30: 7.74 | L30: 0 | M30: 2 | N30: -2 | O30: 2.5 | P30: 115 | Q30: 30 | R30: Sí | T30: SDL | W30: 0 | X30: 0
A31: =VLOOKUP(E31,'[1]Listas Desplegables'!$H$3:$J$7,2,FALSE()) -> #N/A | B31: =VLOOKUP(E31,'[1]Listas Desplegables'!$H$3:$J$7,3,FALSE()) -> #N/A | C31: 26 | D31: T-HAN02 | E31: HATO NUEVO | F31: 34.5 | G31: 13.8 | H31: 6.5 | I31: Dyn1 | J31: 7.8 | K31: 7.8 | L31: 0 | M31: 2 | N31: -2 | O31: 2.5 | P31: 115 | Q31: 30 | R31: Sí | T31: SDL | W31: 0 | X31: 0
A32: =VLOOKUP(E32,'[1]Listas Desplegables'!$H$3:$J$7,2,FALSE()) -> #N/A | B32: =VLOOKUP(E32,'[1]Listas Desplegables'!$H$3:$J$7,3,FALSE()) -> #N/A | C32: 27 | D32: T-JDA01 | E32: JUAN DE ACOSTA | F32: 34.5 | G32: 13.8 | H32: 9.3 | I32: Dyn1 | J32: 8.078 | K32: 8.078 | L32: 0 | M32: 2 | N32: -2 | O32: 2.5 | P32: 110 | Q32: 30 | R32: Sí | T32: SDL | U32: 66.431
A33: =VLOOKUP(E33,'[1]Listas Desplegables'!$H$3:$J$7,2,FALSE()) -> #N/A | B33: =VLOOKUP(E33,'[1]Listas Desplegables'!$H$3:$J$7,3,FALSE()) -> #N/A | C33: 28 | D33: T-LRT01 | E33: LA RETIRADA | F33: 34.5 | G33: 13.8 | H33: 1 | I33: Dyn5 | J33: 5.4 | K33: 5.4 | L33: 0 | M33: 2 | N33: -2 | O33: 2.5 | P33: 115 | Q33: 30 | R33: Sí | T33: SDL | U33: 12.73 | W33: 0 | X33: 0
A34: =VLOOKUP(E34,'[1]Listas Desplegables'!$H$3:$J$7,2,FALSE()) -> #N/A | B34: =VLOOKUP(E34,'[1]Listas Desplegables'!$H$3:$J$7,3,FALSE()) -> #N/A | C34: 29 | D34: T-UNI06 | E34: LA UNION (ATLANTICO) | F34: 110 | G34: 34.5 | H34: 125 | I34: YNd11 | J34: 11.33 | K34: 11.33 | L34: 0 | M34: 2 | N34: -2 | O34: 2.5 | P34: 130 | Q34: 30 | R34: Sí | T34: SDL | U34: 459.6 | W34: 0 | X34: 0
A35: =VLOOKUP(E35,'[1]Listas Desplegables'!$H$3:$J$7,2,FALSE()) -> #N/A | B35: =VLOOKUP(E35,'[1]Listas Desplegables'!$H$3:$J$7,3,FALSE()) -> #N/A | C35: 30 | D35: T-FLS01 | E35: LAS FLORES | F35: 110 | G35: 34.5 | H35: 50 | I35: YNd11 | J35: 13.9 | K35: 13.9 | L35: 0 | M35: 10 | N35: -10 | O35: 1 | P35: 110 | Q35: 30 | R35: Sí | T35: SDL | U35: 171.5 | W35: 0 | X35: 0
A36: =VLOOKUP(E36,'[1]Listas Desplegables'!$H$3:$J$7,2,FALSE()) -> #N/A | B36: =VLOOKUP(E36,'[1]Listas Desplegables'!$H$3:$J$7,3,FALSE()) -> #N/A | C36: 31 | D36: T-FLS02 | E36: LAS FLORES | F36: 110 | G36: 34.5 | H36: 50 | I36: YNd11 | J36: 13.9 | K36: 13.9 | L36: 0 | M36: 10 | N36: -10 | O36: 1 | P36: 110 | Q36: 30 | R36: Sí | T36: SDL | U36: 171.5 | W36: 0.2359775 | X36: 2
A37: =VLOOKUP(E37,'[1]Listas Desplegables'!$H$3:$J$7,2,FALSE()) -> #N/A | B37: =VLOOKUP(E37,'[1]Listas Desplegables'!$H$3:$J$7,3,FALSE()) -> #N/A | C37: 32 | D37: T-FLS05 | E37: LAS FLORES | F37: 34.5 | G37: 13.8 | H37: 28 | I37: YNyn0 | J37: 7.77 | K37: 7.77 | L37: 0 | M37: 2 | N37: -2 | O37: 2.5 | P37: 110 | Q37: 30 | R37: Sí | T37: SDL | U37: 67 | W37: 0.96237222 | X37: 2
A38: =VLOOKUP(E38,'[1]Listas Desplegables'!$H$3:$J$7,2,FALSE()) -> #N/A | B38: =VLOOKUP(E38,'[1]Listas Desplegables'!$H$3:$J$7,3,FALSE()) -> #N/A | C38: 33 | D38: T-LBT02 | E38: LIBERTADOR | F38: 110 | G38: 13.8 | H38: 30 | I38: Dyn11 | J38: 11.91 | K38: 11.91 | L38: 0 | M38: 5 | N38: -10 | O38: 1 | P38: 130 | Q38: 30 | R38: Sí | T38: SDL | U38: 90 | W38: 0.37333333 | X38: 1
A39: =VLOOKUP(E39,'[1]Listas Desplegables'!$H$3:$J$7,2,FALSE()) -> #N/A | B39: =VLOOKUP(E39,'[1]Listas Desplegables'!$H$3:$J$7,3,FALSE()) -> #N/A | C39: 34 | D39: T-LBT01 | E39: LIBERTADOR | F39: 110 | G39: 13.8 | H39: 50 | I39: Dyn11 | J39: 19.23 | K39: 18.91 | L39: 0 | M39: 5 | N39: -15 | O39: 1 | P39: 130 | Q39: 30 | R39: Sí | T39: SDL | U39: 265.99 | V39: 0 | W39: 0 | X39: 0 | AA39: En reemplazo del transformador T-LBT02 de 30 MVA
A40: =VLOOKUP(E40,'[1]Listas Desplegables'!$H$3:$J$7,2,FALSE()) -> #N/A | B40: =VLOOKUP(E40,'[1]Listas Desplegables'!$H$3:$J$7,3,FALSE()) -> #N/A | C40: 35 | D40: T-MCA01 | E40: MAICAO | F40: 110 | G40: 13.8 | H40: 25 | I40: Dyn11 | J40: 10.9 | K40: 10.9 | L40: 0 | M40: 6 | N40: -18 | O40: 0.83 | P40: 130 | Q40: 30 | R40: Sí | T40: SDL | U40: 115 | W40: 0 | X40: 0
A41: =VLOOKUP(E41,'[1]Listas Desplegables'!$H$3:$J$7,2,FALSE()) -> #N/A | B41: =VLOOKUP(E41,'[1]Listas Desplegables'!$H$3:$J$7,3,FALSE()) -> #N/A | C41: 36 | D41: T-MCA02 | E41: MAICAO | F41: 110 | G41: 13.8 | H41: 30 | I41: Dyn11 | J41: 10.97 | K41: 10.85 | L41: 0 | M41: 6 | N41: -18 | O41: 0.83 | P41: 100 | Q41: 0 | R41: Sí | T41: SDL | W41: 3.8909437 | X41: 1
A42: =VLOOKUP(E42,'[1]Listas Desplegables'!$H$3:$J$7,2,FALSE()) -> #N/A | B42: =VLOOKUP(E42,'[1]Listas Desplegables'!$H$3:$J$7,3,FALSE()) -> #N/A | C42: 37 | D42: T-MTI01 | E42: MANATI | F42: 34.5 | G42: 13.8 | H42: 4.3 | I42: Dyn5 | J42: 10.05 | K42: 10.05 | L42: 0 | M42: 4 | N42: -4 | O42: 2.5 | P42: 110 | Q42: 30 | R42: Sí | T42: SDL | U42: 26.83 | W42: 0 | X42: 0
A43: =VLOOKUP(E43,'[1]Listas Desplegables'!$H$3:$J$7,2,FALSE()) -> #N/A | B43: =VLOOKUP(E43,'[1]Listas Desplegables'!$H$3:$J$7,3,FALSE()) -> #N/A | C43: 38 | D43: T-MNA01 | E43: MANAURE | F43: 34.5 | G43: 13.8 | H43: 8 | I43: YNyn0 | J43: 4.89 | K43: 4.89 | L43: 0 | M43: 2 | N43: -2 | O43: 2.5 | P43: 110 | Q43: 30 | R43: Sí | T43: SDL | U43: 55 | W43: 0 | X43: 0
A44: =VLOOKUP(E44,'[1]Listas Desplegables'!$H$3:$J$7,2,FALSE()) -> #N/A | B44: =VLOOKUP(E44,'[1]Listas Desplegables'!$H$3:$J$7,3,FALSE()) -> #N/A | C44: 39 | D44: T-MAZ01 | E44: MANZANARES | F44: 110 | G44: 13.8 | H44: 30 | I44: Dyn11 | J44: 12.07 | K44: 12.07 | L44: 0 | M44: 5 | N44: -10 | O44: 1 | P44: 130 | Q44: 30 | R44: Sí | T44: SDL | U44: 93.4 | W44: 1.1934625 | X44: 2 | AA44: Desacoplado por 13,8kV
A45: =VLOOKUP(E45,'[1]Listas Desplegables'!$H$3:$J$7,2,FALSE()) -> #N/A | B45: =VLOOKUP(E45,'[1]Listas Desplegables'!$H$3:$J$7,3,FALSE()) -> #N/A | C45: 40 | D45: T-MAZ02 | E45: MANZANARES | F45: 110 | G45: 13.8 | H45: 30 | I45: YNyn0 | J45: 11.88 | K45: 11.88 | L45: 0 | M45: 5 | N45: -15 | O45: 1 | P45: 130 | Q45: 30 | R45: Sí | T45: SDL | U45: 93.4 | W45: 0 | X45: 0 | AA45: Desacoplado por 13,8kV
A46: =VLOOKUP(E46,'[1]Listas Desplegables'!$H$3:$J$7,2,FALSE()) -> #N/A | B46: =VLOOKUP(E46,'[1]Listas Desplegables'!$H$3:$J$7,3,FALSE()) -> #N/A | C46: 41 | D46: T-MAZ03 | E46: MANZANARES | F46: 110 | G46: 13.8 | H46: 30 | I46: Dyn11 | J46: 10.836 | K46: 10.836 | L46: 0 | M46: 6 | N46: -18 | O46: 0.83 | P46: 130 | Q46: 30 | R46: Sí | T46: SDL | U46: 16.62 | W46: 0 | X46: 0 | AA46: Desacoplado por 13,8kV
A47: =VLOOKUP(E47,'[1]Listas Desplegables'!$H$3:$J$7,2,FALSE()) -> #N/A | B47: =VLOOKUP(E47,'[1]Listas Desplegables'!$H$3:$J$7,3,FALSE()) -> #N/A | C47: 42 | D47: T01-NOR | E47: NORTE | F47: 110 | G47: 13.8 | H47: 30 | I47: Dyn11 | J47: 11.93 | K47: 11.9 | L47: 0 | M47: 5 | N47: -15 | O47: 1 | P47: 110 | Q47: 30 | R47: Sí | T47: SDL | W47: 0 | X47: 0 | AA47: Desacoplado del T02-NOR
A48: =VLOOKUP(E48,'[1]Listas Desplegables'!$H$3:$J$7,2,FALSE()) -> #N/A | B48: =VLOOKUP(E48,'[1]Listas Desplegables'!$H$3:$J$7,3,FALSE()) -> #N/A | C48: 43 | D48: T02-NOR | E48: NORTE | F48: 110 | G48: 13.8 | H48: 30 | I48: Dyn11 | J48: 11.94 | K48: 11.88 | L48: 0 | M48: 5 | N48: -15 | O48: 1 | P48: 110 | Q48: 30 | R48: Sí | T48: SDL | W48: 0 | X48: 0 | AA48: Desacoplado del T01-NOR
A49: =VLOOKUP(E49,'[1]Listas Desplegables'!$H$3:$J$7,2,FALSE()) -> #N/A | B49: =VLOOKUP(E49,'[1]Listas Desplegables'!$H$3:$J$7,3,FALSE()) -> #N/A | C49: 44 | D49: T-NBQ06 | E49: NUEVA BARRANQUILLA | F49: 110 | G49: 13.8 | H49: 45 | I49: Dyn11 | J49: 10.95 | K49: 10.95 | L49: 0 | M49: 10 | N49: -10 | O49: 1 | P49: 110 | Q49: 30 | R49: Sí | T49: SDL | W49: 0 | X49: 0
A50: =VLOOKUP(E50,'[1]Listas Desplegables'!$H$3:$J$7,2,FALSE()) -> #N/A | B50: =VLOOKUP(E50,'[1]Listas Desplegables'!$H$3:$J$7,3,FALSE()) -> #N/A | C50: 45 | D50: T-OAS01 | E50: OASIS | F50: 110 | G50: 13.8 | H50: 50 | I50: Dyn11 | J50: 19.3 | K50: 19.3 | L50: 0 | M50: 5 | N50: -15 | O50: 1 | P50: 130 | Q50: 30 | R50: Sí | T50: SDL | U50: 189.3 | W50: 0 | X50: 0 | AA50: Desacoplado al T-OAS02
A51: =VLOOKUP(E51,'[1]Listas Desplegables'!$H$3:$J$7,2,FALSE()) -> #N/A | B51: =VLOOKUP(E51,'[1]Listas Desplegables'!$H$3:$J$7,3,FALSE()) -> #N/A | C51: 46 | D51: T-OAS02 | E51: OASIS | F51: 110 | G51: 13.8 | H51: 50 | I51: Dyn11 | J51: 19.2 | K51: 19.2 | L51: 0 | M51: 5 | N51: -15 | O51: 1 | P51: 130 | Q51: 30 | R51: Sí | T51: SDL | U51: 189.7 | W51: 0 | X51: 0 | AA51: Desacoplado al T-OAS01
A52: =VLOOKUP(E52,'[1]Listas Desplegables'!$H$3:$J$7,2,FALSE()) -> #N/A | B52: =VLOOKUP(E52,'[1]Listas Desplegables'!$H$3:$J$7,3,FALSE()) -> #N/A | C52: 47 | D52: T-PVJ01 | E52: PIVIJAY | F52: 34.5 | G52: 13.8 | H52: 8 | I52: Dyn5 | J52: 6.84 | K52: 6.84 | L52: 0 | M52: 2 | N52: -2 | O52: 2.5 | P52: 110 | Q52: 30 | R52: Sí | T52: SDL | U52: 42.6 | W52: 0 | X52: 0
A53: =VLOOKUP(E53,'[1]Listas Desplegables'!$H$3:$J$7,2,FALSE()) -> #N/A | B53: =VLOOKUP(E53,'[1]Listas Desplegables'!$H$3:$J$7,3,FALSE()) -> #N/A | C53: 48 | D53: T-PLA01 | E53: PLATO | F53: 34.5 | G53: 13.8 | H53: 12.5 | I53: Dyn5 | J53: 12.85 | K53: 12.85 | L53: 0 | M53: 4 | N53: -4 | O53: 2.5 | P53: 125 | Q53: 30 | R53: Sí | T53: SDL | U53: 55.1 | W53: 1.0829699 | X53: 5
A54: =VLOOKUP(E54,'[1]Listas Desplegables'!$H$3:$J$7,2,FALSE()) -> #N/A | B54: =VLOOKUP(E54,'[1]Listas Desplegables'!$H$3:$J$7,3,FALSE()) -> #N/A | C54: 49 | D54: PLATO 02 | E54: PLATO | F54: 34.5 | G54: 13.8 | H54: 12.5 | I54: Dyn5 | J54: 10.33 | K54: 10.33 | L54: 0 | M54: 4 | N54: -4 | O54: 2.5 | P54: 100 | Q54: 0 | R54: Sí | T54: SDL | U54: 70.2
A55: =VLOOKUP(E55,'[1]Listas Desplegables'!$H$3:$J$7,2,FALSE()) -> #N/A | B55: =VLOOKUP(E55,'[1]Listas Desplegables'!$H$3:$J$7,3,FALSE()) -> #N/A | C55: 50 | D55: T-POA01 | E55: PONEDERA | F55: 34.5 | G55: 13.8 | H55: 8 | I55: Dyn5 | J55: 7.4 | K55: 7.4 | L55: 0 | M55: 2 | N55: -2 | O55: 2.5 | P55: 105 | Q55: 30 | R55: Sí | T55: SDL | U55: 55.1 | W55: 0 | X55: 0
A56: =VLOOKUP(E56,'[1]Listas Desplegables'!$H$3:$J$7,2,FALSE()) -> #N/A | B56: =VLOOKUP(E56,'[1]Listas Desplegables'!$H$3:$J$7,3,FALSE()) -> #N/A | C56: 51 | D56: T-PTO01 | E56: PUERTA DE ORO | F56: 34.5 | G56: 13.8 | H56: 30 | I56: YNyn0 | J56: 6.85 | K56: 6.68 | L56: 0 | M56: 16 | N56: -16 | O56: 0.625 | P56: 110 | Q56: 30 | R56: Sí | T56: SDL | W56: 0 | X56: 0
A57: =VLOOKUP(E57,'[1]Listas Desplegables'!$H$3:$J$7,2,FALSE()) -> #N/A | B57: =VLOOKUP(E57,'[1]Listas Desplegables'!$H$3:$J$7,3,FALSE()) -> #N/A | C57: 52 | D57: T-REO01 | E57: REAL DEL OBISPO | F57: 34.5 | G57: 13.8 | H57: 10 | I57: Dyn5 | J57: 7.38 | K57: 7.38 | L57: 0 | M57: 2 | N57: -2 | O57: 2.5 | P57: 110 | Q57: 30 | R57: Sí | T57: SDL | U57: 44.8 | W57: 0 | X57: 0
A58: =VLOOKUP(E58,'[1]Listas Desplegables'!$H$3:$J$7,2,FALSE()) -> #N/A | B58: =VLOOKUP(E58,'[1]Listas Desplegables'!$H$3:$J$7,3,FALSE()) -> #N/A | C58: 53 | D58: T-REM01 | E58: REMOLINO | F58: 34.5 | G58: 13.8 | H58: 6.5 | I58: Dyn1 | J58: 7.891 | K58: 7.891 | L58: 0 | M58: 2 | N58: -2 | O58: 2.5 | P58: 110 | Q58: 30 | R58: Sí | T58: SDL | U58: 22.931 | W58: 0 | X58: 0
A59: =VLOOKUP(E59,'[1]Listas Desplegables'!$H$3:$J$7,2,FALSE()) -> #N/A | B59: =VLOOKUP(E59,'[1]Listas Desplegables'!$H$3:$J$7,3,FALSE()) -> #N/A | C59: 54 | D59: T-ROT01 | E59: ROTINET | F59: 34.5 | G59: 13.8 | H59: 5 | I59: Dyn5 | J59: 6.45 | K59: 6.45 | L59: 0 | M59: 2 | N59: -2 | O59: 2.5 | P59: 110 | Q59: 30 | R59: Sí | T59: SDL | W59: 4.1168992 | X59: 5
A60: =VLOOKUP(E60,'[1]Listas Desplegables'!$H$3:$J$7,2,FALSE()) -> #N/A | B60: =VLOOKUP(E60,'[1]Listas Desplegables'!$H$3:$J$7,3,FALSE()) -> #N/A | C60: 55 | D60: T-SBG01 | E60: SABANAGRANDE | F60: 34.5 | G60: 13.8 | H60: 30 | I60: YNyn0 | J60: 7.224 | K60: 7.224 | L60: 0 | M60: 8 | N60: -8 | O60: 1.25 | P60: 110 | Q60: 30 | R60: Sí | T60: SDL | W60: 5.5593406 | X60: 5
A61: =VLOOKUP(E61,'[1]Listas Desplegables'!$H$3:$J$7,2,FALSE()) -> #N/A | B61: =VLOOKUP(E61,'[1]Listas Desplegables'!$H$3:$J$7,3,FALSE()) -> #N/A | C61: 56 | D61: T-SMT03 | E61: SANTA MARTA | F61: 34.5 | G61: 13.8 | H61: 35 | I61: Dyn11 | J61: 12.9 | K61: 12.9 | L61: 0 | M61: 5 | N61: -12 | O61: 0.6 | P61: 105 | Q61: 30 | R61: Sí | T61: SDL | U61: 92 | W61: 0 | X61: 0
A62: =VLOOKUP(E62,'[1]Listas Desplegables'!$H$3:$J$7,2,FALSE()) -> #N/A | B62: =VLOOKUP(E62,'[1]Listas Desplegables'!$H$3:$J$7,3,FALSE()) -> #N/A | C62: 57 | D62: T-SMT10 | E62: SANTA MARTA | F62: 34.5 | G62: 13.8 | H62: 35 | I62: Dyn11 | J62: 12.9 | K62: 12.9 | L62: 0 | M62: 5 | N62: -12 | O62: 0.6 | P62: 105 | Q62: 30 | R62: Sí | T62: SDL | U62: 92 | W62: 0 | X62: 0
A63: =VLOOKUP(E63,'[1]Listas Desplegables'!$H$3:$J$7,2,FALSE()) -> #N/A | B63: =VLOOKUP(E63,'[1]Listas Desplegables'!$H$3:$J$7,3,FALSE()) -> #N/A | C63: 58 | D63: T-STV01 | E63: SANTA VERONICA | F63: 34.5 | G63: 13.8 | H63: 5 | I63: Dyn5 | J63: 6.22 | K63: 6.22 | L63: 0 | M63: 1 | N63: -3 | O63: 2.5 | P63: 115 | Q63: 30 | R63: Sí | T63: SDL | W63: 0 | X63: 0
A64: =VLOOKUP(E64,'[1]Listas Desplegables'!$H$3:$J$7,2,FALSE()) -> #N/A | B64: =VLOOKUP(E64,'[1]Listas Desplegables'!$H$3:$J$7,3,FALSE()) -> #N/A | C64: 59 | D64: T-STV02-Prov | E64: SANTA VERONICA | F64: 34.5 | G64: 13.8 | H64: 4 | I64: Dyn5 | J64: 6.92 | K64: 6.92 | L64: 0 | M64: 1 | N64: -3 | O64: 2.5 | P64: 100 | Q64: 0 | R64: Sí | T64: STN
A65: =VLOOKUP(E65,'[1]Listas Desplegables'!$H$3:$J$7,2,FALSE()) -> #N/A | B65: =VLOOKUP(E65,'[1]Listas Desplegables'!$H$3:$J$7,3,FALSE()) -> #N/A | C65: 60 | D65: T-SIL05 | E65: SILENCIO | F65: 110 | G65: 13.8 | H65: 70 | I65: YNd11 | J65: 12.5 | K65: 12.5 | L65: 0 | M65: 2 | N65: -2 | O65: 2.5 | P65: 130 | Q65: 30 | R65: Sí | T65: SDL | U65: 97.3 | W65: 0 | X65: 0
A66: =VLOOKUP(E66,'[1]Listas Desplegables'!$H$3:$J$7,2,FALSE()) -> #N/A | B66: =VLOOKUP(E66,'[1]Listas Desplegables'!$H$3:$J$7,3,FALSE()) -> #N/A | C66: 61 | D66: T-TGJ07 | E66: TERMOGUAJIRA | F66: 110 | G66: 13.8 | H66: 7.8 | I66: Dyn5 | J66: 9.01 | K66: 7.21 | L66: 0 | M66: 2 | N66: -5 | O66: 2.5 | P66: 110 | Q66: 30 | R66: Sí | T66: SDL | U66: 67.3 | W66: 0.69723333 | X66: 2
A67: =VLOOKUP(E67,'[1]Listas Desplegables'!$H$3:$J$7,2,FALSE()) -> #N/A | B67: =VLOOKUP(E67,'[1]Listas Desplegables'!$H$3:$J$7,3,FALSE()) -> #N/A | C67: 62 | D67: TR01-URI | E67: URIBIA | F67: 30 | G67: 13.8 | H67: 6.5 | I67: Dyn5 | J67: 9.568 | K67: 9.568 | L67: 0 | M67: 2 | N67: -2 | O67: 2.5 | P67: 115 | Q67: 30 | R67: Sí | T67: SDL | W67: 0 | X67: 0
A68: =VLOOKUP(E68,'[1]Listas Desplegables'!$H$3:$J$7,2,FALSE()) -> #N/A | B68: =VLOOKUP(E68,'[1]Listas Desplegables'!$H$3:$J$7,3,FALSE()) -> #N/A | C68: 63 | D68: URIBIA 02 | E68: URIBIA | F68: 30 | G68: 13.8 | H68: 6.5 | I68: Dyn5 | J68: 6.9619048 | K68: 6.9619048 | L68: 0 | M68: 2 | N68: -2 | O68: 2.5 | P68: 100 | Q68: 0 | R68: Sí | T68: SDL | V68: 0 | W68: 0 | X68: 0
A69: =VLOOKUP(E69,'[1]Listas Desplegables'!$H$3:$J$7,2,FALSE()) -> #N/A | B69: =VLOOKUP(E69,'[1]Listas Desplegables'!$H$3:$J$7,3,FALSE()) -> #N/A | C69: 64 | D69: T-VTE01 | E69: VEINTE DE JULIO | F69: 110 | G69: 13.8 | H69: 50 | I69: Dyn11 | J69: 20.72 | K69: 20.72 | L69: 0 | M69: 5 | N69: -15 | O69: 1 | P69: 130 | Q69: 30 | R69: Sí | T69: SDL | U69: 187.69 | W69: 0 | X69: 0
A70: =VLOOKUP(E70,'[1]Listas Desplegables'!$H$3:$J$7,2,FALSE()) -> #N/A | B70: =VLOOKUP(E70,'[1]Listas Desplegables'!$H$3:$J$7,3,FALSE()) -> #N/A | C70: 65 | D70: T-VTE02 | E70: VEINTE DE JULIO | F70: 110 | G70: 13.8 | H70: 50 | I70: Dyn11 | J70: 17.52 | K70: 17.52 | L70: 0 | M70: 5 | N70: -15 | O70: 1 | P70: 130 | Q70: 30 | R70: Sí | T70: SDL | U70: 170.28 | W70: 0 | X70: 0
A71: =VLOOKUP(E71,'[1]Listas Desplegables'!$H$3:$J$7,2,FALSE()) -> #N/A | B71: =VLOOKUP(E71,'[1]Listas Desplegables'!$H$3:$J$7,3,FALSE()) -> #N/A | C71: 66 | D71: T-VTE03 | E71: VEINTE DE JULIO | F71: 110 | G71: 13.8 | H71: 50 | I71: Dyn11 | J71: 19.26 | K71: 19.03 | L71: 0 | M71: 5 | N71: -15 | O71: 1 | P71: 100 | Q71: 0 | R71: Sí | T71: SDL | U71: 254.15159 | W71: 0 | X71: 0
A72: =VLOOKUP(E72,'[1]Listas Desplegables'!$H$3:$J$7,2,FALSE()) -> #N/A | B72: =VLOOKUP(E72,'[1]Listas Desplegables'!$H$3:$J$7,3,FALSE()) -> #N/A | C72: 67 | D72: T-ZAW01 | E72: ZAWADY | F72: 34.5 | G72: 13.8 | H72: 12.5 | I72: Dyn5 | J72: 13.29 | K72: 13.29 | L72: 0 | M72: 5 | N72: -10 | O72: 1 | P72: 110 | Q72: 30 | R72: Sí | T72: SDL | U72: 63 | W72: 0.37481389 | X72: 5
A73: =VLOOKUP(E73,'[1]Listas Desplegables'!$H$3:$J$7,2,FALSE()) -> #N/A | B73: =VLOOKUP(E73,'[1]Listas Desplegables'!$H$3:$J$7,3,FALSE()) -> #N/A | C73: 68 | D73: T-ZAW02 | E73: ZAWADY | F73: 34.5 | G73: 13.8 | H73: 12.5 | I73: Dyn5 | J73: 13.23 | K73: 13.23 | L73: 0 | M73: 5 | N73: -10 | O73: 1 | P73: 110 | Q73: 30 | R73: Sí | T73: SDL | U73: 48.885 | W73: 0 | X73: 0
A74: =VLOOKUP(E74,'[1]Listas Desplegables'!$H$3:$J$7,2,FALSE()) -> #N/A | B74: =VLOOKUP(E74,'[1]Listas Desplegables'!$H$3:$J$7,3,FALSE()) -> #N/A | C74: 69 | D74: T-RCH04 | E74: RIOHACHA | F74: 110 | G74: 13.8 | H74: 30 | I74: YNyn0 | J74: 12.6 | K74: 12.6 | L74: 0 | M74: 10 | N74: -10 | O74: 1 | P74: 130 | Q74: 30 | R74: Sí | T74: SDL | W74: 0 | X74: 0
A75: =VLOOKUP(E75,'[1]Listas Desplegables'!$H$3:$J$7,2,FALSE()) -> #N/A | B75: =VLOOKUP(E75,'[1]Listas Desplegables'!$H$3:$J$7,3,FALSE()) -> #N/A | C75: 70 | D75: T-RCH05 | E75: RIOHACHA | F75: 110 | G75: 13.8 | H75: 50 | I75: Dyn11 | J75: 17.5 | K75: 17.5 | L75: 0 | M75: 5 | N75: -15 | O75: 1 | P75: 100 | Q75: 0 | R75: Sí | T75: SDL
A76: =VLOOKUP(E76,'[1]Listas Desplegables'!$H$3:$J$7,2,FALSE()) -> #N/A | B76: =VLOOKUP(E76,'[1]Listas Desplegables'!$H$3:$J$7,3,FALSE()) -> #N/A | C76: 71 | D76: ESTADIO 01 | E76: ESTADIO | F76: 110 | G76: 13.8 | H76: 50 | I76: Dyn11 | J76: 18.1 | K76: 18.1 | L76: 0 | M76: 10 | N76: -10 | O76: 1 | P76: 100 | Q76: 0 | R76: No | S76: 2029 | T76: SDL | V76: 0 | W76: 0 | X76: 0
A77: =VLOOKUP(E77,'[1]Listas Desplegables'!$H$3:$J$7,2,FALSE()) -> #N/A | B77: =VLOOKUP(E77,'[1]Listas Desplegables'!$H$3:$J$7,3,FALSE()) -> #N/A | C77: 72 | D77: ESTADIO 02 | E77: ESTADIO | F77: 110 | G77: 13.8 | H77: 50 | I77: Dyn11 | J77: 18.1 | K77: 18.1 | L77: 0 | M77: 10 | N77: -10 | O77: 1 | P77: 100 | Q77: 0 | R77: No | S77: 2029 | T77: SDL | V77: 0 | W77: 0 | X77: 0
A78: =VLOOKUP(E78,'[1]Listas Desplegables'!$H$3:$J$7,2,FALSE()) -> #N/A | B78: =VLOOKUP(E78,'[1]Listas Desplegables'!$H$3:$J$7,3,FALSE()) -> #N/A | C78: 73 | D78: MAGDALENA 01 | E78: MAGDALENA | F78: 110 | G78: 13.8 | H78: 50 | I78: Dyn11 | J78: 18 | K78: 18 | L78: 0 | M78: 10 | N78: -10 | O78: 1 | P78: 100 | Q78: 0 | R78: No | S78: 2029 | T78: SDL | V78: 0 | W78: 0 | X78: 0
A79: =VLOOKUP(E79,'[1]Listas Desplegables'!$H$3:$J$7,2,FALSE()) -> #N/A | B79: =VLOOKUP(E79,'[1]Listas Desplegables'!$H$3:$J$7,3,FALSE()) -> #N/A | C79: 74 | D79: MAGDALENA 02 | E79: MAGDALENA | F79: 110 | G79: 13.8 | H79: 50 | I79: Dyn11 | J79: 18 | K79: 18 | L79: 0 | M79: 10 | N79: -10 | O79: 1 | P79: 100 | Q79: 0 | R79: No | S79: 2029 | T79: SDL | V79: 0 | W79: 0 | X79: 0
A80: =VLOOKUP(E80,'[1]Listas Desplegables'!$H$3:$J$7,2,FALSE()) -> #N/A | B80: =VLOOKUP(E80,'[1]Listas Desplegables'!$H$3:$J$7,3,FALSE()) -> #N/A | C80: 75 | D80: GUACAMAYAL 02 | E80: GUACAMAYAL | F80: 34.5 | G80: 13.8 | H80: 12.5 | I80: Dyn1 | J80: 9.06 | K80: 9.06 | L80: 0 | M80: 16 | N80: -16 | O80: 0.625 | P80: 100 | Q80: 0 | R80: Sí | T80: SDL | U80: 81.3 | V80: 0 | W80: 0 | X80: 0
A81: =VLOOKUP(E81,'[1]Listas Desplegables'!$H$3:$J$7,2,FALSE()) -> #N/A | B81: =VLOOKUP(E81,'[1]Listas Desplegables'!$H$3:$J$7,3,FALSE()) -> #N/A | C81: 76 | D81: T-SIL04 | E81: SILENCIO | F81: 110 | G81: 34.5 | H81: 70 | I81: YNd11 | J81: 12.39 | K81: 12.39 | L81: 0 | M81: 11 | N81: -11 | O81: 1.25 | P81: 130 | Q81: 0 | R81: Sí | T81: SDL | U81: 244.56 | V81: 0 | W81: 0 | X81: 0
A82: =VLOOKUP(E82,'[1]Listas Desplegables'!$H$3:$J$7,2,FALSE()) -> #N/A | B82: =VLOOKUP(E82,'[1]Listas Desplegables'!$H$3:$J$7,3,FALSE()) -> #N/A | C82: 77 | D82: MEGUA 01 | E82: MEGUA | F82: 34.5 | G82: 13.8 | H82: 20 | I82: Dyn5 | J82: 10.3 | K82: 10.3 | L82: 0 | M82: 10 | N82: -10 | O82: 1 | P82: 100 | Q82: 0 | R82: No | S82: 2029 | T82: SDL | V82: 0 | W82: 0 | X82: 0
A83: =VLOOKUP(E83,'[1]Listas Desplegables'!$H$3:$J$7,2,FALSE()) -> #N/A | B83: =VLOOKUP(E83,'[1]Listas Desplegables'!$H$3:$J$7,3,FALSE()) -> #N/A | C83: 78 | D83: TEBSA 15 MVA | E83: TEBSA | F83: 110 | G83: 13.8 | H83: 15 | I83: Dyn11 | J83: 9 | K83: 9 | L83: 0 | M83: 5 | N83: -10 | O83: 1 | P83: 100 | Q83: 0 | R83: No | S83: 2029 | T83: SDL | V83: 0 | W83: 0 | X83: 0
A84: =VLOOKUP(E84,'[1]Listas Desplegables'!$H$3:$J$7,2,FALSE()) -> #N/A | B84: =VLOOKUP(E84,'[1]Listas Desplegables'!$H$3:$J$7,3,FALSE()) -> #N/A | C84: 79 | D84: T-CCZ01 | E84: CAMPO DE LA CRUZ | F84: 34.5 | G84: 13.8 | H84: 12.5 | I84: Dyn1 | J84: 8.76 | K84: 8.76 | L84: 0 | M84: 16 | N84: -16 | O84: 0.625 | P84: 100 | Q84: 0 | R84: Sí | T84: SDL | U84: 90 | V84: 0 | W84: 0 | X84: 0
A85: =VLOOKUP(E85,'[1]Listas Desplegables'!$H$3:$J$7,2,FALSE()) -> #N/A | B85: =VLOOKUP(E85,'[1]Listas Desplegables'!$H$3:$J$7,3,FALSE()) -> #N/A | C85: 80 | D85: T-CCZ02-Prov | E85: CAMPO DE LA CRUZ | F85: 34.5 | G85: 13.8 | H85: 4 | I85: Dyn5 | J85: 5.4 | K85: 5.4 | L85: 0 | M85: 2 | N85: -2 | O85: 2.5 | P85: 100 | Q85: 0 | R85: Sí | T85: SDL
A86: =VLOOKUP(E86,'[1]Listas Desplegables'!$H$3:$J$7,2,FALSE()) -> #N/A | B86: =VLOOKUP(E86,'[1]Listas Desplegables'!$H$3:$J$7,3,FALSE()) -> #N/A | C86: 81 | D86: T-GAI PROV | E86: GAIRA | F86: 110 | G86: 13.8 | H86: 30 | I86: Dyn11 | J86: 11.928 | K86: 11.928 | L86: 0 | M86: 5 | N86: -10 | O86: 1 | P86: 130 | Q86: 30 | R86: Sí | T86: SDL | U86: 81.9 | W86: 0 | X86: 0
A87: =VLOOKUP(E87,'[1]Listas Desplegables'!$H$3:$J$7,2,FALSE()) -> #N/A | B87: =VLOOKUP(E87,'[1]Listas Desplegables'!$H$3:$J$7,3,FALSE()) -> #N/A | C87: 82 | D87: T-SIL01 | E87: SILENCIO | F87: 34.5 | G87: 13.8 | H87: 33 | I87: YnYn0 | J87: 7.854 | K87: 7.854 | L87: 0 | M87: 16 | N87: -16 | O87: 0.625 | P87: 110 | Q87: 30 | R87: Sí | T87: SDL
A88: =VLOOKUP(E88,'[1]Listas Desplegables'!$H$3:$J$7,2,FALSE()) -> #N/A | B88: =VLOOKUP(E88,'[1]Listas Desplegables'!$H$3:$J$7,3,FALSE()) -> #N/A | C88: 83 | D88: T-VIN01 | E88: VILLANUEVA | F88: 34.5 | G88: 13.8 | H88: 28 | I88: YnYn0 | J88: 7.66 | K88: 7.66 | L88: 0 | M88: 16 | N88: -16 | O88: 0.625 | P88: 100 | Q88: 0 | R88: Sí | U88: 120
A89: =VLOOKUP(E89,'[1]Listas Desplegables'!$H$3:$J$7,2,FALSE()) -> #N/A | B89: =VLOOKUP(E89,'[1]Listas Desplegables'!$H$3:$J$7,3,FALSE()) -> #N/A | C89: 84 | D89: T-FUN -Prov | E89: FUNDACIÓN | F89: 110 | G89: 13.8 | H89: 10 | I89: YnYn0 | J89: 10.12 | K89: 10.12 | L89: 0 | M89: 2 | N89: -2 | O89: 2.5 | P89: 100 | Q89: 0 | R89: Sí
A90: =VLOOKUP(E90,'[1]Listas Desplegables'!$H$3:$J$7,2,FALSE()) -> #N/A | B90: =VLOOKUP(E90,'[1]Listas Desplegables'!$H$3:$J$7,3,FALSE()) -> #N/A | C90: 85 | D90: CAMARONES 02 | E90: CAMARONES | F90: 34.5 | G90: 13.8 | H90: 6.5 | I90: Dyn5 | J90: 9.568 | K90: 9.568 | L90: 0 | M90: 2 | N90: -2 | O90: 2.5 | P90: 100 | Q90: 0 | R90: No | S90: 2029 | T90: SDL | V90: 0 | W90: 0 | X90: 0
A91: =VLOOKUP(E91,'[1]Listas Desplegables'!$H$3:$J$7,2,FALSE()) -> #N/A | B91: =VLOOKUP(E91,'[1]Listas Desplegables'!$H$3:$J$7,3,FALSE()) -> #N/A | C91: 86 | D91: PIVIJAY 02 | E91: PIVIJAY | F91: 34.5 | G91: 13.8 | H91: 8 | I91: Dyn5 | J91: 6.84 | K91: 6.84 | L91: 0 | M91: 2 | N91: -4 | O91: 2.5 | P91: 100 | Q91: 0 | R91: No | S91: 2029 | T91: SDL | U91: 42.6 | V91: 0 | W91: 0 | X91: 0
A92: =VLOOKUP(E92,'[1]Listas Desplegables'!$H$3:$J$7,2,FALSE()) -> #N/A | B92: =VLOOKUP(E92,'[1]Listas Desplegables'!$H$3:$J$7,3,FALSE()) -> #N/A | C92: 87 | D92: T-POA02 | E92: PONEDERA | F92: 34.5 | G92: 13.8 | H92: 12.5 | I92: Dyn5 | J92: 8.76 | K92: 8.76 | L92: 0 | M92: 2 | N92: -2 | O92: 2.5 | P92: 105 | Q92: 30 | R92: No | S92: 2029 | T92: SDL | U92: 55.1 | W92: 0 | X92: 0
A93: =VLOOKUP(E93,'[1]Listas Desplegables'!$H$3:$J$7,2,FALSE()) -> #N/A | B93: =VLOOKUP(E93,'[1]Listas Desplegables'!$H$3:$J$7,3,FALSE()) -> #N/A | C93: 88 | D93: BARRANQUILLA G3 | E93: TEBSA II | F93: 115 | G93: 13.8 | H93: 78 | I93: YNd11 | J93: 12.1 | K93: 12.1 | L93: 3 | M93: 5 | N93: 1 | O93: 2.5 | P93: 100 | Q93: 0 | R93: Sí | T93: STN | U93: 245
A94: =VLOOKUP(E94,'[1]Listas Desplegables'!$H$3:$J$7,2,FALSE()) -> #N/A | B94: =VLOOKUP(E94,'[1]Listas Desplegables'!$H$3:$J$7,3,FALSE()) -> #N/A | C94: 89 | D94: BARRANQUILLA G4 | E94: TEBSA II | F94: 115 | G94: 13.8 | H94: 78 | I94: YNd11 | J94: 12.2 | K94: 12.2 | L94: 3 | M94: 5 | N94: 1 | O94: 2.5 | P94: 100 | Q94: 0 | R94: Sí | T94: STN | U94: 245
A95: =VLOOKUP(E95,'[1]Listas Desplegables'!$H$3:$J$7,2,FALSE()) -> #N/A | B95: =VLOOKUP(E95,'[1]Listas Desplegables'!$H$3:$J$7,3,FALSE()) -> #N/A | C95: 90 | D95: TEBSA G11 | E95: TEBSA | F95: 220 | G95: 13.8 | H95: 120 | I95: YNd1 | J95: 11.91 | K95: 11.91 | L95: 11 | M95: 19 | N95: 1 | O95: 1.5 | P95: 100 | Q95: 0 | R95: Sí | T95: STN | U95: 166.4
A96: =VLOOKUP(E96,'[1]Listas Desplegables'!$H$3:$J$7,2,FALSE()) -> #N/A | B96: =VLOOKUP(E96,'[1]Listas Desplegables'!$H$3:$J$7,3,FALSE()) -> #N/A | C96: 91 | D96: TEBSA G12 | E96: TEBSA | F96: 220 | G96: 13.8 | H96: 120 | I96: YNd1 | J96: 11.9 | K96: 11.9 | L96: 11 | M96: 19 | N96: 1 | O96: 1.5 | P96: 100 | Q96: 0 | R96: Sí | T96: STN | U96: 166.4
A97: =VLOOKUP(E97,'[1]Listas Desplegables'!$H$3:$J$7,2,FALSE()) -> #N/A | B97: =VLOOKUP(E97,'[1]Listas Desplegables'!$H$3:$J$7,3,FALSE()) -> #N/A | C97: 92 | D97: TEBSA G13 | E97: TEBSA | F97: 220 | G97: 13.8 | H97: 120 | I97: YNd1 | J97: 11.9 | K97: 11.9 | L97: 11 | M97: 19 | N97: 1 | O97: 1.5 | P97: 100 | Q97: 0 | R97: Sí | T97: STN | U97: 166.4
A98: =VLOOKUP(E98,'[1]Listas Desplegables'!$H$3:$J$7,2,FALSE()) -> #N/A | B98: =VLOOKUP(E98,'[1]Listas Desplegables'!$H$3:$J$7,3,FALSE()) -> #N/A | C98: 93 | D98: TEBSA G14 | E98: TEBSA | F98: 220 | G98: 18 | H98: 215 | I98: YNd1 | J98: 12.41 | K98: 12.41 | L98: 13 | M98: 19 | N98: 1 | O98: 1.5 | P98: 100 | Q98: 0 | R98: Sí | T98: STN | U98: 451.1
A99: =VLOOKUP(E99,'[1]Listas Desplegables'!$H$3:$J$7,2,FALSE()) -> #N/A | B99: =VLOOKUP(E99,'[1]Listas Desplegables'!$H$3:$J$7,3,FALSE()) -> #N/A | C99: 94 | D99: TEBSA G21 | E99: TEBSA | F99: 110 | G99: 13.8 | H99: 120 | I99: YNd1 | J99: 12.04 | K99: 12.04 | L99: 11 | M99: 19 | N99: 1 | O99: 1.5 | P99: 100 | Q99: 0 | R99: Sí | T99: STR | U99: 379
A100: =VLOOKUP(E100,'[1]Listas Desplegables'!$H$3:$J$7,2,FALSE()) -> #N/A | B100: =VLOOKUP(E100,'[1]Listas Desplegables'!$H$3:$J$7,3,FALSE()) -> #N/A | C100: 95 | D100: TEBSA G22 | E100: TEBSA | F100: 110 | G100: 13.8 | H100: 120 | I100: YNd1 | J100: 11.85 | K100: 11.85 | L100: 11 | M100: 19 | N100: 1 | O100: 1.5 | P100: 100 | Q100: 0 | R100: Sí | T100: STR | U100: 379
A101: =VLOOKUP(E101,'[1]Listas Desplegables'!$H$3:$J$7,2,FALSE()) -> #N/A | B101: =VLOOKUP(E101,'[1]Listas Desplegables'!$H$3:$J$7,3,FALSE()) -> #N/A | C101: 96 | D101: TEBSA G24 | E101: TEBSA | F101: 220 | G101: 18 | H101: 215 | I101: YNd1 | J101: 12.41 | K101: 12.41 | L101: 13 | M101: 19 | N101: 1 | O101: 1.5 | P101: 100 | Q101: 0 | R101: Sí | T101: STN | U101: 451.1
A102: =VLOOKUP(E102,'[1]Listas Desplegables'!$H$3:$J$7,2,FALSE()) -> #N/A | B102: =VLOOKUP(E102,'[1]Listas Desplegables'!$H$3:$J$7,3,FALSE()) -> #N/A | C102: 97 | D102: AUTO TRANSFORMADOR AT-TF06 | E102: TERMOFLORES | F102: 220 | G102: 110 | H102: 150 | I102: YNa0 (d11) | J102: 12.5 | K102: 12.5 | L102: 11 | M102: 21 | N102: 1 | O102: 1 | P102: 105 | Q102: 30 | R102: Sí | T102: STN
...

Sheet 4. Subestaciones
C3: Información General de Subestaciones
C4: No. | D4: ='Manual de Uso'!C110 -> Nombre | E4: ='Manual de Uso'!C111 -> Agente Administrador | F4: ='Manual de Uso'!C112 -> Nivel de tensión [kV] | G4: ='Manual de Uso'!C113 -> Capacidad de interrupción [kA] | H4: ='Manual de Uso'!C114 -> Elemento limitante | I4: ='Manual de Uso'!C115 -> Configuración | J4: ='Manual de Uso'!C116 -> Tipo | K4: ='Manual de Uso'!C117 -> En Operación | L4: ='Manual de Uso'!C118 -> FPO | M4: ='Manual de Uso'!C119 -> Departamento | N4: ='Manual de Uso'!C120 -> Municipio | O4: ='Manual de Uso'!C121 -> Operador | P4: ='Manual de Uso'!C122 -> Tipo activo Uso/Conexión | Q4: ='Manual de Uso'!C123 -> Observaciones transportador
A6: =VLOOKUP(E6,'[1]Listas Desplegables'!$H$3:$J$7,2,FALSE()) -> #N/A | B6: =VLOOKUP(E6,'[1]Listas Desplegables'!$H$3:$J$7,3,FALSE()) -> #N/A | C6: 1 | D6: AEROPUERTO | E6: Air-e S.A.S. E.S.P. | F6: 34.5 | G6: 25 | I6: Barra sencilla | J6: Convencional | K6: Sí | M6: MAGDALENA | N6: SANTA MARTA
A7: =VLOOKUP(E7,'[1]Listas Desplegables'!$H$3:$J$7,2,FALSE()) -> #N/A | B7: =VLOOKUP(E7,'[1]Listas Desplegables'!$H$3:$J$7,3,FALSE()) -> #N/A | C7: 2 | D7: AEROPUERTO | E7: Air-e S.A.S. E.S.P. | F7: 13.8 | G7: 25 | I7: Barra sencilla | J7: Encapsulado | K7: Sí | M7: MAGDALENA | N7: SANTA MARTA
A8: =VLOOKUP(E8,'[1]Listas Desplegables'!$H$3:$J$7,2,FALSE()) -> #N/A | B8: =VLOOKUP(E8,'[1]Listas Desplegables'!$H$3:$J$7,3,FALSE()) -> #N/A | C8: 3 | D8: ARROYO DE PIEDRA | E8: Air-e S.A.S. E.S.P. | F8: 34.5 | G8: 10 | I8: Barra sencilla | J8: Convencional | K8: Sí | M8: ATLANTICO | N8: LURUACO
A9: =VLOOKUP(E9,'[1]Listas Desplegables'!$H$3:$J$7,2,FALSE()) -> #N/A | B9: =VLOOKUP(E9,'[1]Listas Desplegables'!$H$3:$J$7,3,FALSE()) -> #N/A | C9: 4 | D9: ARROYO DE PIEDRA | E9: Air-e S.A.S. E.S.P. | F9: 13.8 | G9: 12.5 | I9: Barra sencilla | J9: Convencional | K9: Sí | M9: ATLANTICO | N9: LURUACO
A10: =VLOOKUP(E10,'[1]Listas Desplegables'!$H$3:$J$7,2,FALSE()) -> #N/A | B10: =VLOOKUP(E10,'[1]Listas Desplegables'!$H$3:$J$7,3,FALSE()) -> #N/A | C10: 5 | D10: ARACATACA | E10: Air-e S.A.S. E.S.P. | F10: 34.5 | G10: 8 | I10: Barra sencilla | J10: Convencional | K10: Sí | M10: MAGDALENA | N10: ARACATACA
A11: =VLOOKUP(E11,'[1]Listas Desplegables'!$H$3:$J$7,2,FALSE()) -> #N/A | B11: =VLOOKUP(E11,'[1]Listas Desplegables'!$H$3:$J$7,3,FALSE()) -> #N/A | C11: 6 | D11: ARACATACA | E11: Air-e S.A.S. E.S.P. | F11: 13.8 | G11: 12 | I11: Barra sencilla | J11: Convencional | K11: Sí | M11: MAGDALENA | N11: ARACATACA
A12: =VLOOKUP(E12,'[1]Listas Desplegables'!$H$3:$J$7,2,FALSE()) -> #N/A | B12: =VLOOKUP(E12,'[1]Listas Desplegables'!$H$3:$J$7,3,FALSE()) -> #N/A | C12: 7 | D12: BARANOA | E12: Air-e S.A.S. E.S.P. | F12: 110 | G12: 25 | I12: Anillo | J12: Convencional | K12: Sí | M12: ATLANTICO | N12: BARANOA
A13: =VLOOKUP(E13,'[1]Listas Desplegables'!$H$3:$J$7,2,FALSE()) -> #N/A | B13: =VLOOKUP(E13,'[1]Listas Desplegables'!$H$3:$J$7,3,FALSE()) -> #N/A | C13: 8 | D13: BARANOA | E13: Air-e S.A.S. E.S.P. | F13: 34.5 | G13: 25 | I13: Barra sencilla | J13: Encapsulado | K13: Sí | M13: ATLANTICO | N13: BARANOA
A14: =VLOOKUP(E14,'[1]Listas Desplegables'!$H$3:$J$7,2,FALSE()) -> #N/A | B14: =VLOOKUP(E14,'[1]Listas Desplegables'!$H$3:$J$7,3,FALSE()) -> #N/A | C14: 9 | D14: BARANOA | E14: Air-e S.A.S. E.S.P. | F14: 13.8 | G14: 25 | I14: Barra sencilla | J14: Encapsulado | K14: Sí | M14: ATLANTICO | N14: BARANOA
A15: =VLOOKUP(E15,'[1]Listas Desplegables'!$H$3:$J$7,2,FALSE()) -> #N/A | B15: =VLOOKUP(E15,'[1]Listas Desplegables'!$H$3:$J$7,3,FALSE()) -> #N/A | C15: 10 | D15: BALLENAS | E15: Air-e S.A.S. E.S.P. | F15: 34.5 | G15: 12.5 | I15: Barra sencilla | J15: Convencional | K15: Sí | M15: LA GUAJIRA | N15: MANAURE
A16: =VLOOKUP(E16,'[1]Listas Desplegables'!$H$3:$J$7,2,FALSE()) -> #N/A | B16: =VLOOKUP(E16,'[1]Listas Desplegables'!$H$3:$J$7,3,FALSE()) -> #N/A | C16: 11 | D16: BALLENAS | E16: Air-e S.A.S. E.S.P. | F16: 13.8 | G16: 12.5 | I16: Barra sencilla | J16: Convencional | K16: Sí | M16: LA GUAJIRA | N16: MANAURE | Q16: Bahia trafo-línea
A17: =VLOOKUP(E17,'[1]Listas Desplegables'!$H$3:$J$7,2,FALSE()) -> #N/A | B17: =VLOOKUP(E17,'[1]Listas Desplegables'!$H$3:$J$7,3,FALSE()) -> #N/A | C17: 12 | D17: BONDA | E17: Air-e S.A.S. E.S.P. | F17: 34.5 | G17: 25 | I17: Barra sencilla | J17: Encapsulado | K17: Sí | M17: MAGDALENA | N17: SANTA MARTA
A18: =VLOOKUP(E18,'[1]Listas Desplegables'!$H$3:$J$7,2,FALSE()) -> #N/A | B18: =VLOOKUP(E18,'[1]Listas Desplegables'!$H$3:$J$7,3,FALSE()) -> #N/A | C18: 13 | D18: BONDA | E18: Air-e S.A.S. E.S.P. | F18: 13.8 | G18: 12.5 | I18: Barra sencilla | J18: Convencional | K18: Sí | M18: MAGDALENA | N18: SANTA MARTA
A19: =VLOOKUP(E19,'[1]Listas Desplegables'!$H$3:$J$7,2,FALSE()) -> #N/A | B19: =VLOOKUP(E19,'[1]Listas Desplegables'!$H$3:$J$7,3,FALSE()) -> #N/A | C19: 14 | D19: BARRANCAS | E19: Air-e S.A.S. E.S.P. | F19: 34.5 | G19: 12 | I19: Barra sencilla | J19: Convencional | K19: Sí | M19: LA GUAJIRA | N19: BARRANCAS
A20: =VLOOKUP(E20,'[1]Listas Desplegables'!$H$3:$J$7,2,FALSE()) -> #N/A | B20: =VLOOKUP(E20,'[1]Listas Desplegables'!$H$3:$J$7,3,FALSE()) -> #N/A | C20: 15 | D20: BARRANCAS | E20: Air-e S.A.S. E.S.P. | F20: 13.8 | G20: 12.1 | I20: Barra sencilla | J20: Convencional | K20: Sí | M20: LA GUAJIRA | N20: BARRANCAS
A21: =VLOOKUP(E21,'[1]Listas Desplegables'!$H$3:$J$7,2,FALSE()) -> #N/A | B21: =VLOOKUP(E21,'[1]Listas Desplegables'!$H$3:$J$7,3,FALSE()) -> #N/A | C21: 16 | D21: CAMPO ALEGRE | E21: Air-e S.A.S. E.S.P. | F21: 34.5 | G21: 12.5 | I21: Barra sencilla | J21: Convencional | K21: Sí | M21: MAGDALENA | N21: EL PIQON | Q21: Bahia trafo-línea
A22: =VLOOKUP(E22,'[1]Listas Desplegables'!$H$3:$J$7,2,FALSE()) -> #N/A | B22: =VLOOKUP(E22,'[1]Listas Desplegables'!$H$3:$J$7,3,FALSE()) -> #N/A | C22: 17 | D22: CAMPO ALEGRE | E22: Air-e S.A.S. E.S.P. | F22: 13.8 | G22: 12.5 | I22: Barra sencilla | J22: Convencional | K22: Sí | M22: MAGDALENA | N22: EL PIQON
A23: =VLOOKUP(E23,'[1]Listas Desplegables'!$H$3:$J$7,2,FALSE()) -> #N/A | B23: =VLOOKUP(E23,'[1]Listas Desplegables'!$H$3:$J$7,3,FALSE()) -> #N/A | C23: 18 | D23: CAMPO DE LA CRUZ | E23: Air-e S.A.S. E.S.P. | F23: 34.5 | G23: 25 | I23: Barra sencilla | J23: Convencional | K23: Sí | M23: ATLANTICO | N23: CAMPO DE LA CRUZ | Q23: Bahia trafo-línea
A24: =VLOOKUP(E24,'[1]Listas Desplegables'!$H$3:$J$7,2,FALSE()) -> #N/A | B24: =VLOOKUP(E24,'[1]Listas Desplegables'!$H$3:$J$7,3,FALSE()) -> #N/A | C24: 19 | D24: CAMPO DE LA CRUZ | E24: Air-e S.A.S. E.S.P. | F24: 13.8 | G24: 12.5 | I24: Barra sencilla | J24: Convencional | K24: Sí | M24: ATLANTICO | N24: CAMPO DE LA CRUZ
A25: =VLOOKUP(E25,'[1]Listas Desplegables'!$H$3:$J$7,2,FALSE()) -> #N/A | B25: =VLOOKUP(E25,'[1]Listas Desplegables'!$H$3:$J$7,3,FALSE()) -> #N/A | C25: 20 | D25: CORDIALIDAD | E25: Air-e S.A.S. E.S.P. | F25: 110 | G25: 31.5 | I25: Anillo | J25: Convencional | K25: Sí | M25: ATLANTICO | N25: BARRANQUILLA
A26: =VLOOKUP(E26,'[1]Listas Desplegables'!$H$3:$J$7,2,FALSE()) -> #N/A | B26: =VLOOKUP(E26,'[1]Listas Desplegables'!$H$3:$J$7,3,FALSE()) -> #N/A | C26: 21 | D26: CORDIALIDAD | E26: Air-e S.A.S. E.S.P. | F26: 13.8 | G26: 25 | I26: Barra sencilla | J26: Encapsulado | K26: Sí | M26: ATLANTICO | N26: BARRANQUILLA
A27: =VLOOKUP(E27,'[1]Listas Desplegables'!$H$3:$J$7,2,FALSE()) -> #N/A | B27: =VLOOKUP(E27,'[1]Listas Desplegables'!$H$3:$J$7,3,FALSE()) -> #N/A | C27: 22 | D27: CAMARONES | E27: Air-e S.A.S. E.S.P. | F27: 34.5 | G27: 12.5 | I27: Barra sencilla | J27: Convencional | K27: Sí | M27: LA GUAJIRA | N27: RIOHACHA | Q27: Bahia trafo-línea
A28: =VLOOKUP(E28,'[1]Listas Desplegables'!$H$3:$J$7,2,FALSE()) -> #N/A | B28: =VLOOKUP(E28,'[1]Listas Desplegables'!$H$3:$J$7,3,FALSE()) -> #N/A | C28: 23 | D28: CAMARONES | E28: Air-e S.A.S. E.S.P. | F28: 13.8 | G28: 12.5 | I28: Barra sencilla | J28: Convencional | K28: Sí | M28: LA GUAJIRA | N28: RIOHACHA
A29: =VLOOKUP(E29,'[1]Listas Desplegables'!$H$3:$J$7,2,FALSE()) -> #N/A | B29: =VLOOKUP(E29,'[1]Listas Desplegables'!$H$3:$J$7,3,FALSE()) -> #N/A | C29: 24 | D29: CIENAGA | E29: Air-e S.A.S. E.S.P. | F29: 110 | G29: 31.5 | I29: Barra sencilla | J29: Convencional | K29: Sí | M29: MAGDALENA | N29: CIENAGA
A30: =VLOOKUP(E30,'[1]Listas Desplegables'!$H$3:$J$7,2,FALSE()) -> #N/A | B30: =VLOOKUP(E30,'[1]Listas Desplegables'!$H$3:$J$7,3,FALSE()) -> #N/A | C30: 25 | D30: CIENAGA | E30: Air-e S.A.S. E.S.P. | F30: 13.8 | G30: 25 | I30: Barra sencilla | J30: Encapsulado | K30: Sí | M30: MAGDALENA | N30: CIENAGA
A31: =VLOOKUP(E31,'[1]Listas Desplegables'!$H$3:$J$7,2,FALSE()) -> #N/A | B31: =VLOOKUP(E31,'[1]Listas Desplegables'!$H$3:$J$7,3,FALSE()) -> #N/A | C31: 26 | D31: CARACOLI | E31: Air-e S.A.S. E.S.P. | F31: 13.8 | G31: 25 | I31: Barra sencilla | J31: Encapsulado | K31: Sí | M31: ATLANTICO | N31: SOLEDAD
A32: =VLOOKUP(E32,'[1]Listas Desplegables'!$H$3:$J$7,2,FALSE()) -> #N/A | B32: =VLOOKUP(E32,'[1]Listas Desplegables'!$H$3:$J$7,3,FALSE()) -> #N/A | C32: 27 | D32: CENTRO | E32: Air-e S.A.S. E.S.P. | F32: 110 | G32: 31.5 | I32: Doble barra | J32: Encapsulado | K32: Sí | M32: ATLANTICO | N32: BARRANQUILLA
A33: =VLOOKUP(E33,'[1]Listas Desplegables'!$H$3:$J$7,2,FALSE()) -> #N/A | B33: =VLOOKUP(E33,'[1]Listas Desplegables'!$H$3:$J$7,3,FALSE()) -> #N/A | C33: 28 | D33: CENTRO | E33: Air-e S.A.S. E.S.P. | F33: 13.8 | G33: 25 | I33: Doble barra | J33: Encapsulado | K33: Sí | M33: ATLANTICO | N33: BARRANQUILLA
A34: =VLOOKUP(E34,'[1]Listas Desplegables'!$H$3:$J$7,2,FALSE()) -> #N/A | B34: =VLOOKUP(E34,'[1]Listas Desplegables'!$H$3:$J$7,3,FALSE()) -> #N/A | C34: 29 | D34: CUESTECITAS | E34: Air-e S.A.S. E.S.P. | F34: 13.8 | G34: 16 | I34: Barra sencilla | J34: Encapsulado | K34: Sí | M34: LA GUAJIRA | N34: ALBANIA
A35: =VLOOKUP(E35,'[1]Listas Desplegables'!$H$3:$J$7,2,FALSE()) -> #N/A | B35: =VLOOKUP(E35,'[1]Listas Desplegables'!$H$3:$J$7,3,FALSE()) -> #N/A | C35: 30 | D35: EL RIO | E35: Air-e S.A.S. E.S.P. | F35: 110 | G35: 31.5 | I35: Barra sencilla | J35: Convencional | K35: Sí | M35: ATLANTICO | N35: BARRANQUILLA
A36: =VLOOKUP(E36,'[1]Listas Desplegables'!$H$3:$J$7,2,FALSE()) -> #N/A | B36: =VLOOKUP(E36,'[1]Listas Desplegables'!$H$3:$J$7,3,FALSE()) -> #N/A | C36: 31 | D36: EL RIO | E36: Air-e S.A.S. E.S.P. | F36: 34.5 | G36: 31.5 | I36: Barra sencilla | J36: Encapsulado | K36: Sí | M36: ATLANTICO | N36: BARRANQUILLA
A37: =VLOOKUP(E37,'[1]Listas Desplegables'!$H$3:$J$7,2,FALSE()) -> #N/A | B37: =VLOOKUP(E37,'[1]Listas Desplegables'!$H$3:$J$7,3,FALSE()) -> #N/A | C37: 32 | D37: EL RIO | E37: Air-e S.A.S. E.S.P. | F37: 13.8 | G37: 40 | I37: Barra sencilla | J37: Encapsulado | K37: Sí | M37: ATLANTICO | N37: BARRANQUILLA
A38: =VLOOKUP(E38,'[1]Listas Desplegables'!$H$3:$J$7,2,FALSE()) -> #N/A | B38: =VLOOKUP(E38,'[1]Listas Desplegables'!$H$3:$J$7,3,FALSE()) -> #N/A | C38: 33 | D38: LAS FLORES | E38: Air-e S.A.S. E.S.P. | F38: 110 | G38: 31.5 | I38: Doble barra | J38: Encapsulado | K38: Sí | M38: ATLANTICO | N38: BARRANQUILLA
A39: =VLOOKUP(E39,'[1]Listas Desplegables'!$H$3:$J$7,2,FALSE()) -> #N/A | B39: =VLOOKUP(E39,'[1]Listas Desplegables'!$H$3:$J$7,3,FALSE()) -> #N/A | C39: 34 | D39: LAS FLORES | E39: Air-e S.A.S. E.S.P. | F39: 34.5 | G39: 25 | I39: Barra sencilla | J39: Encapsulado | K39: Sí | M39: ATLANTICO | N39: BARRANQUILLA
... A57: =VLOOKUP(E57,'[1]Listas Desplegables'!$H$3:$J$7,2,FALSE()) -> #N/A | B57: =VLOOKUP(E57,'[1]Listas Desplegables'!$H$3:$J$7,3,FALSE()) -> #N/A | C57: 52 | D57: LIBERTADOR | E57: Air-e S.A.S. E.S.P. | F57: 13.8 | G57: 20 | I57: Barra sencilla | J57: Encapsulado | K57: Sí | M57: MAGDALENA | N57: SANTA MARTA
A58: =VLOOKUP(E58,'[1]Listas Desplegables'!$H$3:$J$7,2,FALSE()) -> #N/A | B58: =VLOOKUP(E58,'[1]Listas Desplegables'!$H$3:$J$7,3,FALSE()) -> #N/A | C58: 53 | D58: LA RETIRADA | E58: Air-e S.A.S. E.S.P. | F58: 34.5 | G58: 12.5 | I58: Barra sencilla | J58: Convencional | K58: Sí | M58: MAGDALENA | N58: PIVIJAY | Q58: Bahia trafo-línea
A59: =VLOOKUP(E59,'[1]Listas Desplegables'!$H$3:$J$7,2,FALSE()) -> #N/A | B59: =VLOOKUP(E59,'[1]Listas Desplegables'!$H$3:$J$7,3,FALSE()) -> #N/A | C59: 54 | D59: LA RETIRADA | E59: Air-e S.A.S. E.S.P. | F59: 13.8 | G59: 12.5 | I59: Barra sencilla | J59: Convencional | K59: Sí | M59: MAGDALENA | N59: PIVIJAY | Q59: Bahia trafo-línea
A60: =VLOOKUP(E60,'[1]Listas Desplegables'!$H$3:$J$7,2,FALSE()) -> #N/A | B60: =VLOOKUP(E60,'[1]Listas Desplegables'!$H$3:$J$7,3,FALSE()) -> #N/A | C60: 55 | D60: MANZANARES | E60: Air-e S.A.S. E.S.P. | F60: 110 | G60: 31.5 | I60: Barra sencilla | J60: Convencional | K60: Sí | M60: MAGDALENA | N60: SANTA MARTA
A61: =VLOOKUP(E61,'[1]Listas Desplegables'!$H$3:$J$7,2,FALSE()) -> #N/A | B61: =VLOOKUP(E61,'[1]Listas Desplegables'!$H$3:$J$7,3,FALSE()) -> #N/A | C61: 56 | D61: MANZANARES | E61: Air-e S.A.S. E.S.P. | F61: 13.8 | G61: 25 | I61: Barra sencilla | J61: Encapsulado | K61: Sí | M61: MAGDALENA | N61: SANTA MARTA
A62: =VLOOKUP(E62,'[1]Listas Desplegables'!$H$3:$J$7,2,FALSE()) -> #N/A | B62: =VLOOKUP(E62,'[1]Listas Desplegables'!$H$3:$J$7,3,FALSE()) -> #N/A | C62: 57 | D62: MAICAO | E62: Air-e S.A.S. E.S.P. | F62: 110 | G62: 31.5 | I62: Barra sencilla | J62: Convencional | K62: Sí | M62: LA GUAJIRA | N62: MAICAO
A63: =VLOOKUP(E63,'[1]Listas Desplegables'!$H$3:$J$7,2,FALSE()) -> #N/A | B63: =VLOOKUP(E63,'[1]Listas Desplegables'!$H$3:$J$7,3,FALSE()) -> #N/A | C63: 58 | D63: MAICAO | E63: Air-e S.A.S. E.S.P. | F63: 13.8 | G63: 25 | I63: Barra sencilla | J63: Encapsulado | K63: Sí | M63: LA GUAJIRA | N63: MAICAO
A64: =VLOOKUP(E64,'[1]Listas Desplegables'!$H$3:$J$7,2,FALSE()) -> #N/A | B64: =VLOOKUP(E64,'[1]Listas Desplegables'!$H$3:$J$7,3,FALSE()) -> #N/A | C64: 59 | D64: RÍO MAGDALENA | E64: Air-e S.A.S. E.S.P. | F64: 34.5 | G64: 25 | I64: Barra sencilla | J64: Encapsulado | K64: Sí | M64: ATLANTICO | N64: BARRANQUILLA
A65: =VLOOKUP(E65,'[1]Listas Desplegables'!$H$3:$J$7,2,FALSE()) -> #N/A | B65: =VLOOKUP(E65,'[1]Listas Desplegables'!$H$3:$J$7,3,FALSE()) -> #N/A | C65: 60 | D65: RÍO MAGDALENA | E65: Air-e S.A.S. E.S.P. | F65: 13.8 | G65: 25 | I65: Doble barra | J65: Encapsulado | K65: Sí | M65: ATLANTICO | N65: BARRANQUILLA
A66: =VLOOKUP(E66,'[1]Listas Desplegables'!$H$3:$J$7,2,FALSE()) -> #N/A | B66: =VLOOKUP(E66,'[1]Listas Desplegables'!$H$3:$J$7,3,FALSE()) -> #N/A | C66: 61 | D66: MALAMBO | E66: Air-e S.A.S. E.S.P. | F66: 110 | G66: 25 | I66: Anillo | J66: Convencional | K66: Sí | M66: ATLANTICO | N66: MALAMBO
A67: =VLOOKUP(E67,'[1]Listas Desplegables'!$H$3:$J$7,2,FALSE()) -> #N/A | B67: =VLOOKUP(E67,'[1]Listas Desplegables'!$H$3:$J$7,3,FALSE()) -> #N/A | C67: 62 | D67: MALAMBO | E67: Air-e S.A.S. E.S.P. | F67: 34.5 | G67: 25 | I67: Barra sencilla | J67: Encapsulado | K67: Sí | M67: ATLANTICO | N67: MALAMBO
A68: =VLOOKUP(E68,'[1]Listas Desplegables'!$H$3:$J$7,2,FALSE()) -> #N/A | B68: =VLOOKUP(E68,'[1]Listas Desplegables'!$H$3:$J$7,3,FALSE()) -> #N/A | C68: 63 | D68: MALAMBO | E68: Air-e S.A.S. E.S.P. | F68: 13.8 | G68: 25 | I68: Doble barra | J68: Encapsulado | K68: Sí | M68: ATLANTICO | N68: MALAMBO
A69: =VLOOKUP(E69,'[1]Listas Desplegables'!$H$3:$J$7,2,FALSE()) -> #N/A | B69: =VLOOKUP(E69,'[1]Listas Desplegables'!$H$3:$J$7,3,FALSE()) -> #N/A | C69: 64 | D69: MANAURE | E69: Air-e S.A.S. E.S.P. | F69: 34.5 | G69: 25 | I69: Barra sencilla | J69: Encapsulado | K69: Sí | M69: LA GUAJIRA | N69: MANAURE
A70: =VLOOKUP(E70,'[1]Listas Desplegables'!$H$3:$J$7,2,FALSE()) -> #N/A | B70: =VLOOKUP(E70,'[1]Listas Desplegables'!$H$3:$J$7,3,FALSE()) -> #N/A | C70: 65 | D70: MANAURE | E70: Air-e S.A.S. E.S.P. | F70: 13.8 | G70: 25 | I70: Barra sencilla | J70: Encapsulado | K70: Sí | M70: LA GUAJIRA | N70: MANAURE
A71: =VLOOKUP(E71,'[1]Listas Desplegables'!$H$3:$J$7,2,FALSE()) -> #N/A | B71: =VLOOKUP(E71,'[1]Listas Desplegables'!$H$3:$J$7,3,FALSE()) -> #N/A | C71: 66 | D71: MANATI | E71: Air-e S.A.S. E.S.P. | F71: 34.5 | G71: 8 | I71: Barra sencilla | J71: Convencional | K71: Sí | M71: ATLANTICO | N71: MANATI
... A75: =VLOOKUP(E75,'[1]Listas Desplegables'!$H$3:$J$7,2,FALSE()) -> #N/A | B75: =VLOOKUP(E75,'[1]Listas Desplegables'!$H$3:$J$7,3,FALSE()) -> #N/A | C75: 70 | D75: OASIS | E75: Air-e S.A.S. E.S.P. | F75: 13.8 | G75: 25 | I75: Doble barra | J75: Encapsulado | K75: Sí | M75: ATLANTICO | N75: BARRANQUILLA
A76: =VLOOKUP(E76,'[1]Listas Desplegables'!$H$3:$J$7,2,FALSE()) -> #N/A | B76: =VLOOKUP(E76,'[1]Listas Desplegables'!$H$3:$J$7,3,FALSE()) -> #N/A | C76: 71 | D76: PLATO | E76: Air-e S.A.S. E.S.P. | F76: 34.5 | G76: 16 | I76: Barra sencilla | J76: Convencional | K76: Sí | M76: MAGDALENA | N76: PLATO | Q76: Bahia trafo-línea
A77: =VLOOKUP(E77,'[1]Listas Desplegables'!$H$3:$J$7,2,FALSE()) -> #N/A | B77: =VLOOKUP(E77,'[1]Listas Desplegables'!$H$3:$J$7,3,FALSE()) -> #N/A | C77: 72 | D77: PLATO | E77: Air-e S.A.S. E.S.P. | F77: 13.8 | G77: 25 | I77: Barra sencilla | J77: Encapsulado | K77: Sí | M77: MAGDALENA | N77: PLATO
A78: =VLOOKUP(E78,'[1]Listas Desplegables'!$H$3:$J$7,2,FALSE()) -> #N/A | B78: =VLOOKUP(E78,'[1]Listas Desplegables'!$H$3:$J$7,3,FALSE()) -> #N/A | C78: 73 | D78: PONEDERA | E78: Air-e S.A.S. E.S.P. | F78: 34.5 | G78: 16 | I78: Barra sencilla | J78: Convencional | K78: Sí | M78: ATLANTICO | N78: PONEDERA
A79: =VLOOKUP(E79,'[1]Listas Desplegables'!$H$3:$J$7,2,FALSE()) -> #N/A | B79: =VLOOKUP(E79,'[1]Listas Desplegables'!$H$3:$J$7,3,FALSE()) -> #N/A | C79: 74 | D79: PONEDERA | E79: Air-e S.A.S. E.S.P. | F79: 13.8 | G79: 12 | I79: Barra sencilla | J79: Convencional | K79: Sí | M79: ATLANTICO | N79: PONEDERA
A80: =VLOOKUP(E80,'[1]Listas Desplegables'!$H$3:$J$7,2,FALSE()) -> #N/A | B80: =VLOOKUP(E80,'[1]Listas Desplegables'!$H$3:$J$7,3,FALSE()) -> #N/A | C80: 75 | D80: PUERTA DE ORO | E80: Air-e S.A.S. E.S.P. | F80: 34.5 | G80: 25 | I80: Barra sencilla | J80: Encapsulado | K80: Sí | M80: ATLANTICO | N80: PUERTO COLOMBIA
A81: =VLOOKUP(E81,'[1]Listas Desplegables'!$H$3:$J$7,2,FALSE()) -> #N/A | B81: =VLOOKUP(E81,'[1]Listas Desplegables'!$H$3:$J$7,3,FALSE()) -> #N/A | C81: 76 | D81: PUERTA DE ORO | E81: Air-e S.A.S. E.S.P. | F81: 13.8 | G81: 25 | I81: Barra sencilla | J81: Encapsulado | K81: Sí | M81: ATLANTICO | N81: PUERTO COLOMBIA
A82: =VLOOKUP(E82,'[1]Listas Desplegables'!$H$3:$J$7,2,FALSE()) -> #N/A | B82: =VLOOKUP(E82,'[1]Listas Desplegables'!$H$3:$J$7,3,FALSE()) -> #N/A | C82: 77 | D82: PIVIJAY | E82: Air-e S.A.S. E.S.P. | F82: 34.5 | G82: 25 | I82: Barra sencilla | J82: Convencional | K82: Sí | M82: MAGDALENA | N82: PIVIJAY
A83: =VLOOKUP(E83,'[1]Listas Desplegables'!$H$3:$J$7,2,FALSE()) -> #N/A | B83: =VLOOKUP(E83,'[1]Listas Desplegables'!$H$3:$J$7,3,FALSE()) -> #N/A | C83: 78 | D83: PIVIJAY | E83: Air-e S.A.S. E.S.P. | F83: 13.8 | G83: 12.5 | I83: Barra sencilla | J83: Convencional | K83: Sí | M83: MAGDALENA | N83: PIVIJAY
A84: =VLOOKUP(E84,'[1]Listas Desplegables'!$H$3:$J$7,2,FALSE()) -> #N/A | B84: =VLOOKUP(E84,'[1]Listas Desplegables'!$H$3:$J$7,3,FALSE()) -> #N/A | C84: 79 | D84: RIOHACHA | E84: Air-e S.A.S. E.S.P. | F84: 110 | G84: 14 | I84: Barra sencilla | J84: Convencional | K84: Sí | M84: LA GUAJIRA | N84: RIOHACHA
A85: =VLOOKUP(E85,'[1]Listas Desplegables'!$H$3:$J$7,2,FALSE()) -> #N/A | B85: =VLOOKUP(E85,'[1]Listas Desplegables'!$H$3:$J$7,3,FALSE()) -> #N/A | C85: 80 | D85: RIOHACHA | E85: Air-e S.A.S. E.S.P. | F85: 34.5 | G85: 12.5 | I85: Barra sencilla | J85: Convencional | K85: Sí | M85: LA GUAJIRA | N85: RIOHACHA
A86: =VLOOKUP(E86,'[1]Listas Desplegables'!$H$3:$J$7,2,FALSE()) -> #N/A | B86: =VLOOKUP(E86,'[1]Listas Desplegables'!$H$3:$J$7,3,FALSE()) -> #N/A | C86: 81 | D86: RIOHACHA | E86: Air-e S.A.S. E.S.P. | F86: 13.8 | G86: 25 | I86: Doble barra | J86: Encapsulado | K86: Sí | M86: LA GUAJIRA | N86: RIOHACHA
A87: =VLOOKUP(E87,'[1]Listas Desplegables'!$H$3:$J$7,2,FALSE()) -> #N/A | B87: =VLOOKUP(E87,'[1]Listas Desplegables'!$H$3:$J$7,3,FALSE()) -> #N/A | C87: 82 | D87: RIOHACHA | E87: Air-e S.A.S. E.S.P. | F87: 13.8 | G87: 25 | I87: Barra sencilla | J87: Encapsulado | K87: Sí | M87: LA GUAJIRA | N87: RIOHACHA
A88: =VLOOKUP(E88,'[1]Listas Desplegables'!$H$3:$J$7,2,FALSE()) -> #N/A | B88: =VLOOKUP(E88,'[1]Listas Desplegables'!$H$3:$J$7,3,FALSE()) -> #N/A | C88: 83 | D88: RÍO CÓRDOBA | E88: Air-e S.A.S. E.S.P. | F88: 110 | G88: 25 | I88: Anillo | J88: Convencional | K88: Sí | M88: MAGDALENA | N88: CIENAGA
... A90: =VLOOKUP(E90,'[1]Listas Desplegables'!$H$3:$J$7,2,FALSE()) -> #N/A | B90: =VLOOKUP(E90,'[1]Listas Desplegables'!$H$3:$J$7,3,FALSE()) -> #N/A | C90: 85 | D90: RÍO CÓRDOBA | E90: Air-e S.A.S. E.S.P. | F90: 13.8 | G90: 25 | I90: Barra sencilla | J90: Encapsulado | K90: Sí | M90: MAGDALENA | N90: CIENAGA
A91: =VLOOKUP(E91,'[1]Listas Desplegables'!$H$3:$J$7,2,FALSE()) -> #N/A | B91: =VLOOKUP(E91,'[1]Listas Desplegables'!$H$3:$J$7,3,FALSE()) -> #N/A | C91: 86 | D91: REMOLINO | E91: Air-e S.A.S. E.S.P. | F91: 34.5 | G91: 25 | I91: Barra sencilla | J91: Convencional | K91: Sí | M91: MAGDALENA | N91: REMOLINO | Q91: Bahia trafo-línea
A92: =VLOOKUP(E92,'[1]Listas Desplegables'!$H$3:$J$7,2,FALSE()) -> #N/A | B92: =VLOOKUP(E92,'[1]Listas Desplegables'!$H$3:$J$7,3,FALSE()) -> #N/A | C92: 87 | D92: REMOLINO | E92: Air-e S.A.S. E.S.P. | F92: 13.8 | G92: 16 | I92: Barra sencilla | J92: Convencional | K92: Sí | M92: MAGDALENA | N92: REMOLINO
A93: =VLOOKUP(E93,'[1]Listas Desplegables'!$H$3:$J$7,2,FALSE()) -> #N/A | B93: =VLOOKUP(E93,'[1]Listas Desplegables'!$H$3:$J$7,3,FALSE()) -> #N/A | C93: 88 | D93: REAL DEL OBISPO | E93: Air-e S.A.S. E.S.P. | F93: 34.5 | G93: 25 | I93: Barra sencilla | J93: Convencional | K93: Sí | M93: MAGDALENA | N93: TENERIFE | Q93: Bahia trafo-línea
A94: =VLOOKUP(E94,'[1]Listas Desplegables'!$H$3:$J$7,2,FALSE()) -> #N/A | B94: =VLOOKUP(E94,'[1]Listas Desplegables'!$H$3:$J$7,3,FALSE()) -> #N/A | C94: 89 | D94: REAL DEL OBISPO | E94: Air-e S.A.S. E.S.P. | F94: 13.8 | G94: 12.5 | I94: Barra sencilla | J94: Convencional | K94: Sí | M94: MAGDALENA | N94: TENERIFE
A95: =VLOOKUP(E95,'[1]Listas Desplegables'!$H$3:$J$7,2,FALSE()) -> #N/A | B95: =VLOOKUP(E95,'[1]Listas Desplegables'!$H$3:$J$7,3,FALSE()) -> #N/A | C95: 90 | D95: RIOMAR | E95: Air-e S.A.S. E.S.P. | F95: 34.5 | G95: 25 | I95: Barra sencilla | J95: Encapsulado | K95: Sí | M95: ATLANTICO | N95: BARRANQUILLA
A96: =VLOOKUP(E96,'[1]Listas Desplegables'!$H$3:$J$7,2,FALSE()) -> #N/A | B96: =VLOOKUP(E96,'[1]Listas Desplegables'!$H$3:$J$7,3,FALSE()) -> #N/A | C96: 91 | D96: RIOMAR | E96: Air-e S.A.S. E.S.P. | F96: 13.8 | G96: 25 | I96: Barra sencilla | J96: Encapsulado | K96: Sí | M96: ATLANTICO | N96: BARRANQUILLA
A97: =VLOOKUP(E97,'[1]Listas Desplegables'!$H$3:$J$7,2,FALSE()) -> #N/A | B97: =VLOOKUP(E97,'[1]Listas Desplegables'!$H$3:$J$7,3,FALSE()) -> #N/A | C97: 92 | D97: ROTINET | E97: Air-e S.A.S. E.S.P. | F97: 34.5 | G97: 25 | I97: Barra sencilla | J97: Convencional | K97: Sí | M97: ATLANTICO | N97: REPELON
A98: =VLOOKUP(E98,'[1]Listas Desplegables'!$H$3:$J$7,2,FALSE()) -> #N/A | B98: =VLOOKUP(E98,'[1]Listas Desplegables'!$H$3:$J$7,3,FALSE()) -> #N/A | C98: 93 | D98: ROTINET | E98: Air-e S.A.S. E.S.P. | F98: 13.8 | G98: 12.5 | I98: Barra sencilla | J98: Convencional | K98: Sí | M98: ATLANTICO | N98: REPELON
A99: =VLOOKUP(E99,'[1]Listas Desplegables'!$H$3:$J$7,2,FALSE()) -> #N/A | B99: =VLOOKUP(E99,'[1]Listas Desplegables'!$H$3:$J$7,3,FALSE()) -> #N/A | C99: 94 | D99: EL RETEN | E99: Air-e S.A.S. E.S.P. | F99: 34.5 | G99: 25 | I99: Barra sencilla | J99: Convencional | K99: Sí | M99: MAGDALENA | N99: EL RETEN
A100: =VLOOKUP(E100,'[1]Listas Desplegables'!$H$3:$J$7,2,FALSE()) -> #N/A | B100: =VLOOKUP(E100,'[1]Listas Desplegables'!$H$3:$J$7,3,FALSE()) -> #N/A | C100: 95 | D100: EL RETEN | E100: Air-e S.A.S. E.S.P. | F100: 13.8 | G100: 16 | I100: Barra sencilla | J100: Convencional | K100: Sí | M100: MAGDALENA | N100: EL RETEN
A101: =VLOOKUP(E101,'[1]Listas Desplegables'!$H$3:$J$7,2,FALSE()) -> #N/A | B101: =VLOOKUP(E101,'[1]Listas Desplegables'!$H$3:$J$7,3,FALSE()) -> #N/A | C101: 96 | D101: SABANALARGA | E101: Air-e S.A.S. E.S.P. | F101: 34.5 | G101: 25 | I101: Barra sencilla | J101: Convencional | K101: Sí | M101: ATLANTICO | N101: SABANALARGA
A102: =VLOOKUP(E102,'[1]Listas Desplegables'!$H$3:$J$7,2,FALSE()) -> #N/A | B102: =VLOOKUP(E102,'[1]Listas Desplegables'!$H$3:$J$7,3,FALSE()) -> #N/A | C102: 97 | D102: SALAMINA | E102: Air-e S.A.S. E.S.P. | F102: 110 | G102: 31.5 | I102: Barra sencilla | J102: Convencional | K102: Sí | M102: MAGDALENA | N102: SALAMINA | Q102: Bahia trafo-línea
A103: =VLOOKUP(E103,'[1]Listas Desplegables'!$H$3:$J$7,2,FALSE()) -> #N/A | B103: =VLOOKUP(E103,'[1]Listas Desplegables'!$H$3:$J$7,3,FALSE()) -> #N/A | C103: 98 | D103: SALAMINA | E103: Air-e S.A.S. E.S.P. | F103: 34.5 | G103: 25 | I103: Barra sencilla | J103: Encapsulado | K103: Sí | M103: MAGDALENA | N103: SALAMINA
A104: =VLOOKUP(E104,'[1]Listas Desplegables'!$H$3:$J$7,2,FALSE()) -> #N/A | B104: =VLOOKUP(E104,'[1]Listas Desplegables'!$H$3:$J$7,3,FALSE()) -> #N/A | C104: 99 | D104: SALAMINA | E104: Air-e S.A.S. E.S.P. | F104: 13.8 | G104: 25 | I104: Barra sencilla | J104: Encapsulado | K104: Sí | M104: MAGDALENA | N104: SALAMINA
A105: =VLOOKUP(E105,'[1]Listas Desplegables'!$H$3:$J$7,2,FALSE()) -> #N/A | B105: =VLOOKUP(E105,'[1]Listas Desplegables'!$H$3:$J$7,3,FALSE()) -> #N/A | C105: 100 | D105: SABANAGRANDE | E105: Air-e S.A.S. E.S.P. | F105: 34.5 | G105: 12.5 | I105: Barra sencilla | J105: Convencional | K105: Sí | M105: ATLANTICO | N105: SABANAGRANDE | Q105: Bahia trafo-línea
A106: =VLOOKUP(E106,'[1]Listas Desplegables'!$H$3:$J$7,2,FALSE()) -> #N/A | B106: =VLOOKUP(E106,'[1]Listas Desplegables'!$H$3:$J$7,3,FALSE()) -> #N/A | C106: 101 | D106: SABANAGRANDE | E106: Air-e S.A.S. E.S.P. | F106: 13.8 | G106: 12.5 | I106: Barra sencilla | J106: Convencional | K106: Sí | M106: ATLANTICO | N106: SABANAGRANDE
A107: =VLOOKUP(E107,'[1]Listas Desplegables'!$H$3:$J$7,2,FALSE()) -> #N/A | B107: =VLOOKUP(E107,'[1]Listas Desplegables'!$H$3:$J$7,3,FALSE()) -> #N/A | C107: 102 | D107: SILENCIO | E107: Air-e S.A.S. E.S.P. | F107: 110 | G107: 31.5 | I107: Anillo | J107: Convencional | K107: Sí | M107: ATLANTICO | N107: BARRANQUILLA
A108: =VLOOKUP(E108,'[1]Listas Desplegables'!$H$3:$J$7,2,FALSE()) -> #N/A | B108: =VLOOKUP(E108,'[1]Listas Desplegables'!$H$3:$J$7,3,FALSE()) -> #N/A | C108: 103 | D108: SILENCIO | E108: Air-e S.A.S. E.S.P. | F108: 34.5 | G108: 22 | I108: Barra sencilla | J108: Convencional | K108: Sí | M108: ATLANTICO | N108: BARRANQUILLA
A109: =VLOOKUP(E109,'[1]Listas Desplegables'!$H$3:$J$7,2,FALSE()) -> #N/A | B109: =VLOOKUP(E109,'[1]Listas Desplegables'!$H$3:$J$7,3,FALSE()) -> #N/A | C109: 104 | D109: SILENCIO | E109: Air-e S.A.S. E.S.P. | F109: 13.8 | G109: 40 | I109: Barra sencilla | J109: Encapsulado | K109: Sí | M109: ATLANTICO | N109: BARRANQUILLA
A110: =VLOOKUP(E110,'[1]Listas Desplegables'!$H$3:$J$7,2,FALSE()) -> #N/A | B110: =VLOOKUP(E110,'[1]Listas Desplegables'!$H$3:$J$7,3,FALSE()) -> #N/A | C110: 105 | D110: SAN JUAN | E110: Air-e S.A.S. E.S.P. | F110: 110 | G110: 31.5 | I110: Barra sencilla | J110: Convencional | K110: Sí | M110: LA GUAJIRA | N110: SAN JUAN DEL CESAR
A111: =VLOOKUP(E111,'[1]Listas Desplegables'!$H$3:$J$7,2,FALSE()) -> #N/A | B111: =VLOOKUP(E111,'[1]Listas Desplegables'!$H$3:$J$7,3,FALSE()) -> #N/A | C111: 106 | D111: SAN JUAN | E111: Air-e S.A.S. E.S.P. | F111: 34.5 | G111: 20 | I111: Barra sencilla | J111: Convencional | K111: Sí | M111: LA GUAJIRA | N111: SAN JUAN DEL CESAR
A112: =VLOOKUP(E112,'[1]Listas Desplegables'!$H$3:$J$7,2,FALSE()) -> #N/A | B112: =VLOOKUP(E112,'[1]Listas Desplegables'!$H$3:$J$7,3,FALSE()) -> #N/A | C112: 107 | D112: SAN JUAN | E112: Air-e S.A.S. E.S.P. | F112: 13.8 | G112: 20 | I112: Barra sencilla | J112: Encapsulado | K112: Sí | M112: LA GUAJIRA | N112: SAN JUAN DEL CESAR
A113: =VLOOKUP(E113,'[1]Listas Desplegables'!$H$3:$J$7,2,FALSE()) -> #N/A | B113: =VLOOKUP(E113,'[1]Listas Desplegables'!$H$3:$J$7,3,FALSE()) -> #N/A | C113: 108 | D113: SANTA VERONICA | E113: Air-e S.A.S. E.S.P. | F113: 34.5 | G113: 20 | I113: Barra sencilla | J113: Encapsulado | K113: Sí | M113: ATLANTICO | N113: SANTA VERONICA | Q113: Bahia trafo-línea
A114: =VLOOKUP(E114,'[1]Listas Desplegables'!$H$3:$J$7,2,FALSE()) -> #N/A | B114: =VLOOKUP(E114,'[1]Listas Desplegables'!$H$3:$J$7,3,FALSE()) -> #N/A | C114: 109 | D114: SANTA VERONICA | E114: Air-e S.A.S. E.S.P. | F114: 13.8 | G114: 25 | I114: Barra sencilla | J114: Encapsulado | K114: Sí | M114: ATLANTICO | N114: SANTA VERONICA
A115: =VLOOKUP(E115,'[1]Listas Desplegables'!$H$3:$J$7,2,FALSE()) -> #N/A | B115: =VLOOKUP(E115,'[1]Listas Desplegables'!$H$3:$J$7,3,FALSE()) -> #N/A | C115: 110 | D115: TERMOGUAJIRA | E115: Air-e S.A.S. E.S.P. | F115: 13.8 | G115: 20 | I115: Barra sencilla | J115: Encapsulado | K115: Sí | M115: LA GUAJIRA | N115: DIBULLA
A116: =VLOOKUP(E116,'[1]Listas Desplegables'!$H$3:$J$7,2,FALSE()) -> #N/A | B116: =VLOOKUP(E116,'[1]Listas Desplegables'!$H$3:$J$7,3,FALSE()) -> #N/A | C116: 111 | D116: LA UNION | E116: Air-e S.A.S. E.S.P. | F116: 110 | G116: 40 | I116: Barra sencilla | J116: Convencional | K116: Sí | M116: ATLANTICO | N116: BARRANQUILLA | Q116: Bahia trafo-línea
A117: =VLOOKUP(E117,'[1]Listas Desplegables'!$H$3:$J$7,2,FALSE()) -> #N/A | B117: =VLOOKUP(E117,'[1]Listas Desplegables'!$H$3:$J$7,3,FALSE()) -> #N/A | C117: 112 | D117: LA UNION | E117: Air-e S.A.S. E.S.P. | F117: 34.5 | G117: 25 | I117: Barra sencilla | J117: Convencional | K117: Sí | M117: ATLANTICO | N117: BARRANQUILLA
A118: =VLOOKUP(E118,'[1]Listas Desplegables'!$H$3:$J$7,2,FALSE()) -> #N/A | B118: =VLOOKUP(E118,'[1]Listas Desplegables'!$H$3:$J$7,3,FALSE()) -> #N/A | C118: 113 | D118: LA UNION | E118: Air-e S.A.S. E.S.P. | F118: 13.8 | G118: 25 | I118: Barra sencilla | J118: Encapsulado | K118: Sí | M118: ATLANTICO | N118: BARRANQUILLA
A119: =VLOOKUP(E119,'[1]Listas Desplegables'!$H$3:$J$7,2,FALSE()) -> #N/A | B119: =VLOOKUP(E119,'[1]Listas Desplegables'!$H$3:$J$7,3,FALSE()) -> #N/A | C119: 114 | D119: URIBIA | E119: Air-e S.A.S. E.S.P. | F119: 34.5 | G119: 25 | I119: Barra sencilla | J119: Convencional | K119: Sí | M119: LA GUAJIRA | N119: URIBIA | Q119: Bahia trafo-línea
A120: =VLOOKUP(E120,'[1]Listas Desplegables'!$H$3:$J$7,2,FALSE()) -> #N/A | B120: =VLOOKUP(E120,'[1]Listas Desplegables'!$H$3:$J$7,3,FALSE()) -> #N/A | C120: 115 | D120: URIBIA | E120: Air-e S.A.S. E.S.P. | F120: 13.8 | G120: 12.5 | I120: Barra sencilla | J120: Convencional | K120: Sí | M120: LA GUAJIRA | N120: URIBIA
A121: =VLOOKUP(E121,'[1]Listas Desplegables'!$H$3:$J$7,2,FALSE()) -> #N/A | B121: =VLOOKUP(E121,'[1]Listas Desplegables'!$H$3:$J$7,3,FALSE()) -> #N/A | C121: 116 | D121: VILLANUEVA | E121: Air-e S.A.S. E.S.P. | F121: 34.5 | G121: 20 | I121: Barra sencilla | J121: Convencional | K121: Sí | M121: LA GUAJIRA | N121: VILLANUEVA
A122: =VLOOKUP(E122,'[1]Listas Desplegables'!$H$3:$J$7,2,FALSE()) -> #N/A | B122: =VLOOKUP(E122,'[1]Listas Desplegables'!$H$3:$J$7,3,FALSE()) -> #N/A | C122: 117 | D122: VILLANUEVA | E122: Air-e S.A.S. E.S.P. | F122: 13.8 | G122: 20 | I122: Barra sencilla | J122: Convencional | K122: Sí | M122: LA GUAJIRA | N122: VILLANUEVA | Q122: Bahia trafo-línea
A123: =VLOOKUP(E123,'[1]Listas Desplegables'!$H$3:$J$7,2,FALSE()) -> #N/A | B123: =VLOOKUP(E123,'[1]Listas Desplegables'!$H$3:$J$7,3,FALSE()) -> #N/A | C123: 118 | D123: VEINTE DE JULIO | E123: Air-e S.A.S. E.S.P. | F123: 110 | G123: 31.5 | I123: Doble barra | J123: Encapsulado | K123: Sí | M123: ATLANTICO | N123: SOLEDAD
A124: =VLOOKUP(E124,'[1]Listas Desplegables'!$H$3:$J$7,2,FALSE()) -> #N/A | B124: =VLOOKUP(E124,'[1]Listas Desplegables'!$H$3:$J$7,3,FALSE()) -> #N/A | C124: 119 | D124: VEINTE DE JULIO | E124: Air-e S.A.S. E.S.P. | F124: 13.8 | G124: 40 | I124: Barra sencilla | J124: Encapsulado | K124: Sí | M124: ATLANTICO | N124: SOLEDAD
...

Sheet 5. Demanda
C3: Información General de Demandas
C4: No. | D4: ='Manual de Uso'!C124 -> Nombre | E4: ='Manual de Uso'!C125 -> Subestación | F4: ='Manual de Uso'!C126 -> Nivel de tensión [kV] | G4: ='Manual de Uso'!C127 -> Tipo | H4: ='Manual de Uso'!C128 -> Atendida Subestación Nivel IV | I4: ='Manual de Uso'!C129 -> En Operación | J4: ='Manual de Uso'!C130 -> FPO | K4: ='Manual de Uso'!C131 -> Demanda Mínima | M4: ='Manual de Uso'!C132 -> Demanda Media | O4: ='Manual de Uso'!C133 -> Demanda Máxima | Q4: Traslados 1 | T4: Traslados 2 | W4: Traslados 3 | Z4: ='Manual de Uso'!C137 -> Observaciones transportador
K5: P [MW] | L5: Q [MVAr] | M5: P [MW] | N5: Q [MVAr] | O5: P [MW] | P5: Q [MVAr] | Q5: ='Manual de Uso'!C134 -> Traslados de carga Año | R5: ='Manual de Uso'!C135 -> Porcentaje | S5: ='Manual de Uso'!C136 -> Subestación destino traslado | T5: Traslados de carga Año | U5: Porcentaje | V5: Subestación destino traslado | W5: Traslados de carga Año | X5: Porcentaje | Y5: Subestación destino traslado
A6: =VLOOKUP(#REF!,'[1]Listas Desplegables'!$H$3:$J$7,2,FALSE()) -> #VALUE! | B6: =VLOOKUP(#REF!,'[1]Listas Desplegables'!$H$3:$J$7,3,FALSE()) -> #VALUE! | C6: 1 | D6: Riomar T2 | E6: Riomar | F6: 13.8 | G6: Residencial | H6: Las Flores 110 kV | I6: Sí | K6: 20.660795 | L6: 4.2027273 | M6: 35.636932 | N6: 8.1059318 | O6: 29.37675 | P6: 5.8195227
A7: =VLOOKUP(#REF!,'[1]Listas Desplegables'!$H$3:$J$7,2,FALSE()) -> #VALUE! | B7: =VLOOKUP(#REF!,'[1]Listas Desplegables'!$H$3:$J$7,3,FALSE()) -> #VALUE! | C7: 2 | D7: Riomar T3 | E7: Riomar | F7: 13.8 | G7: Residencial | H7: Las Flores 110 kV | I7: Sí | K7: 16.029955 | L7: 2.1405682 | M7: 24.234682 | N7: 5.0103409 | O7: 25.53 | P7: 3.7134545
A8: =VLOOKUP(#REF!,'[1]Listas Desplegables'!$H$3:$J$7,2,FALSE()) -> #VALUE! | B8: =VLOOKUP(#REF!,'[1]Listas Desplegables'!$H$3:$J$7,3,FALSE()) -> #VALUE! | C8: 3 | D8: Las Flores T4 | E8: Las Flores | F8: 13.8 | G8: Residencial | H8: Las Flores 110 kV | I8: Sí | K8: 14.742 | L8: 4.311 | M8: 16.041 | N8: 4.959 | O8: 16.953 | P8: 4.41
A9: =VLOOKUP(#REF!,'[1]Listas Desplegables'!$H$3:$J$7,2,FALSE()) -> #VALUE! | B9: =VLOOKUP(#REF!,'[1]Listas Desplegables'!$H$3:$J$7,3,FALSE()) -> #VALUE! | C9: 4 | D9: Las Flores T5 | E9: Las Flores | F9: 13.8 | G9: Residencial | H9: Las Flores 110 kV | I9: Sí | K9: 14.46 | L9: 3.903 | M9: 15.504 | N9: 4.431 | O9: 16.338 | P9: 3.948
A10: =VLOOKUP(#REF!,'[1]Listas Desplegables'!$H$3:$J$7,2,FALSE()) -> #VALUE! | B10: =VLOOKUP(#REF!,'[1]Listas Desplegables'!$H$3:$J$7,3,FALSE()) -> #VALUE! | C10: 5 | D10: Puerta de Oro | E10: Puerta de Oro | F10: 13.8 | G10: Residencial | H10: Las Flores 110 kV | I10: Sí | K10: 14.6464 | L10: 3.20528 | M10: 17.17824 | N10: 5.1704 | O10: 18.31904 | P10: 3.77568
A11: =VLOOKUP(#REF!,'[1]Listas Desplegables'!$H$3:$J$7,2,FALSE()) -> #VALUE! | B11: =VLOOKUP(#REF!,'[1]Listas Desplegables'!$H$3:$J$7,3,FALSE()) -> #VALUE! | C11: 6 | D11: Centro T1 | E11: Centro | F11: 13.8 | G11: Residencial | H11: Centro 110 kV | I11: Sí | K11: 31.44 | L11: 9.078 | M11: 32.526 | N11: 9.21 | O11: 34.302 | P11: 8.376
A12: =VLOOKUP(#REF!,'[1]Listas Desplegables'!$H$3:$J$7,2,FALSE()) -> #VALUE! | B12: =VLOOKUP(#REF!,'[1]Listas Desplegables'!$H$3:$J$7,3,FALSE()) -> #VALUE! | C12: 7 | D12: Centro T2 | E12: Centro | F12: 13.8 | G12: Residencial | H12: Centro 110 kV | I12: Sí | K12: 16.1445 | L12: 4.77 | M12: 32.718 | N12: 8.724 | O12: 22.4775 | P12: 5.5695
A13: =VLOOKUP(#REF!,'[1]Listas Desplegables'!$H$3:$J$7,2,FALSE()) -> #VALUE! | B13: =VLOOKUP(#REF!,'[1]Listas Desplegables'!$H$3:$J$7,3,FALSE()) -> #VALUE! | C13: 8 | D13: Oasis T1 | E13: Oasis | F13: 13.8 | G13: Residencial | H13: Oasis 110 kV | I13: Sí | K13: 21.84 | L13: 5.64 | M13: 40.29 | N13: 10.686 | O13: 30.324 | P13: 7.374
A14: =VLOOKUP(#REF!,'[1]Listas Desplegables'!$H$3:$J$7,2,FALSE()) -> #VALUE! | B14: =VLOOKUP(#REF!,'[1]Listas Desplegables'!$H$3:$J$7,3,FALSE()) -> #VALUE! | C14: 9 | D14: Oasis T2 | E14: Oasis | F14: 13.8 | G14: Residencial | H14: Oasis 110 kV | I14: Sí | K14: 21.858 | L14: 5.664 | M14: 40.314 | N14: 10.704 | O14: 30.36 | P14: 7.392
A15: =VLOOKUP(#REF!,'[1]Listas Desplegables'!$H$3:$J$7,2,FALSE()) -> #VALUE! | B15: =VLOOKUP(#REF!,'[1]Listas Desplegables'!$H$3:$J$7,3,FALSE()) -> #VALUE! | C15: 10 | D15: Silencio T1 | E15: Silencio | F15: 13.8 | G15: Residencial | H15: Silencio 110 kV | I15: Sí | K15: 23.1495 | L15: 6.2675 | M15: 27.991 | N15: 7.0495 | O15: 25.50125 | P15: 5.50275
A16: =VLOOKUP(#REF!,'[1]Listas Desplegables'!$H$3:$J$7,2,FALSE()) -> #VALUE! | B16: =VLOOKUP(#REF!,'[1]Listas Desplegables'!$H$3:$J$7,3,FALSE()) -> #VALUE! | C16: 11 | D16: Silencio T2 | E16: Silencio | F16: 13.8 | G16: Residencial | H16: Silencio 110 kV | I16: Sí | K16: 14.09325 | L16: 3.28325 | M16: 27.7035 | N16: 6.923 | O16: 19.96975 | P16: 4.19175
A17: =VLOOKUP(#REF!,'[1]Listas Desplegables'!$H$3:$J$7,2,FALSE()) -> #VALUE! | B17: =VLOOKUP(#REF!,'[1]Listas Desplegables'!$H$3:$J$7,3,FALSE()) -> #VALUE! | C17: 12 | D17: Silencio T3 | E17: Silencio | F17: 13.8 | G17: Residencial | H17: Silencio 110 kV | I17: Sí | K17: 21.9305 | L17: 6.3365 | M17: 3.795 | N17: 1.07525 | O17: 24.73075 | P17: 5.70975
... A36: =VLOOKUP(#REF!,'[1]Listas Desplegables'!$H$3:$J$7,2,FALSE()) -> #VALUE! | B36: =VLOOKUP(#REF!,'[1]Listas Desplegables'!$H$3:$J$7,3,FALSE()) -> #VALUE! | C36: 31 | D36: Triple A | E36: Tebsa | F36: 110 | G36: Industrial | H36: Tebsa 110 kV | I36: Sí | K36: 13.06125 | L36: 8.00625 | M36: 15.24375 | N36: 9.3375 | O36: 14.19 | P36: 8.70375
C37: 32 | D37: Riverport | E37: El Rio | F37: 34.5 | G37: Residencial | H37: El Rio 110 kV | I37: Sí | K37: 2.9507251 | L37: 1.1742682 | M37: 1.505472 | N37: 0.5984251 | O37: 2.634576 | P37: 1.0312483
A38: =VLOOKUP(#REF!,'[1]Listas Desplegables'!$H$3:$J$7,2,FALSE()) -> #VALUE! | B38: =VLOOKUP(#REF!,'[1]Listas Desplegables'!$H$3:$J$7,3,FALSE()) -> #VALUE! | C38: 33 | D38: Las Flores ( CARTON COLOMBIA ) | E38: Las Flores | F38: 34.5 | G38: Industrial | H38: Las Flores 110 kV | I38: Sí | K38: 4.6805 | L38: 2.7209 | M38: 4.7702 | N38: 2.7692 | O38: 4.8783 | P38: 2.9256
A39: =VLOOKUP(#REF!,'[1]Listas Desplegables'!$H$3:$J$7,2,FALSE()) -> #VALUE! | B39: =VLOOKUP(#REF!,'[1]Listas Desplegables'!$H$3:$J$7,3,FALSE()) -> #VALUE! | C39: 34 | D39: Nueva Barranquilla T2 | E39: Nueva Barranquilla | F39: 13.8 | G39: Residencial | H39: Nueva Barranquilla 110 kV | I39: Sí | K39: 18.882164 | L39: 3.5265273 | M39: 17.789768 | N39: 3.9264136 | O39: 20.967218 | P39: 3.4117364
A40: =VLOOKUP(#REF!,'[1]Listas Desplegables'!$H$3:$J$7,2,FALSE()) -> #VALUE! | B40: =VLOOKUP(#REF!,'[1]Listas Desplegables'!$H$3:$J$7,3,FALSE()) -> #VALUE! | C40: 35 | D40: Nueva Barranquilla T6 | E40: Nueva Barranquilla | F40: 13.8 | G40: Residencial | H40: Nueva Barranquilla 110 kV | I40: Sí | K40: 19.757 | L40: 1.725 | M40: 14.973 | N40: 2.07 | O40: 21.505 | P40: 1.794
A41: =VLOOKUP(#REF!,'[1]Listas Desplegables'!$H$3:$J$7,2,FALSE()) -> #VALUE! | B41: =VLOOKUP(#REF!,'[1]Listas Desplegables'!$H$3:$J$7,3,FALSE()) -> #VALUE! | C41: 36 | D41: Juan Mina | E41: Juan Mina | F41: 13.8 | G41: Residencial | H41: Juan Mina 110 kV | I41: Sí | K41: 8.73425 | L41: 3.65424 | M41: 9.544195 | N41: 4.164035 | O41: 9.84239 | P41: 3.65631
A42: =VLOOKUP(#REF!,'[1]Listas Desplegables'!$H$3:$J$7,2,FALSE()) -> #VALUE! | B42: =VLOOKUP(#REF!,'[1]Listas Desplegables'!$H$3:$J$7,3,FALSE()) -> #VALUE! | C42: 37 | D42: Juan Mina ( BATERIAS WILLARD ) | E42: Juan Mina | F42: 34.5 | G42: Industrial | H42: Juan Mina 110 kV | I42: Sí | K42: 1.81 | L42: 0.95 | M42: 1.66 | N42: 0.89 | O42: 1.59 | P42: 0.77
A43: =VLOOKUP(#REF!,'[1]Listas Desplegables'!$H$3:$J$7,2,FALSE()) -> #VALUE! | B43: =VLOOKUP(#REF!,'[1]Listas Desplegables'!$H$3:$J$7,3,FALSE()) -> #VALUE! | C43: 38 | D43: Juan Mina ( LAS CAYENAS ) | E43: Juan Mina | F43: 34.5 | G43: Industrial | H43: Juan Mina 110 kV | I43: Sí | K43: 6.57 | L43: 2.28 | M43: 7.18 | N43: 2.89 | O43: 7.19 | P43: 2.53
A44: =VLOOKUP(#REF!,'[1]Listas Desplegables'!$H$3:$J$7,2,FALSE()) -> #VALUE! | B44: =VLOOKUP(#REF!,'[1]Listas Desplegables'!$H$3:$J$7,3,FALSE()) -> #VALUE! | C44: 39 | D44: Juan Mina ( CRYOGAS ) | E44: Juan Mina | F44: 34.5 | G44: Industrial | H44: Juan Mina 110 kV | I44: Sí | K44: 2.6 | L44: 1.54 | M44: 2.62 | N44: 1.57 | O44: 2.6 | P44: 1.54
A45: =VLOOKUP(#REF!,'[1]Listas Desplegables'!$H$3:$J$7,2,FALSE()) -> #VALUE! | B45: =VLOOKUP(#REF!,'[1]Listas Desplegables'!$H$3:$J$7,3,FALSE()) -> #VALUE! | C45: 40 | D45: Caracoli T1 | E45: Caracoli | F45: 13.8 | G45: Residencial | H45: Caracoli 110 kV | I45: Sí | K45: 25.62 | L45: 8.27 | M45: 20.13 | N45: 6.82 | O45: 26.02 | P45: 7.33
A46: =VLOOKUP(#REF!,'[1]Listas Desplegables'!$H$3:$J$7,2,FALSE()) -> #VALUE! | B46: =VLOOKUP(#REF!,'[1]Listas Desplegables'!$H$3:$J$7,3,FALSE()) -> #VALUE! | C46: 41 | D46: Caracoli T2 | E46: Caracoli | F46: 13.8 | G46: Residencial | H46: Caracoli 110 kV | I46: Sí | K46: 14.85 | L46: 5.12 | M46: 13.18 | N46: 4.57 | O46: 15.2 | P46: 4.67
A47: =VLOOKUP(#REF!,'[1]Listas Desplegables'!$H$3:$J$7,2,FALSE()) -> #VALUE! | B47: =VLOOKUP(#REF!,'[1]Listas Desplegables'!$H$3:$J$7,3,FALSE()) -> #VALUE! | C47: 42 | D47: Santa Veronica T1 | E47: Santa Veronica | F47: 13.8 | G47: Residencial | H47: Baranoa 110 kV | I47: Sí | K47: 1.33 | L47: 0.29 | M47: 1.28 | N47: 0.43 | O47: 1.57 | P47: 0.25
A48: =VLOOKUP(#REF!,'[1]Listas Desplegables'!$H$3:$J$7,2,FALSE()) -> #VALUE! | B48: =VLOOKUP(#REF!,'[1]Listas Desplegables'!$H$3:$J$7,3,FALSE()) -> #VALUE! | C48: 43 | D48: Santa Veronica T2-Prov | E48: Santa Veronica | F48: 13.8 | G48: Residencial | H48: Baranoa 110 kV | I48: Sí | K48: 0.78 | L48: 0.09 | M48: 0.79 | N48: 0.17 | O48: 0.9 | P48: 0.09
A49: =VLOOKUP(#REF!,'[1]Listas Desplegables'!$H$3:$J$7,2,FALSE()) -> #VALUE! | B49: =VLOOKUP(#REF!,'[1]Listas Desplegables'!$H$3:$J$7,3,FALSE()) -> #VALUE! | C49: 44 | D49: Juan De Acosta | E49: Juan De Acosta | F49: 13.8 | G49: Residencial | H49: Baranoa 110 kV | I49: Sí | K49: 5.49 | L49: 1.8 | M49: 5.21 | N49: 2.06 | O49: 6.06 | P49: 1.67
... A97: =VLOOKUP(#REF!,'[1]Listas Desplegables'!$H$3:$J$7,2,FALSE()) -> #VALUE! | B97: =VLOOKUP(#REF!,'[1]Listas Desplegables'!$H$3:$J$7,3,FALSE()) -> #VALUE! | C97: 92 | D97: Aeropuerto | E97: Aeropuerto | F97: 13.8 | G97: Residencial | H97: Gaira 110 kV | I97: Sí | K97: 8.08128 | L97: 2.30736 | M97: 9.15584 | N97: 2.6496 | O97: 10.63888 | P97: 2.53552
A98: =VLOOKUP(#REF!,'[1]Listas Desplegables'!$H$3:$J$7,2,FALSE()) -> #VALUE! | B98: =VLOOKUP(#REF!,'[1]Listas Desplegables'!$H$3:$J$7,3,FALSE()) -> #VALUE! | C98: 93 | D98: Aeropuerto T-Prov | E98: Aeropuerto | F98: 13.8 | G98: Residencial | H98: Gaira 110 kV | I98: Sí | K98: 2.03808 | L98: 0.429 | M98: 2.77992 | N98: 0.59796 | O98: 3.08088 | P98: 0.50688 | Z98: Toma la demanda del circuito Aeropuerto 1
A99: =VLOOKUP(#REF!,'[1]Listas Desplegables'!$H$3:$J$7,2,FALSE()) -> #VALUE! | B99: =VLOOKUP(#REF!,'[1]Listas Desplegables'!$H$3:$J$7,3,FALSE()) -> #VALUE! | C99: 94 | D99: Carga asociada LN 537 | E99: Aeropuerto - Río Córdoba | F99: 34.5 | G99: Residencial | H99: Río Córdoba/Gaira 110 kV | I99: Sí | K99: 0.2916 | L99: 0.1476 | M99: 0.6192 | N99: 0.126 | O99: 0.4608 | P99: 0.1584 | Z99: Normalmente abierto en Aeropuerto 34,5 kV Carga a 6,4 km de la SE Río Córdoba
A100: =VLOOKUP(#REF!,'[1]Listas Desplegables'!$H$3:$J$7,2,FALSE()) -> #VALUE! | B100: =VLOOKUP(#REF!,'[1]Listas Desplegables'!$H$3:$J$7,3,FALSE()) -> #VALUE! | C100: 95 | D100: Gaira | E100: Gaira | F100: 13.8 | G100: Residencial | H100: Gaira 110 kV | I100: Sí | K100: 13.8 | L100: 3.6193636 | M100: 16.095818 | N100: 4.3783636 | O100: 19.225909 | P100: 4.1258864
A101: =VLOOKUP(#REF!,'[1]Listas Desplegables'!$H$3:$J$7,2,FALSE()) -> #VALUE! | B101: =VLOOKUP(#REF!,'[1]Listas Desplegables'!$H$3:$J$7,3,FALSE()) -> #VALUE! | C101: 96 | D101: Gaira T Movil Prov | E101: Gaira | F101: 13.8 | G101: Residencial | H101: Gaira 110 kV | I101: Sí | K101: 9.7352727 | L101: 3.2837727 | M101: 10.497409 | N101: 3.4186364 | O101: 11.341091 | P101: 3.1426364
A102: =VLOOKUP(#REF!,'[1]Listas Desplegables'!$H$3:$J$7,2,FALSE()) -> #VALUE! | B102: =VLOOKUP(#REF!,'[1]Listas Desplegables'!$H$3:$J$7,3,FALSE()) -> #VALUE! | C102: 97 | D102: Cargas asociadas LN 540 | E102: Santa Marta | F102: 34.5 | G102: Industrial | H102: Santa Marta 110 kV | I102: Sí | K102: 4.02709 | L102: 0.92209 | M102: 3.68836 | N102: 0.65864 | O102: 4.53518 | P102: 1.11027
A103: =VLOOKUP(#REF!,'[1]Listas Desplegables'!$H$3:$J$7,2,FALSE()) -> #VALUE! | B103: =VLOOKUP(#REF!,'[1]Listas Desplegables'!$H$3:$J$7,3,FALSE()) -> #VALUE! | C103: 98 | D103: Cargas Asocidas LN 5117 | E103: Gaira | F103: 34.5 | G103: Industrial | H103: Gaira 110 kV | I103: Sí | K103: 0.077 | L103: 0.007 | M103: 0.629 | N103: 0.245 | O103: 0.35 | P103: 0.079
A104: =VLOOKUP(#REF!,'[1]Listas Desplegables'!$H$3:$J$7,2,FALSE()) -> #VALUE! | B104: =VLOOKUP(#REF!,'[1]Listas Desplegables'!$H$3:$J$7,3,FALSE()) -> #VALUE! | C104: 99 | D104: LN587 | E104: Santa Marta | F104: 34.5 | G104: Residencial | H104: Santa Marta 110 kV | I104: Sí | K104: 1.844 | L104: 0.518 | M104: 5.504 | N104: 1.976 | O104: 5.024 | P104: 1.553
A105: =VLOOKUP(#REF!,'[1]Listas Desplegables'!$H$3:$J$7,2,FALSE()) -> #VALUE! | B105: =VLOOKUP(#REF!,'[1]Listas Desplegables'!$H$3:$J$7,3,FALSE()) -> #VALUE! | C105: 100 | D105: Bonda | E105: Bonda | F105: 13.8 | G105: Residencial | H105: Santa Marta 110 kV | I105: Sí | K105: 16.422 | L105: 5.87 | M105: 16.821 | N105: 6.138 | O105: 19.597 | P105: 6.063
A106: =VLOOKUP(#REF!,'[1]Listas Desplegables'!$H$3:$J$7,2,FALSE()) -> #VALUE! | B106: =VLOOKUP(#REF!,'[1]Listas Desplegables'!$H$3:$J$7,3,FALSE()) -> #VALUE! | C106: 101 | D106: Santa Marta T3 | E106: Santa Marta | F106: 13.8 | G106: Residencial | H106: Santa Marta 110 kV | I106: Sí | K106: 17.688 | L106: 5.418 | M106: 18.315 | N106: 5.093 | O106: 20.842 | P106: 5.222
A107: =VLOOKUP(#REF!,'[1]Listas Desplegables'!$H$3:$J$7,2,FALSE()) -> #VALUE! | B107: =VLOOKUP(#REF!,'[1]Listas Desplegables'!$H$3:$J$7,3,FALSE()) -> #VALUE! | C107: 102 | D107: Santa Marta T10 | E107: Santa Marta | F107: 13.8 | G107: Residencial | H107: Santa Marta 110 kV | I107: Sí | K107: 17.834 | L107: 5.143 | M107: 18.311 | N107: 4.804 | O107: 20.893 | P107: 4.935
A108: =VLOOKUP(#REF!,'[1]Listas Desplegables'!$H$3:$J$7,2,FALSE()) -> #VALUE! | B108: =VLOOKUP(#REF!,'[1]Listas Desplegables'!$H$3:$J$7,3,FALSE()) -> #VALUE! | C108: 103 | D108: Libertador T1 | E108: Libertador | F108: 13.8 | G108: Residencial | H108: Libertador 110 kV | I108: Sí | K108: 18.098 | L108: 5.273 | M108: 19.751 | N108: 5.557 | O108: 21.105 | P108: 5.365
A109: =VLOOKUP(#REF!,'[1]Listas Desplegables'!$H$3:$J$7,2,FALSE()) -> #VALUE! | B109: =VLOOKUP(#REF!,'[1]Listas Desplegables'!$H$3:$J$7,3,FALSE()) -> #VALUE! | C109: 104 | D109: Libertador T2 | E109: Libertador | F109: 13.8 | G109: Residencial | H109: Libertador 110 kV | I109: Sí | K109: 34.92 | L109: 15.06 | M109: 38.82 | N109: 17.1 | O109: 41.16 | P109: 17.24
A110: =VLOOKUP(#REF!,'[1]Listas Desplegables'!$H$3:$J$7,2,FALSE()) -> #VALUE! | B110: =VLOOKUP(#REF!,'[1]Listas Desplegables'!$H$3:$J$7,3,FALSE()) -> #VALUE! | C110: 105 | D110: Manzanares T1 | E110: Manzanares | F110: 13.8 | G110: Residencial | H110: Manzanares 110 kV | I110: Sí | K110: 12.884 | L110: 3.858 | M110: 18.925 | N110: 5.075 | O110: 15.713 | P110: 4.171
A111: =VLOOKUP(#REF!,'[1]Listas Desplegables'!$H$3:$J$7,2,FALSE()) -> #VALUE! | B111: =VLOOKUP(#REF!,'[1]Listas Desplegables'!$H$3:$J$7,3,FALSE()) -> #VALUE! | C111: 106 | D111: Manzanares T2 | E111: Manzanares | F111: 13.8 | G111: Residencial | H111: Manzanares 110 kV | I111: Sí | K111: 8.305 | L111: 2.098 | M111: 16.685 | N111: 3.442 | O111: 13.838 | P111: 2.678
... A116: =VLOOKUP(#REF!,'[1]Listas Desplegables'!$H$3:$J$7,2,FALSE()) -> #VALUE! | B116: =VLOOKUP(#REF!,'[1]Listas Desplegables'!$H$3:$J$7,3,FALSE()) -> #VALUE! | C116: 111 | D116: Plato T2 | E116: Plato | F116: 13.8 | G116: Residencial | H116: Zambrano 66 kV | I116: Sí | K116: 5.509 | L116: 1.639 | M116: 5.224 | N116: 1.705 | O116: 5.793 | P116: 1.478
C117: 112 | D117: LN536 Zona Bananera | E117: Río Cordoba | F117: 13.8 | G117: Industrial | H117: Río Cordoba 110 kV | I117: Sí | K117: 0.641 | L117: 0.144 | M117: 3.128 | N117: 1.566 | O117: 0.958 | P117: 0.252
A118: =VLOOKUP(#REF!,'[1]Listas Desplegables'!$H$3:$J$7,2,FALSE()) -> #VALUE! | B118: =VLOOKUP(#REF!,'[1]Listas Desplegables'!$H$3:$J$7,3,FALSE()) -> #VALUE! | C118: 113 | D118: Real del Obispo | E118: Real del Obispo | F118: 13.8 | G118: Residencial | H118: Zambrano 66 kV | I118: Sí | K118: 5.5280291 | L118: 1.7232436 | M118: 5.6534836 | N118: 1.9560873 | O118: 5.5691782 | P118: 1.62288
A119: =VLOOKUP(#REF!,'[1]Listas Desplegables'!$H$3:$J$7,2,FALSE()) -> #VALUE! | B119: =VLOOKUP(#REF!,'[1]Listas Desplegables'!$H$3:$J$7,3,FALSE()) -> #VALUE! | C119: 114 | D119: Norte T1 | E119: Norte | F119: 13.8 | G119: Residencial | H119: Norte 110 kV | I119: Sí | K119: 12.81 | L119: 2.4375 | M119: 18.8625 | N119: 5.175 | O119: 16.59 | P119: 3.27
A120: =VLOOKUP(#REF!,'[1]Listas Desplegables'!$H$3:$J$7,2,FALSE()) -> #VALUE! | B120: =VLOOKUP(#REF!,'[1]Listas Desplegables'!$H$3:$J$7,3,FALSE()) -> #VALUE! | C120: 115 | D120: Norte T2 | E120: Norte | F120: 13.8 | G120: Residencial | H120: Norte 110 kV | I120: Sí | K120: 4.4505 | L120: 0.28175 | M120: 10.90775 | N120: 2.8175 | O120: 9.8095 | P120: 1.90325
C121: 116 | D121: Monomeros | E121: Las Flores | F121: 34.5 | G121: Industrial | H121: Las Flores 110 kV | I121: Sí | K121: 5.3 | L121: 4.1 | M121: 5 | N121: 4 | O121: 5.2 | P121: 4.2
C122: 117 | D122: Tecnoglass 34,5kV | E122: Las Flores | F122: 34.5 | G122: Industrial | H122: Las Flores 110 kV | I122: Sí | K122: 4.32 | L122: 1.91 | M122: 4.29 | N122: 1.96 | O122: 5.22 | P122: 1.93
C123: 118 | D123: TEBSA SDL | E123: Tebsa | F123: 13.8 | G123: Residencial | H123: Tebsa 110 kV | I123: No | J123: 2029 | Z123: 29,5 % de la carga de la SE Magdalena
A124: =VLOOKUP(#REF!,'[1]Listas Desplegables'!$H$3:$J$7,2,FALSE()) -> #VALUE! | B124: =VLOOKUP(#REF!,'[1]Listas Desplegables'!$H$3:$J$7,3,FALSE()) -> #VALUE! | C124: 119 | D124: Estadio | E124: Estadio | F124: 13.8 | G124: Residencial | H124: Estadio 110 kV | I124: No | J124: 2029 | Z124: 15% de la SE Centro 16% de la SE Oasis 7% de la SE Riomar 12% de la SE Silencio
A125: =VLOOKUP(#REF!,'[1]Listas Desplegables'!$H$3:$J$7,2,FALSE()) -> #VALUE! | B125: =VLOOKUP(#REF!,'[1]Listas Desplegables'!$H$3:$J$7,3,FALSE()) -> #VALUE! | C125: 120 | D125: Palermo | E125: Palermo | F125: 13.8 | G125: Residencial | H125: Palermo 110 kV | I125: No | J125: 2029 | Z125: 28,7 % de la carga de la SE Magdalena
A126: =VLOOKUP(#REF!,'[1]Listas Desplegables'!$H$3:$J$7,2,FALSE()) -> #VALUE! | B126: =VLOOKUP(#REF!,'[1]Listas Desplegables'!$H$3:$J$7,3,FALSE()) -> #VALUE! | C126: 121 | D126: Galapa | E126: Galapa | F126: 13.8 | G126: Residencial | H126: Galapa 110 kV | I126: No | J126: 2029 | Z126: 18,2 % de la carga de la SE Cordialidad
A127: =VLOOKUP(#REF!,'[1]Listas Desplegables'!$H$3:$J$7,2,FALSE()) -> #VALUE! | B127: =VLOOKUP(#REF!,'[1]Listas Desplegables'!$H$3:$J$7,3,FALSE()) -> #VALUE! | C127: 122 | D127: Megua | E127: Megua | F127: 13.8 | G127: Residencial | H127: Baranoa 110 kV | I127: No | J127: 2029 | Z127: 20 % de la carga de la SE Baranoa
A128: =VLOOKUP(#REF!,'[1]Listas Desplegables'!$H$3:$J$7,2,FALSE()) -> #VALUE! | B128: =VLOOKUP(#REF!,'[1]Listas Desplegables'!$H$3:$J$7,3,FALSE()) -> #VALUE! | C128: 123 | D128: NUEVA RÍO MAGDALENA | E128: NUEVA RÍO MAGDALENA | F128: 13.8 | G128: Residencial | H128: NUEVA RÍO MAGDALENA 110 Kv | I128: No | J128: 2029 | Z128: 50 % de la carga de la actual Magdalena 13,8 kV
A129: =VLOOKUP(#REF!,'[1]Listas Desplegables'!$H$3:$J$7,2,FALSE()) -> #VALUE! | B129: =VLOOKUP(#REF!,'[1]Listas Desplegables'!$H$3:$J$7,3,FALSE()) -> #VALUE! | C129: 124 | D129: Bureche | E129: Bureche | F129: 13.8 | G129: Residencial | H129: Bureche 110 kV | I129: No | J129: 2029 | Z129: 50% de la carga de la SE Libertador 46 % de la carga de la SE Santa Marta 34,5 kV
A130: =VLOOKUP(#REF!,'[1]Listas Desplegables'!$H$3:$J$7,2,FALSE()) -> #VALUE! | B130: =VLOOKUP(#REF!,'[1]Listas Desplegables'!$H$3:$J$7,3,FALSE()) -> #VALUE! | C130: 125 | D130: Uribia | E130: Uribia | F130: 110 | G130: Residencial | H130: Uribia 110 kV | I130: No | J130: 2029 | Z130: 19% de la carga de la SE Riohacha 110kV
A131: =VLOOKUP(#REF!,'[1]Listas Desplegables'!$H$3:$J$7,2,FALSE()) -> #VALUE! | B131: =VLOOKUP(#REF!,'[1]Listas Desplegables'!$H$3:$J$7,3,FALSE()) -> #VALUE! | C131: 126 | D131: Guacamayal | E131: Guacamayal | F131: 110 | G131: Residencial | H131: Guacamayal110 kV | I131: No | J131: 2029 | Z131: 35% de la carga de la SE Fundación 110kV
A132: =VLOOKUP(#REF!,'[1]Listas Desplegables'!$H$3:$J$7,2,FALSE()) -> #VALUE! | B132: =VLOOKUP(#REF!,'[1]Listas Desplegables'!$H$3:$J$7,3,FALSE()) -> #VALUE! | C132: 127
A133: =VLOOKUP(#REF!,'[1]Listas Desplegables'!$H$3:$J$7,2,FALSE()) -> #VALUE! | B133: =VLOOKUP(#REF!,'[1]Listas Desplegables'!$H$3:$J$7,3,FALSE()) -> #VALUE! | C133: 128
A134: =VLOOKUP(#REF!,'[1]Listas Desplegables'!$H$3:$J$7,2,FALSE()) -> #VALUE! | B134: =VLOOKUP(#REF!,'[1]Listas Desplegables'!$H$3:$J$7,3,FALSE()) -> #VALUE! | C134: 129
A135: =VLOOKUP(#REF!,'[1]Listas Desplegables'!$H$3:$J$7,2,FALSE()) -> #VALUE! | B135: =VLOOKUP(#REF!,'[1]Listas Desplegables'!$H$3:$J$7,3,FALSE()) -> #VALUE! | C135: 130
A136: =VLOOKUP(#REF!,'[1]Listas Desplegables'!$H$3:$J$7,2,FALSE()) -> #VALUE! | B136: =VLOOKUP(#REF!,'[1]Listas Desplegables'!$H$3:$J$7,3,FALSE()) -> #VALUE! | C136: 131
A137: =VLOOKUP(#REF!,'[1]Listas Desplegables'!$H$3:$J$7,2,FALSE()) -> #VALUE! | B137: =VLOOKUP(#REF!,'[1]Listas Desplegables'!$H$3:$J$7,3,FALSE()) -> #VALUE! | C137: 132
A138: =VLOOKUP(#REF!,'[1]Listas Desplegables'!$H$3:$J$7,2,FALSE()) -> #VALUE! | B138: =VLOOKUP(#REF!,'[1]Listas Desplegables'!$H$3:$J$7,3,FALSE()) -> #VALUE! | C138: 133
A139: =VLOOKUP(#REF!,'[1]Listas Desplegables'!$H$3:$J$7,2,FALSE()) -> #VALUE! | B139: =VLOOKUP(#REF!,'[1]Listas Desplegables'!$H$3:$J$7,3,FALSE()) -> #VALUE! | C139: 134
A140: =VLOOKUP(#REF!,'[1]Listas Desplegables'!$H$3:$J$7,2,FALSE()) -> #VALUE! | B140: =VLOOKUP(#REF!,'[1]Listas Desplegables'!$H$3:$J$7,3,FALSE()) -> #VALUE! | C140: 135
A141: =VLOOKUP(#REF!,'[1]Listas Desplegables'!$H$3:$J$7,2,FALSE()) -> #VALUE! | B141: =VLOOKUP(#REF!,'[1]Listas Desplegables'!$H$3:$J$7,3,FALSE()) -> #VALUE! | C141: 136
A142: =VLOOKUP(#REF!,'[1]Listas Desplegables'!$H$3:$J$7,2,FALSE()) -> #VALUE! | B142: =VLOOKUP(#REF!,'[1]Listas Desplegables'!$H$3:$J$7,3,FALSE()) -> #VALUE! | C142: 137
A143: =VLOOKUP(#REF!,'[1]Listas Desplegables'!$H$3:$J$7,2,FALSE()) -> #VALUE! | B143: =VLOOKUP(#REF!,'[1]Listas Desplegables'!$H$3:$J$7,3,FALSE()) -> #VALUE! | C143: 138
... A215: =VLOOKUP(#REF!,'[1]Listas Desplegables'!$H$3:$J$7,2,FALSE()) -> #VALUE! | B215: =VLOOKUP(#REF!,'[1]Listas Desplegables'!$H$3:$J$7,3,FALSE()) -> #VALUE! | C215: 210

Sheet 6. Compensacion
C3: Información General de Compensaciones
C4: No. | D4: ='Manual de Uso'!C138 -> Nombre | E4: ='Manual de Uso'!C139 -> Subestación | F4: ='Manual de Uso'!C140 -> Nivel de tensión [kV] | G4: ='Manual de Uso'!C141 -> Capacidad [MVAr] | H4: Tipo activo | I4: ='Manual de Uso'!C143 -> Número de pasos | J4: ='Manual de Uso'!C144 -> Tipo conexión | K4: ='Manual de Uso'!C145 -> Operabilidad | L4: ='Manual de Uso'!C146 -> En Operación | M4: ='Manual de Uso'!C147 -> FPO | N4: ='Manual de Uso'!C148 -> Operador | O4: ='Manual de Uso'!C149 -> Tipo activo Uso/Conexión | P4: ='Manual de Uso'!C150 -> Observaciones transportador
A6: =VLOOKUP(E6,'[1]Listas Desplegables'!$H$3:$J$7,2,FALSE()) -> #N/A | B6: =VLOOKUP(E6,'[1]Listas Desplegables'!$H$3:$J$7,3,FALSE()) -> #N/A | C6: 1 | D6: Riohacha | E6: Riohacha | F6: 110 | G6: 15 | H6: Capacitor | I6: 1 | J6: Paralelo | K6: Fijo | L6: Sí
A7: =VLOOKUP(E7,'[1]Listas Desplegables'!$H$3:$J$7,2,FALSE()) -> #N/A | B7: =VLOOKUP(E7,'[1]Listas Desplegables'!$H$3:$J$7,3,FALSE()) -> #N/A | C7: 2 | D7: Maicao | E7: Maicao | F7: 110 | G7: 15 | H7: Capacitor | I7: 1 | J7: Paralelo | K7: Fijo | L7: Sí
A8: =VLOOKUP(E8,'[1]Listas Desplegables'!$H$3:$J$7,2,FALSE()) -> #N/A | B8: =VLOOKUP(E8,'[1]Listas Desplegables'!$H$3:$J$7,3,FALSE()) -> #N/A | C8: 3 | D8: Manaure | E8: Manaure | F8: 13.8 | G8: 3 | H8: Capacitor | I8: 1 | J8: Paralelo | K8: Fijo | L8: Sí
A9: =VLOOKUP(E9,'[1]Listas Desplegables'!$H$3:$J$7,2,FALSE()) -> #N/A | B9: =VLOOKUP(E9,'[1]Listas Desplegables'!$H$3:$J$7,3,FALSE()) -> #N/A | C9: 4 | D9: Fonseca | E9: Fonseca | F9: 13.8 | G9: 3 | H9: Capacitor | I9: 1 | J9: Paralelo | K9: Fijo | L9: Sí
A10: =VLOOKUP(E10,'[1]Listas Desplegables'!$H$3:$J$7,2,FALSE()) -> #N/A | B10: =VLOOKUP(E10,'[1]Listas Desplegables'!$H$3:$J$7,3,FALSE()) -> #N/A | C10: 5 | D10: Villanueva | E10: Villanueva | F10: 13.8 | G10: 3 | H10: Capacitor | I10: 1 | J10: Paralelo | K10: Fijo | L10: Sí
A11: =VLOOKUP(E11,'[1]Listas Desplegables'!$H$3:$J$7,2,FALSE()) -> #N/A | B11: =VLOOKUP(E11,'[1]Listas Desplegables'!$H$3:$J$7,3,FALSE()) -> #N/A | C11: 6
A12: =VLOOKUP(E12,'[1]Listas Desplegables'!$H$3:$J$7,2,FALSE()) -> #N/A | B12: =VLOOKUP(E12,'[1]Listas Desplegables'!$H$3:$J$7,3,FALSE()) -> #N/A | C12: 7
A13: =VLOOKUP(E13,'[1]Listas Desplegables'!$H$3:$J$7,2,FALSE()) -> #N/A | B13: =VLOOKUP(E13,'[1]Listas Desplegables'!$H$3:$J$7,3,FALSE()) -> #N/A | C13: 8
A14: =VLOOKUP(E14,'[1]Listas Desplegables'!$H$3:$J$7,2,FALSE()) -> #N/A | B14: =VLOOKUP(E14,'[1]Listas Desplegables'!$H$3:$J$7,3,FALSE()) -> #N/A | C14: 9
A15: =VLOOKUP(E15,'[1]Listas Desplegables'!$H$3:$J$7,2,FALSE()) -> #N/A | B15: =VLOOKUP(E15,'[1]Listas Desplegables'!$H$3:$J$7,3,FALSE()) -> #N/A | C15: 10
A16: =VLOOKUP(E16,'[1]Listas Desplegables'!$H$3:$J$7,2,FALSE()) -> #N/A | B16: =VLOOKUP(E16,'[1]Listas Desplegables'!$H$3:$J$7,3,FALSE()) -> #N/A | C16: 11
A17: =VLOOKUP(E17,'[1]Listas Desplegables'!$H$3:$J$7,2,FALSE()) -> #N/A | B17: =VLOOKUP(E17,'[1]Listas Desplegables'!$H$3:$J$7,3,FALSE()) -> #N/A | C17: 12
A18: =VLOOKUP(E18,'[1]Listas Desplegables'!$H$3:$J$7,2,FALSE()) -> #N/A | B18: =VLOOKUP(E18,'[1]Listas Desplegables'!$H$3:$J$7,3,FALSE()) -> #N/A | C18: 13
A19: =VLOOKUP(E19,'[1]Listas Desplegables'!$H$3:$J$7,2,FALSE()) -> #N/A | B19: =VLOOKUP(E19,'[1]Listas Desplegables'!$H$3:$J$7,3,FALSE()) -> #N/A | C19: 14
A20: =VLOOKUP(E20,'[1]Listas Desplegables'!$H$3:$J$7,2,FALSE()) -> #N/A | B20: =VLOOKUP(E20,'[1]Listas Desplegables'!$H$3:$J$7,3,FALSE()) -> #N/A | C20: 15
A21: =VLOOKUP(E21,'[1]Listas Desplegables'!$H$3:$J$7,2,FALSE()) -> #N/A | B21: =VLOOKUP(E21,'[1]Listas Desplegables'!$H$3:$J$7,3,FALSE()) -> #N/A | C21: 16
A22: =VLOOKUP(E22,'[1]Listas Desplegables'!$H$3:$J$7,2,FALSE()) -> #N/A | B22: =VLOOKUP(E22,'[1]Listas Desplegables'!$H$3:$J$7,3,FALSE()) -> #N/A | C22: 17
... A56: =VLOOKUP(E56,'[1]Listas Desplegables'!$H$3:$J$7,2,FALSE()) -> #N/A | B56: =VLOOKUP(E56,'[1]Listas Desplegables'!$H$3:$J$7,3,FALSE()) -> #N/A | C56: 51
A57: =VLOOKUP(E57,'[1]Listas Desplegables'!$H$3:$J$7,2,FALSE()) -> #N/A | B57: =VLOOKUP(E57,'[1]Listas Desplegables'!$H$3:$J$7,3,FALSE()) -> #N/A | C57: …

Sheet 7. Compensacion dinamica
C3: Información General de Compensaciones dinámicas
C4: No. | D4: ='Manual de Uso'!C151 -> Nombre | E4: ='Manual de Uso'!C152 -> Subestación | F4: ='Manual de Uso'!C153 -> Nivel de tensión [kV] | G4: ='Manual de Uso'!C154 -> Tecnología | H4: ='Manual de Uso'!C155 -> En Operación | I4: ='Manual de Uso'!C156 -> FPO | J4: ='Manual de Uso'!C157 -> Qmin [MVAr] | K4: ='Manual de Uso'!C158 -> Qmax [MVAr] | L4: ='Manual de Uso'!C159 -> Operador | M4: ='Manual de Uso'!C160 -> Tipo activo Uso/Conexión | N4: ='Manual de Uso'!C161 -> Observaciones transportador
A6: =VLOOKUP(#REF!,'[1]Listas Desplegables'!$H$3:$J$7,2,FALSE()) -> #VALUE! | B6: =VLOOKUP(#REF!,'[1]Listas Desplegables'!$H$3:$J$7,3,FALSE()) -> #VALUE! | C6: 1
A7: =VLOOKUP(#REF!,'[1]Listas Desplegables'!$H$3:$J$7,2,FALSE()) -> #VALUE! | B7: =VLOOKUP(#REF!,'[1]Listas Desplegables'!$H$3:$J$7,3,FALSE()) -> #VALUE! | C7: 2
A8: =VLOOKUP(#REF!,'[1]Listas Desplegables'!$H$3:$J$7,2,FALSE()) -> #VALUE! | B8: =VLOOKUP(#REF!,'[1]Listas Desplegables'!$H$3:$J$7,3,FALSE()) -> #VALUE! | C8: 3
A9: =VLOOKUP(#REF!,'[1]Listas Desplegables'!$H$3:$J$7,2,FALSE()) -> #VALUE! | B9: =VLOOKUP(#REF!,'[1]Listas Desplegables'!$H$3:$J$7,3,FALSE()) -> #VALUE! | C9: 4
A10: =VLOOKUP(#REF!,'[1]Listas Desplegables'!$H$3:$J$7,2,FALSE()) -> #VALUE! | B10: =VLOOKUP(#REF!,'[1]Listas Desplegables'!$H$3:$J$7,3,FALSE()) -> #VALUE! | C10: 5
A11: =VLOOKUP(#REF!,'[1]Listas Desplegables'!$H$3:$J$7,2,FALSE()) -> #VALUE! | B11: =VLOOKUP(#REF!,'[1]Listas Desplegables'!$H$3:$J$7,3,FALSE()) -> #VALUE! | C11: 6
A12: =VLOOKUP(#REF!,'[1]Listas Desplegables'!$H$3:$J$7,2,FALSE()) -> #VALUE! | B12: =VLOOKUP(#REF!,'[1]Listas Desplegables'!$H$3:$J$7,3,FALSE()) -> #VALUE! | C12: 7
A13: =VLOOKUP(#REF!,'[1]Listas Desplegables'!$H$3:$J$7,2,FALSE()) -> #VALUE! | B13: =VLOOKUP(#REF!,'[1]Listas Desplegables'!$H$3:$J$7,3,FALSE()) -> #VALUE! | C13: 8
A14: =VLOOKUP(#REF!,'[1]Listas Desplegables'!$H$3:$J$7,2,FALSE()) -> #VALUE! | B14: =VLOOKUP(#REF!,'[1]Listas Desplegables'!$H$3:$J$7,3,FALSE()) -> #VALUE! | C14: 9
A15: =VLOOKUP(#REF!,'[1]Listas Desplegables'!$H$3:$J$7,2,FALSE()) -> #VALUE! | B15: =VLOOKUP(#REF!,'[1]Listas Desplegables'!$H$3:$J$7,3,FALSE()) -> #VALUE! | C15: 10
A16: =VLOOKUP(#REF!,'[1]Listas Desplegables'!$H$3:$J$7,2,FALSE()) -> #VALUE! | B16: =VLOOKUP(#REF!,'[1]Listas Desplegables'!$H$3:$J$7,3,FALSE()) -> #VALUE! | C16: 11
A17: =VLOOKUP(#REF!,'[1]Listas Desplegables'!$H$3:$J$7,2,FALSE()) -> #VALUE! | B17: =VLOOKUP(#REF!,'[1]Listas Desplegables'!$H$3:$J$7,3,FALSE()) -> #VALUE! | C17: 12
... A56: =VLOOKUP(#REF!,'[1]Listas Desplegables'!$H$3:$J$7,2,FALSE()) -> #VALUE! | B56: =VLOOKUP(#REF!,'[1]Listas Desplegables'!$H$3:$J$7,3,FALSE()) -> #VALUE! | C56: 51
A57: =VLOOKUP(#REF!,'[1]Listas Desplegables'!$H$3:$J$7,2,FALSE()) -> #VALUE! | B57: =VLOOKUP(#REF!,'[1]Listas Desplegables'!$H$3:$J$7,3,FALSE()) -> #VALUE! | C57: …

Sheet 8. DFACTS
C3: Información General de dispositivos DFACTS
C4: No. | D4: ='Manual de Uso'!C162 -> Nombre | E4: ='Manual de Uso'!C163 -> Línea Intervenida | F4: ='Manual de Uso'!C164 -> Nivel de tensión [kV] | G4: ='Manual de Uso'!C165 -> En Operación | H4: ='Manual de Uso'!C166 -> FPO | I4: ='Manual de Uso'!C167 -> Conectado al lado de | J4: ='Manual de Uso'!C168 -> Tensión máxima aporte [V] | K4: ='Manual de Uso'!C169 -> Corriente máxima aporte [A] | L4: ='Manual de Uso'!C170 -> Modelo (si disponible) | M4: ='Manual de Uso'!C171 -> Operador | N4: ='Manual de Uso'!C172 -> Tipo activo Uso/Conexión | O4: ='Manual de Uso'!C173 -> Observaciones transportador
A6: =VLOOKUP(#REF!,'[1]Listas Desplegables'!$H$3:$J$7,2,FALSE()) -> #VALUE! | B6: =VLOOKUP(#REF!,'[1]Listas Desplegables'!$H$3:$J$7,3,FALSE()) -> #VALUE! | C6: 1
A7: =VLOOKUP(#REF!,'[1]Listas Desplegables'!$H$3:$J$7,2,FALSE()) -> #VALUE! | B7: =VLOOKUP(#REF!,'[1]Listas Desplegables'!$H$3:$J$7,3,FALSE()) -> #VALUE! | C7: 2
A8: =VLOOKUP(#REF!,'[1]Listas Desplegables'!$H$3:$J$7,2,FALSE()) -> #VALUE! | B8: =VLOOKUP(#REF!,'[1]Listas Desplegables'!$H$3:$J$7,3,FALSE()) -> #VALUE! | C8: 3
A9: =VLOOKUP(#REF!,'[1]Listas Desplegables'!$H$3:$J$7,2,FALSE()) -> #VALUE! | B9: =VLOOKUP(#REF!,'[1]Listas Desplegables'!$H$3:$J$7,3,FALSE()) -> #VALUE! | C9: 4
A10: =VLOOKUP(#REF!,'[1]Listas Desplegables'!$H$3:$J$7,2,FALSE()) -> #VALUE! | B10: =VLOOKUP(#REF!,'[1]Listas Desplegables'!$H$3:$J$7,3,FALSE()) -> #VALUE! | C10: 5
A11: =VLOOKUP(#REF!,'[1]Listas Desplegables'!$H$3:$J$7,2,FALSE()) -> #VALUE! | B11: =VLOOKUP(#REF!,'[1]Listas Desplegables'!$H$3:$J$7,3,FALSE()) -> #VALUE! | C11: 6
A12: =VLOOKUP(#REF!,'[1]Listas Desplegables'!$H$3:$J$7,2,FALSE()) -> #VALUE! | B12: =VLOOKUP(#REF!,'[1]Listas Desplegables'!$H$3:$J$7,3,FALSE()) -> #VALUE! | C12: 7
A13: =VLOOKUP(#REF!,'[1]Listas Desplegables'!$H$3:$J$7,2,FALSE()) -> #VALUE! | B13: =VLOOKUP(#REF!,'[1]Listas Desplegables'!$H$3:$J$7,3,FALSE()) -> #VALUE! | C13: 8
A14: =VLOOKUP(#REF!,'[1]Listas Desplegables'!$H$3:$J$7,2,FALSE()) -> #VALUE! | B14: =VLOOKUP(#REF!,'[1]Listas Desplegables'!$H$3:$J$7,3,FALSE()) -> #VALUE! | C14: 9
A15: =VLOOKUP(#REF!,'[1]Listas Desplegables'!$H$3:$J$7,2,FALSE()) -> #VALUE! | B15: =VLOOKUP(#REF!,'[1]Listas Desplegables'!$H$3:$J$7,3,FALSE()) -> #VALUE! | C15: 10
A16: =VLOOKUP(#REF!,'[1]Listas Desplegables'!$H$3:$J$7,2,FALSE()) -> #VALUE! | B16: =VLOOKUP(#REF!,'[1]Listas Desplegables'!$H$3:$J$7,3,FALSE()) -> #VALUE! | C16: 11
A17: =VLOOKUP(#REF!,'[1]Listas Desplegables'!$H$3:$J$7,2,FALSE()) -> #VALUE! | B17: =VLOOKUP(#REF!,'[1]Listas Desplegables'!$H$3:$J$7,3,FALSE()) -> #VALUE! | C17: 12
... A56: =VLOOKUP(#REF!,'[1]Listas Desplegables'!$H$3:$J$7,2,FALSE()) -> #VALUE! | B56: =VLOOKUP(#REF!,'[1]Listas Desplegables'!$H$3:$J$7,3,FALSE()) -> #VALUE! | C56: 51
A57: =VLOOKUP(#REF!,'[1]Listas Desplegables'!$H$3:$J$7,2,FALSE()) -> #VALUE! | B57: =VLOOKUP(#REF!,'[1]Listas Desplegables'!$H$3:$J$7,3,FALSE()) -> #VALUE! | C57: …

Sheet Listas Desplegables
B2: 1. LÍNEAS
B3: Clase | E3: GD | F3: 0 | G3: 100
B4: STN | E4: AGPE con excedentes | F4: 0 | G4: 1000
B5: STR | E5: AGPE sin excedentes | F5: 0 | G5: 1000
B6: SDL
B7: Tipo de Línea | E7: Recurso
B8: Áerea | E8: Solar | F8: Eólica | G8: Hidráulico | H8: Biomasa | I8: Geotérmica | J8: Térmica
B9: Subterránea | E9: Sol | F9: Viento | G9: Agua | H9: Cultivo Energético | I9: Vapor | J9: Carbón
B10: En Operación | H10: Otro
B11: Sí
B12: No
B14: 2. Tr3
B15: En Operación
B16: Sí
B17: No
B18: Uso
B19: STN
B20: STR
B21: SDL
B23: 3. Tr2
B24: En Operación
... B93: Activos de conexión a un STR o a un SDL
