Workbook

Sheet Manual de Uso
B2: MANUAL DE USO PARA EL REPORTE DE INFORMACIÓN REQUERIDA DE LOS TRANSPORTADORES
B7: INTRODUCCIÓN
B8: El presente formato se establece en cumplimiento de lo establecido en el articulo 7 de la Resolución CREG 075 de 2021, para facilitar el reporte uniforme de la información que los transportadores deben entregar para la realización de los estudios de conexión y disponibilidad de espacio físico. El uso del presente formato es transitorio, y se requerirá hasta que entre en funcionamiento el sistema de información de la ventanilla única de la UPME, a través del cual se reportará y actualizará la información requerida para estudios de conexión.
B14: CONTENIDO
B15: El Formato se encuentra dividido en 9 secciones según el tipo de activo a reportar: 1. Información de líneas de transmisión y distribución 2. Información de transformadores tridevanados 3. Información de transformadores bidevanados 4. Información de subestaciones 5. Información de demandas 6. Información de compensaciones 7. Información de compensaciones dinámicas 8. Información de dispositivos DFACTS 9. Información de disponibilidad de espacio físico
B26: MANUAL DE USO
B27: Dentro de cada sección se solicita que el Transportador compile información característica de cada uno de los tipos de activo. A continuación, se presenta la información y una descripción de lo requerido:
B29: Líneas de transmisión y distribución | C29: Nombre | D29: Nombre de línea de transmisión o distribución.
C30: Subestación 1 | D30: Subestación o punto de la red a la cual se conecta uno de los extremos de la línea
C31: Subestación 2 | D31: Subestación o punto de la red a la cual se conecta el otro extremo de la línea
C32: Nivel de tensión [kV] | D32: Nivel de tensión nominal en kilovoltios al cual opera la línea
C33: Longitud [km] | D33: Longitud en kilometros de la línea
C34: Capacidad transporte nominal [A] | D34: Capacidad de transporte de corriente nominal de la línea de transmisión en estado estable en amperios
C35: Capacidad transporte térmico [A] | D35: Capacidad nominal de transporte de corriente del conductor de menor capacidad utilizado en la línea de transmisión en amperios
C36: Capacidad transporte emergencia [A] | D36: Capacidad de corriente máxima que puede soportar la línea ante condiciones de emergencia en amperios
C37: Causa límite de capacidad | D37: Declarar cuál es el elemento que impone el límite operativo, es decir el que restringe la máxima corriente. Entre los elementos están: línea de transmisión (Cable), bajantes de conexión con los pararrayos y los transformadores de potencial, trampas de onda, transformadores de corriente, interruptores, seccionadores
C38: R1 [Ohm/km] | D38: Resistencia de secuencia positiva por unidad de longitud en ohmios por kilometro
C39: X1 [Ohm/km] | D39: Reactancia de secuencia positiva por unidad de longitud en ohmios por kilometro
C40: B1 [uS/km] | D40: Susceptancia de secuancia positiva por unidad de longitud en microsiemens por kilometro
C41: R0 [Ohm/km] | D41: Resistencia de secuencia cero por unidad de longitud en ohmios por kilometro
... C45: Tipo | D45: Tipo de línea. Se debe escoger en la lista desplegable entre: Áerea o Subterranea
C46: En Operación | D46: Se debe escoger en la lista desplegable entre: Sí, cuando el activo se encuentre en operación al momento de realizar la entrega de la información, o No, si el activo tiene una fecha de puesta en operación futura | I46: Activos de uso de STN
C47: FPO | D47: Si el activo no se encuentra en operación, se debe especificar la Fecha de Puesta en Operación planteada en formato dd/mm/aaaa. | I47: Activos de uso de STR y SDL
C48: Conductor | D48: Se debe indicar el calibre y material del conductor predominante en la línea de transmisión o distribución | I48: Activos de conexión del OR al STN
C49: Tiempo medio de reparación por evento [h] | D49: Tiempo de medio en horas que puede durar cada evento de indisponibilidad del activo | I49: Activos de conexión a un STR o a un SDL
C50: Horas anuales de indisponibilidad [h] | D50: Tiempo anual de indisponibilidad del activo en horas
C51: Eventos anuales de indisponibilidad | D51: Número de eventos de indisponibilidad del activo
C52: Operador | D52: Compañía que opera la línea de transmisión ante el CND
C53: Tipo activo Uso/Conexión | D53: Activos de uso de STN: son aquellos activos de transporte de electricidad que operan a tensiones iguales o superiores a 220 kV, son remunerados mediante Cargos por Uso del STN y pueden estar constituidos por una o varias UC. (Resolución CREG 011 de 2009. Activos de uso de STR y SDL: son aquellos activos de transporte de electricidad que operan a tensiones inferiores a 220 kV que son utilizados por más de un usuario y son remunerados mediante cargos por uso de STR o SDL. (Resolución CREG 015 de 2018) Nota: Los activos que sean remunerados mediante cargos por uso del STN o STR y que están constituidos por una o varias unidades constructivas y que pertenezcan a nivel inferior a 220 kV se deberán clasificar como Activos de Uso del STN o STR de acuerdo a como sean remunerados Activos de conexión del OR al STN: son los bienes que se requieren para que un operador de red se conecte físicamente al Sistema de Transmisión Nacional, STN. Activos de conexión a un STR o a un SDL: son los bienes que se requieren para que un OR se conecte físicamente a un Sistema de Transmisión Regional, STR, o a un Sistema de Distribución Local, SDL, de otro OR (Operador de Red). También son activos de conexión los utilizados exclusivamente por un usuario final para conectarse a los niveles de tensión 4, 3, 2 o 1. Un usuario está conectado al nivel de tensión en el que está instalado su equipo de medida individual (Resolución CREG 015 de 2018))
C54: Observaciones transportador | D54: Sección de libre diligenciamiento, donde el transportador debe indicar explicítamente cualquier condición operativa o de planeación que no este incluida en las demás variables. Ejemplo: La línea opera normalmente abierta al lado de la subestación A o se tiene planeado una repotenciación de la línea hasta una capacidad de X Amperios, la cual entrará en operación desde dd/mm/aaaa.
B55: Transformadores tridevanados | C55: Nombre | D55: Nombre del transformador tridevanado. Se sugiere sea nombre de la subestación seguido de los niveles de tensión del transformador
C56: Subestación | D56: Subestación en la cual se encuentra ubicado el transformador
C57: Nivel de tensión HV [kV] | D57: Nivel de tensión nominal de diseño de los bornes de alta tensión del transformador en kilovoltios
C58: Nivel de tensión MV [kV] | D58: Nivel de tensión nominal de diseño de los bornes de media tensión del transformador en kilovoltios
C59: Nivel de tensión LV [kV] | D59: Nivel de tensión nominal de diseño de los bornes de baja tensión del transformador en kilovoltios
C60: Capacidad HV [MVA] | D60: Capacidad nominal en el devanado de alta tensión del transformador en MVA
C61: Capacidad MV [MVA] | D61: Capacidad nominal en el devanado de media tensión del transformador en MVA
C62: Capacidad LV [MVA] | D62: Capacidad nominal en el devanado de baja tensión del transformador en MVA
C63: Grupo de conexión | D63: Convención utilizada para describir las configuraciones de los distintos devanados del transformador y el desfase en los angulos de fase según norma IEC 60076-1 2011. Ejemplo: YNyn0d5
C64: Impedancia HV-MV Secuencia +[%] | D64: Impedancia de corto circuito entre los devanados de alta y media tensión en secuencia positiva como porcentaje de la impedancia de referencia
C65: Impedancia HV-LV Secuencia +[%] | D65: Impedancia de corto circuito entre los devanados de alta y baja tensión en secuencia positiva como porcentaje de la impedancia de referencia
C66: Impedancia MV-LV Secuencia +[%] | D66: Impedancia de corto circuito entre los devanados de media y baja tensión en secuencia positiva como porcentaje de la impedancia de referencia
C67: Impedancia HV-MV Secuencia 0[%] | D67: Impedancia de corto circuito entre los devanados de alta y media tensión en secuencia cero como porcentaje de la impedancia de referencia
... C86: Observaciones transportador | D86: Sección de libre diligenciamiento, donde el transportador debe indicar explicítamente cualquier condición operativa o de planeación que no este incluida en las demás variables.
B87: Tranformadores bidevanados | C87: Nombre | D87: Nombre del transformador tridevanado. Se sugiere sea nombre de la subestación seguido de los niveles de tensión del transformador
C88: Subestación | D88: Subestación en la cual se encuentra ubicado el transformador
C89: Nivel de tensión HV [kV] | D89: Nivel de tensión nominal de diseño de los bornes de alta tensión del transformador en kilovoltios
C90: Nivel de tensión LV [kV] | D90: Nivel de tensión nominal de diseño de los bornes de baja tensión del transformador en kilovoltios
C91: Capacidad [MVA] | D91: Capacidad nominal del transformador en MVA
C92: Grupo de conexión | D92: Convención utilizada para describir las configuraciones de los distintos devanados del transformador y el desfase en los angulos de fase según norma IEC 60076-1 2011. Ejemplo: Dyn11
C93: Impedancia Secuencia +[%] | D93: Impedancia de corto circuito en secuencia positiva como porcentaje de la impedancia de referencia
C94: Impedancia Secuencia 0[%] | D94: Impedancia de corto circuito en secuencia cero como porcentaje de la impedancia de referencia
C95: Posición Neutral Tap | D95: Valor del cambiador de tomas como número entero que permite alcanzar los valores nominales de tensión en el transformador
C96: Posición Máxima Tap | D96: Máximo valor posible del cambiador de tomas como número entero
C97: Posición Mínima Tap | D97: Mínimo valor posible del cambiador de tomas como número entero
C98: Delta Tap [%] | D98: La diferencia entre dos pasos adyacentes del cambiador de tomas expresada como un porcentaje.
C99: Sobrecarga en emergencia | D99: Valor de sobrecarga aceptable en el transformador ante condiciones de emergencia expresado como porcentaje respecto a la capacidad del transformador y en la cantidad de tiempo en minutos en que el transformador puede soportar dicha condición
... C109: Observaciones transportador | D109: Sección de libre diligenciamiento, donde el transportador debe indicar explicítamente cualquier condición operativa o de planeación que no este incluida en las demás variables.
B110: Subestaciones NOTA. En caso de que una subestación tenga en su predio patios de distintos niveles de tensión, se debe realizar un reporte por cada nivel de tensión. | C110: Nombre | D110: Nombre de la subestación
C111: Agente Administrador | D111: Razón social del transportador con el mayor porcentaje de propiedad de los activos de la subestación
C112: Nivel de tensión [kV] | D112: Nivel de tensión nominal de la(s) barra(s) de la subestación en kilovoltios
C113: Capacidad de interrupción [kA] | D113: Capacidad máxima de interrupción de cortocircuito de la subestación, expresada en kiloamperios (kA), determinada por el elemento que impone el límite operativo. El valor reportado deberá corresponder a la menor capacidad de interrupción o soporte al cortocircuito entre los equipos y componentes relevantes de la subestación, lo cual deberá ser coherente con el elemento limitante declarado.
C114: Elemento limitante | D114: Declarar el elemento que impone el límite operativo de la subestación, entendido como aquel equipo o componente que restringe la máxima corriente de cortocircuito admisible. Entre los posibles elementos limitantes se incluyen, sin limitarse a: interruptores de potencia, seccionadores, barras, transformadores de corriente (TC), transformadores de potencial (TP) y la malla de puesta a tierra.
C115: Configuración | D115: Configuración de barras de la subestación. Se debe escoger en la lista desplegable entre: barra sencilla, barra principal y transferencia, barra sencilla seccionada, barra seccionada con barra de transferencia, doble barra, doble barra con transferencia, doble barra con doble interruptor, interruptor y medio o anillo.
C116: Tipo | D116: Se debe escoger de la lista despelegable entre: Convencional, Encapsulada y Mixta.
C117: En Operación | D117: Se debe escoger en la lista desplegable entre: Sí, cuando el activo se encuentre en operación al momento de realizar la entrega de la información, o No, si el activo tiene una fecha de puesta en operación futura
C118: FPO | D118: Si el activo no se encuentra en operación, se debe especificar la Fecha de Puesta en Operación planteada en formato dd/mm/aaaa.
C119: Departamento | D119: Nombre del departamento en que se ubica o ubicará la subestación
C120: Municipio | D120: Nombre del municipio en que se ubica o ubicará la subestación
C121: Operador | D121: Compañía que opera la línea de transmisión ante el CND
C122: Tipo activo Uso/Conexión | D122: Activos de uso de STN: son aquellos activos de transporte de electricidad que operan a tensiones iguales o superiores a 220 kV, son remunerados mediante Cargos por Uso del STN y pueden estar constituidos por una o varias UC. (Resolución CREG 011 de 2009. Activos de uso de STR y SDL: son aquellos activos de transporte de electricidad que operan a tensiones inferiores a 220 kV que son utilizados por más de un usuario y son remunerados mediante cargos por uso de STR o SDL. (Resolución CREG 015 de 2018) Nota: Los activos que sean remunerados mediante cargos por uso del STN o STR y que están constituidos por una o varias unidades constructivas y que pertenezcan a nivel inferior a 220 kV se deberán clasificar como Activos de Uso del STN o STR de acuerdo a como sean remunerados Activos de conexión del OR al STN: son los bienes que se requieren para que un operador de red se conecte físicamente al Sistema de Transmisión Nacional, STN. Activos de conexión a un STR o a un SDL: son los bienes que se requieren para que un OR se conecte físicamente a un Sistema de Transmisión Regional, STR, o a un Sistema de Distribución Local, SDL, de otro OR (Operador de Red). También son activos de conexión los utilizados exclusivamente por un usuario final para conectarse a los niveles de tensión 4, 3, 2 o 1. Un usuario está conectado al nivel de tensión en el que está instalado su equipo de medida individual (Resolución CREG 015 de 2018))
C123: Observaciones transportador | D123: Sección de libre diligenciamiento, donde el transportador debe indicar explicítamente cualquier condición operativa o de planeación que no este incluida en las demás variables.
B124: Demandas | C124: Nombre | D124: Nombre de la demanda
C125: Subestación | D125: Subestación en la que se encuentra conectada la demanda. Para demandas conectadas a niveles de tensión inferiores a 11.4 kV se debe referir a nivel de tensión superior.
C126: Nivel de tensión [kV] | D126: Nivel de tensión en kilovoltios al que se conecta o refiere la demanda.
C127: Tipo | D127: Se debe escoger en la lista desplegable entre: Industrial, Comercial, Residencial y Oficial. En caso de que la demanda incluya varios tipos se debe seleccionar el tipo de mayor magnitud.
C128: Atendida Subestación Nivel IV | D128: Subestación de nivel de tensión IV o superior que atiende a la demanda.
C129: En Operación | D129: Se debe escoger en la lista desplegable entre: Sí, cuando el activo se encuentre en operación al momento de realizar la entrega de la información, o No, si el activo tiene una fecha de puesta en operación futura
C130: FPO | D130: Si el activo no se encuentra en operación, se debe especificar la Fecha de Puesta en Operación planteada en formato dd/mm/aaaa.
C131: Demanda Mínima | D131: Valor mínimo de demanda de potencia activa en MW y reactiva en MVAr esperado para la demanda en el año inmediatamente anterior, registrado a la hora 03:00, el cual debe ser actualizado de manera anual.
C132: Demanda Media | D132: Valor medio de de demanda de potencia activa en MW y reactiva en MVAr esperado para la demanda en el año inmediatamente anterior, registrado a la hora 12:00, el cual debe ser actualizado de manera anual.
C133: Demanda Máxima | D133: Valor máximo de de demanda de potencia activa en MW y reactiva en MVAr esperado para la demanda en el año inmediatamente anterior, registrado a la hora 19:00, el cual debe ser actualizado de manera anual.
C134: Traslados de carga Año | D134: Año en el cual se materializa el traslado de carga. Si existen traslados en más de un año, se deberá diligenciar una columna por cada año.
C135: Porcentaje | D135: Porcentaje de la carga que se traslada desde la subestación de origen indicada en la fila correspondiente, para el año señalado. El porcentaje deberá asociarse exclusivamente al traslado reportado en la misma columna de año y subestación destino. En caso de múltiples traslados, se deberá diligenciar una columna por cada porcentaje correspondiente.
C136: Subestación destino traslado | D136: Subestación hacia la cual se traslada la carga, ya sea perteneciente al STR o al SDL. Cuando exista más de una subestación destino, se deberá diligenciar una columna independiente por cada una, asociada a su respectivo año y porcentaje.
C137: Observaciones transportador | D137: Sección de libre diligenciamiento, donde el transportador debe indicar explicítamente cualquier condición operativa o de planeación que no este incluida en las demás variables.
B138: Compensación estática | C138: Nombre | D138: Nombre de la compensación. Se sugiere usar el nombre de la subestación a la que se conecta.
C139: Subestación | D139: Nombre de la subestación a la que se conecta la compensación.
C140: Nivel de tensión [kV] | D140: Nivel de tensión de la subestación en kilovoltios
C141: Capacidad [MVAr] | D141: Capacidad de la compensación en MVAr
C142: Tipo activo | D142: Se debe escoger en la lista desplegable entre: Capcitor o reactor
C143: Número de pasos | D143: Número de pasos posibles para alcanzar la capacidad de la compensación
C144: Tipo conexión | D144: Se debe escoger en la lista desplegable entre: Serie y Paralelo
C145: Operabilidad | D145: Se debe escoger en la lista desplegable entre: Fijo y Maniobrable
C146: En Operación | D146: Se debe escoger en la lista desplegable entre: Sí, cuando el activo se encuentre en operación al momento de realizar la entrega de la información, o No, si el activo tiene una fecha de puesta en operación futura
C147: FPO | D147: Si el activo no se encuentra en operación, se debe especificar la Fecha de Puesta en Operación planteada en formato dd/mm/aaaa.
C148: Operador | D148: Compañía que opera la línea de transmisión ante el CND
C149: Tipo activo Uso/Conexión | D149: Activos de uso de STN: son aquellos activos de transporte de electricidad que operan a tensiones iguales o superiores a 220 kV, son remunerados mediante Cargos por Uso del STN y pueden estar constituidos por una o varias UC. (Resolución CREG 011 de 2009. Activos de uso de STR y SDL: son aquellos activos de transporte de electricidad que operan a tensiones inferiores a 220 kV que son utilizados por más de un usuario y son remunerados mediante cargos por uso de STR o SDL. (Resolución CREG 015 de 2018) Nota: Los activos que sean remunerados mediante cargos por uso del STN o STR y que están constituidos por una o varias unidades constructivas y que pertenezcan a nivel inferior a 220 kV se deberán clasificar como Activos de Uso del STN o STR de acuerdo a como sean remunerados Activos de conexión del OR al STN: son los bienes que se requieren para que un operador de red se conecte físicamente al Sistema de Transmisión Nacional, STN. Activos de conexión a un STR o a un SDL: son los bienes que se requieren para que un OR se conecte físicamente a un Sistema de Transmisión Regional, STR, o a un Sistema de Distribución Local, SDL, de otro OR (Operador de Red). También son activos de conexión los utilizados exclusivamente por un usuario final para conectarse a los niveles de tensión 4, 3, 2 o 1. Un usuario está conectado al nivel de tensión en el que está instalado su equipo de medida individual (Resolución CREG 015 de 2018))
C150: Observaciones transportador | D150: Sección de libre diligenciamiento, donde el transportador debe indicar explicítamente cualquier condición operativa o de planeación que no este incluida en las demás variables.
B151: Compensación dinámica | C151: Nombre | D151: Nombre de la compensación dinámica. Se sugiere usar el nombre de la subestación a la que se conecta.
...

Sheet 1. Líneas
C3: Información General de Líneas
C4: No. | D4: ='Manual de Uso'!C29 -> Nombre | E4: ='Manual de Uso'!C30 -> Subestación 1 | F4: ='Manual de Uso'!C31 -> Subestación 2 | G4: ='Manual de Uso'!C32 -> Nivel de tensión [kV] | H4: ='Manual de Uso'!C33 -> Longitud [km] | I4: ='Manual de Uso'!C34 -> Capacidad transporte nominal [A] | J4: ='Manual de Uso'!C35 -> Capacidad transporte térmico [A] | K4: ='Manual de Uso'!C36 -> Capacidad transporte emergencia [A] | L4: ='Manual de Uso'!C37 -> Causa límite de capacidad | M4: ='Manual de Uso'!C38 -> R1 [Ohm/km] | N4: ='Manual de Uso'!C39 -> X1 [Ohm/km] | O4: ='Manual de Uso'!C40 -> B1 [uS/km] | P4: ='Manual de Uso'!C41 -> R0 [Ohm/km] | Q4: ='Manual de Uso'!C42 -> X0 [Ohm/km] | R4: ='Manual de Uso'!C43 -> B0 [uS/km] | S4: ='Manual de Uso'!C44 -> Sistema | T4: ='Manual de Uso'!C45 -> Tipo | U4: ='Manual de Uso'!C46 -> En Operación | V4: ='Manual de Uso'!C47 -> FPO | W4: ='Manual de Uso'!C48 -> Conductor | X4: ='Manual de Uso'!C49 -> Tiempo medio de reparación por evento [h] | Y4: ='Manual de Uso'!C50 -> Horas anuales de indisponibilidad [h] | Z4: ='Manual de Uso'!C51 -> Eventos anuales de indisponibilidad | AA4: ='Manual de Uso'!C52 -> Operador | AB4: ='Manual de Uso'!C53 -> Tipo activo Uso/Conexión | AC4: ='Manual de Uso'!C54 -> Observaciones transportador
A6: =VLOOKUP(E6,'[1]Listas Desplegables'!$H$3:$J$7,2,FALSE()) -> #N/A | B6: =VLOOKUP(E6,'[1]Listas Desplegables'!$H$3:$J$7,3,FALSE()) -> #N/A | C6: 1 | D6: Guatiguara - Palenque 2 230 | E6: PT Guatiguara - Palenque 2 | F6: PT B1D1 | G6: 230 | H6: 42.13 | I6: 1017 | J6: 1017 | K6: 1100.394 | L6: Capacidad del Conductor | M6: 0.052000949 | N6: 0.48699976 | O6: 3.4469998 | P6: 0.36 | Q6: 1.5079991 | R6: 2.2120009 | S6: STN | T6: Áerea | U6: Sí | W6: Aluminio | X6: 0 | Y6: 0 | Z6: 0 | AA6: ISA | AB6: Activos de uso de STN
A7: =VLOOKUP(E7,'[1]Listas Desplegables'!$H$3:$J$7,2,FALSE()) -> #N/A | B7: =VLOOKUP(E7,'[1]Listas Desplegables'!$H$3:$J$7,3,FALSE()) -> #N/A | C7: 2 | D7: Palenque - Sogamoso 1 230 | E7: PT B1D3 | F7: PT Sogamoso - Guatiguara 1 220 | G7: 230 | H7: 38.45 | I7: 1017 | J7: 1017 | K7: 1100.394 | L7: Capacidad del Conductor | M7: 0.05190117 | N7: 0.48730039 | O7: 3.4470013 | P7: 0.36170091 | Q7: 1.5126996 | R7: 2.2128999 | S7: STN | T7: Áerea | U7: Sí | W7: Aluminio | X7: 0 | Y7: 0 | Z7: 0 | AA7: ISA | AB7: Activos de uso de STN
A8: =VLOOKUP(E8,'[1]Listas Desplegables'!$H$3:$J$7,2,FALSE()) -> #N/A | B8: =VLOOKUP(E8,'[1]Listas Desplegables'!$H$3:$J$7,3,FALSE()) -> #N/A | C8: 3 | D8: Barbosa - Paipa 2 115 | E8: PT Barbosa - Paipa 2 115 | F8: PT Paipa - Barbosa 2 115 | G8: 115 | H8: 81.378 | I8: 770 | J8: 770 | K8: 980.98 | L8: Capacidad del Conductor | M8: 0.11500037 | N8: 0.39399961 | O8: 3.6529996 | P8: 0.54600015 | Q8: 1.2039999 | R8: 2.1759997 | S8: STR | T8: Áerea | U8: Sí | W8: Aluminio | X8: 0 | Y8: 0 | Z8: 0 | AA8: ESSA | AB8: Activos de uso de STR y SDL
A9: =VLOOKUP(E9,'[1]Listas Desplegables'!$H$3:$J$7,2,FALSE()) -> #N/A | B9: =VLOOKUP(E9,'[1]Listas Desplegables'!$H$3:$J$7,3,FALSE()) -> #N/A | C9: 4 | D9: Ocaña - Sn Alberto 1 115 | E9: PT Ocana - Sn Alberto 1 115 | F9: PT Ocaña - Sn Alberto 1 115 | G9: 115 | H9: 59.9 | I9: 325 | J9: 325 | K9: 530.4 | L9: Capacidad del Conductor | M9: 0.12089983 | N9: 0.48810017 | O9: 3.392601 | P9: 0.44720033 | Q9: 1.6316995 | R9: 1.8938998 | S9: STR | T9: Áerea | U9: Sí | W9: Aluminio | X9: 0 | Y9: 0 | Z9: 0 | AA9: ESSA | AB9: Activos de uso de STR y SDL | AC9: Nombre del activo en la informacion georeferenciada: LINEA 323
A10: =VLOOKUP(E10,'[1]Listas Desplegables'!$H$3:$J$7,2,FALSE()) -> #N/A | B10: =VLOOKUP(E10,'[1]Listas Desplegables'!$H$3:$J$7,3,FALSE()) -> #N/A | C10: 5 | D10: Guatiguara - Palenque 1 230 | E10: PT Guatiguara - Palenque 1 | F10: PT B1D2 | G10: 230 | H10: 42.13 | I10: 1017 | J10: 1017 | K10: 1100.394 | L10: Capacidad del Conductor | M10: 0.052000949 | N10: 0.48699976 | O10: 3.4469998 | P10: 0.36 | Q10: 1.5079991 | R10: 2.2120009 | S10: STN | T10: Áerea | U10: Sí | W10: Aluminio | X10: 0 | Y10: 0 | Z10: 0 | AA10: ISA | AB10: Activos de uso de STN
A11: =VLOOKUP(E11,'[1]Listas Desplegables'!$H$3:$J$7,2,FALSE()) -> #N/A | B11: =VLOOKUP(E11,'[1]Listas Desplegables'!$H$3:$J$7,3,FALSE()) -> #N/A | C11: 6 | D11: Palenque - Sogamoso 2 230 | E11: PT B2D3 | F11: PT Sogamoso - Guatiguara 2 220 | G11: 230 | H11: 38.45 | I11: 1017 | J11: 1017 | K11: 1100.394 | L11: Capacidad del Conductor | M11: 0.05190117 | N11: 0.48730039 | O11: 3.4470013 | P11: 0.36170091 | Q11: 1.5126996 | R11: 2.2128999 | S11: STN | T11: Áerea | U11: Sí | W11: Aluminio | X11: 0 | Y11: 0 | Z11: 0 | AA11: ISA | AB11: Activos de uso de STN
A12: =VLOOKUP(E12,'[1]Listas Desplegables'!$H$3:$J$7,2,FALSE()) -> #N/A | B12: =VLOOKUP(E12,'[1]Listas Desplegables'!$H$3:$J$7,3,FALSE()) -> #N/A | C12: 7 | D12: Barranca - Wilches 2 115 | E12: PT 12 | F12: PT Barranca - Wilches 2 115 | G12: 115 | H12: 34.1 | I12: 500 | J12: 500 | K12: 625 | L12: Capacidad del Conductor | M12: 0.14 | N12: 0.486 | O12: 3.4 | P12: 0.32 | Q12: 1.612 | R12: 1.63 | S12: STR | T12: Áerea | U12: Sí | W12: Aluminio | X12: 0.026666667 | Y12: 0.13333333 | Z12: 5 | AA12: ESSA | AB12: Activos de uso de STR y SDL | AC12: Nombre del activo en la informacion georeferenciada: LINEA 322
A13: =VLOOKUP(E13,'[1]Listas Desplegables'!$H$3:$J$7,2,FALSE()) -> #N/A | B13: =VLOOKUP(E13,'[1]Listas Desplegables'!$H$3:$J$7,3,FALSE()) -> #N/A | C13: 8 | D13: Los Palos - Principal 1 115 | E13: PT Florida - Los Palos 1 115 | F13: PT Los Palos 115 | G13: 115 | H13: 3.977 | I13: 592 | J13: 592 | K13: 599.696 | L13: Capacidad del Conductor | M13: 0.13930098 | N13: 0.48139301 | O13: 3.432688 | P13: 0.58918783 | Q13: 1.2721901 | R13: 2.3103093 | S13: STR | T13: Áerea | U13: Sí | W13: Aluminio | X13: 0.35 | Y13: 0.35 | Z13: 1 | AA13: ESSA | AB13: Activos de uso de STR y SDL | AC13: Nombre del activo en la informacion georeferenciada:LINEA 415
A14: =VLOOKUP(E14,'[1]Listas Desplegables'!$H$3:$J$7,2,FALSE()) -> #N/A | B14: =VLOOKUP(E14,'[1]Listas Desplegables'!$H$3:$J$7,3,FALSE()) -> #N/A | C14: 9 | D14: LN 472 BUENOS AIRES - LOAD 472 34.5 | E14: Buenos Aires 34.5 | F14: Nodo 472.1 | G14: 34.5 | H14: 2.7 | I14: 458 | J14: 458 | K14: 458 | L14: Capacidad del Conductor | M14: 0.20959259 | N14: 0.37885185 | O14: 4.4143333 | P14: 0.54448148 | Q14: 1.8570741 | R14: 1.7218889 | S14: SDL | T14: Áerea | U14: Sí | W14: 3F_35_ACSR_266_AIRE | X14: 1.9938426 | Y14: 11.963056 | Z14: 6 | AA14: ESSA | AB14: Activos de uso de STR y SDL | AC14: Nombre del activo en la informacion georeferenciada: LINEA 472
A15: =VLOOKUP(E15,'[1]Listas Desplegables'!$H$3:$J$7,2,FALSE()) -> #N/A | B15: =VLOOKUP(E15,'[1]Listas Desplegables'!$H$3:$J$7,3,FALSE()) -> #N/A | C15: 10 | D15: LN 462 BUENAVISTA - Bypass 460-462 | E15: Buenavista 34.5 | F15: Nodo Bypass 462-460 | G15: 34.5 | H15: 5.23 | I15: 465 | J15: 418.965 | K15: 465 | L15: Protecciones | M15: 0.090879541 | N15: 0.13780115 | O15: 95.32369 | P15: 0.14449331 | Q15: 0.35 | R15: 95.32369 | S15: SDL | T15: Áerea | U15: Sí | W15: 3F_35_CU_500_XLPE | X15: 0 | Y15: 0 | Z15: 0 | AA15: ESSA | AB15: Activos de uso de STR y SDL
A16: =VLOOKUP(E16,'[1]Listas Desplegables'!$H$3:$J$7,2,FALSE()) -> #N/A | B16: =VLOOKUP(E16,'[1]Listas Desplegables'!$H$3:$J$7,3,FALSE()) -> #N/A | C16: 11 | D16: LN 460 LOAD 460 - Bypass 460-462 | E16: Nodo Bypass 460-462 | F16: Nodo 460.2 | G16: 34.5 | H16: 1.38 | I16: 458 | J16: 458 | K16: 458 | L16: Capacidad del Conductor | M16: 0.20963768 | N16: 0.37884058 | O16: 4.4143478 | P16: 0.54449275 | Q16: 1.8571014 | R16: 1.7218841 | S16: SDL | T16: Áerea | U16: Sí | W16: 3F_35_ACSR_266_AIRE | X16: 0 | Y16: 0 | Z16: 0 | AA16: ESSA | AB16: Activos de uso de STR y SDL
A17: =VLOOKUP(E17,'[1]Listas Desplegables'!$H$3:$J$7,2,FALSE()) -> #N/A | B17: =VLOOKUP(E17,'[1]Listas Desplegables'!$H$3:$J$7,3,FALSE()) -> #N/A | C17: 12 | D17: LN 476 MSol - Acuarela | E17: Mesa del Sol 34.5 | F17: Acuarela 34.5 | G17: 34.5 | H17: 10.77 | I17: 458 | J17: 458 | K17: 458 | L17: Capacidad del Conductor | M17: 0.20961003 | N17: 0.37883937 | O17: 4.4143361 | P17: 0.54450325 | Q17: 1.8570845 | R17: 1.7219034 | S17: SDL | T17: Áerea | U17: Sí | W17: 3F_35_ACSR_266_AIRE | X17: 0 | Y17: 0 | Z17: 0 | AA17: ESSA | AB17: Activos de uso de STR y SDL
A18: =VLOOKUP(E18,'[1]Listas Desplegables'!$H$3:$J$7,2,FALSE()) -> #N/A | B18: =VLOOKUP(E18,'[1]Listas Desplegables'!$H$3:$J$7,3,FALSE()) -> #N/A | C18: 13 | D18: LN 417 Palos - Rionegro 34.5 | E18: Palos 34.5 | F18: Nodo 417.1 | G18: 34.5 | H18: 0.09 | I18: 458 | J18: 458 | K18: 458 | L18: Capacidad del Conductor | M18: 0.21 | N18: 0.37888889 | O18: 4.4144444 | P18: 0.54444444 | Q18: 1.8566667 | R18: 1.7222222 | S18: SDL | T18: Áerea | U18: Sí | W18: 3F_35_ACSR_266_AIRE | X18: 0 | Y18: 0 | Z18: 0 | AA18: ESSA | AB18: Activos de uso de STR y SDL
A19: =VLOOKUP(E19,'[1]Listas Desplegables'!$H$3:$J$7,2,FALSE()) -> #N/A | B19: =VLOOKUP(E19,'[1]Listas Desplegables'!$H$3:$J$7,3,FALSE()) -> #N/A | C19: 14 | D19: LN 462 BUENOS AIRES - Bypass 460-462 | E19: Nodo Bypass 462-460 | F19: Buenos Aires 34.5 | G19: 34.5 | H19: 0.0186 | I19: 465 | J19: 465 | K19: 465 | L19: Capacidad del Conductor | M19: 0.091397849 | N19: 0.13978495 | O19: 95.322581 | P19: 0.14516129 | Q19: 0.34946237 | R19: 95.322581 | S19: SDL | T19: Áerea | U19: Sí | W19: 3F_35_CU_500_XLPE | X19: 0 | Y19: 0 | Z19: 0 | AA19: ESSA | AB19: Activos de uso de STR y SDL
A20: =VLOOKUP(E20,'[1]Listas Desplegables'!$H$3:$J$7,2,FALSE()) -> #N/A | B20: =VLOOKUP(E20,'[1]Listas Desplegables'!$H$3:$J$7,3,FALSE()) -> #N/A | C20: 15 | D20: LN 459 MSol - Acuarela | E20: Mesa del Sol 34.5 | F20: Acuarela 34.5 | G20: 34.5 | H20: 10.77 | I20: 458 | J20: 458 | K20: 458 | L20: Capacidad del Conductor | M20: 0.20961003 | N20: 0.37883937 | O20: 4.4143361 | P20: 0.54450325 | Q20: 1.8570845 | R20: 1.7219034 | S20: SDL | T20: Áerea | U20: Sí | W20: 3F_35_ACSR_266_AIRE | X20: 0 | Y20: 0 | Z20: 0 | AA20: ESSA | AB20: Activos de uso de STR y SDL
A21: =VLOOKUP(E21,'[1]Listas Desplegables'!$H$3:$J$7,2,FALSE()) -> #N/A | B21: =VLOOKUP(E21,'[1]Listas Desplegables'!$H$3:$J$7,3,FALSE()) -> #N/A | C21: 16 | D21: LN 406 PALENQUE - SUP 408 34.5 | E21: Palenque 1 34.5 | F21: 406.1 | G21: 34.5 | H21: 0.051 | I21: 465 | J21: 367.815 | K21: 465 | L21: Protecciones | M21: 0.045098039 | N21: 0.068627451 | O21: 190.64706 | P21: 0.07254902 | Q21: 0.1745098 | R21: 190.64706 | S21: SDL | T21: Áerea | U21: Sí | W21: 3F_35_CU_500_XLPE | X21: 8.5647222 | Y21: 8.5647222 | Z21: 1 | AA21: ESSA | AB21: Activos de uso de STR y SDL | AC21: Nombre del activo en la informacion georeferenciada: LINEA 406
A22: =VLOOKUP(E22,'[1]Listas Desplegables'!$H$3:$J$7,2,FALSE()) -> #N/A | B22: =VLOOKUP(E22,'[1]Listas Desplegables'!$H$3:$J$7,3,FALSE()) -> #N/A | C22: 17 | D22: LN 428 PALENQUE - LEBRIJA SUP 409 34.5 | E22: Nodo 428.1 | F22: Palenque 2 34.5 | G22: 34.5 | H22: 0.102 | I22: 465 | J22: 272.025 | K22: 465 | L22: Protecciones | M22: 0.045098039 | N22: 0.068627451 | O22: 190.64706 | P22: 0.07254902 | Q22: 0.1745098 | R22: 190.64706 | S22: SDL | T22: Áerea | U22: Sí | W22: 3F_35_CU_500_XLPE | X22: 0 | Y22: 0 | Z22: 0 | AA22: ESSA | AB22: Activos de uso de STR y SDL
A23: =VLOOKUP(E23,'[1]Listas Desplegables'!$H$3:$J$7,2,FALSE()) -> #N/A | B23: =VLOOKUP(E23,'[1]Listas Desplegables'!$H$3:$J$7,3,FALSE()) -> #N/A | C23: 18 | D23: LN 438 REC CANTALTA - ZAPATOCA 34.5 | E23: Nodo 438 Zapatoca 34.5 | F23: Zapatoca 34.5 | G23: 34.5 | H23: 0.032 | I23: 458 | J23: 458 | K23: 458 | L23: Capacidad del Conductor | M23: 0.209375 | N23: 0.378125 | O23: 4.415625 | P23: 0.54375 | Q23: 1.85625 | R23: 1.721875 | S23: SDL | T23: Áerea | U23: Sí | W23: 3F_35_ACSR_266_AIRE | X23: 0.59015185 | Y23: 44.261389 | Z23: 75 | AA23: ESSA | AB23: Activos de uso de STR y SDL | AC23: Nombre del activo en la informacion georeferenciada: LINEA 438
A24: =VLOOKUP(E24,'[1]Listas Desplegables'!$H$3:$J$7,2,FALSE()) -> #N/A | B24: =VLOOKUP(E24,'[1]Listas Desplegables'!$H$3:$J$7,3,FALSE()) -> #N/A | C24: 19 | D24: LN 449 DER 467 - LA FERIA 34.5 | E24: Nodo 449 Feria | F24: Nodo 449 - SUPLENCIA 451 | G24: 34.5 | H24: 0.22 | I24: 458 | J24: 449.756 | K24: 458 | L24: Protecciones | M24: 0.20954545 | N24: 0.37863636 | O24: 4.4145455 | P24: 0.54454545 | Q24: 1.8572727 | R24: 1.7218182 | S24: SDL | T24: Áerea | U24: Sí | W24: 3F_35_ACSR_266_AIRE | X24: 1.4142105 | Y24: 53.74 | Z24: 38 | AA24: ESSA | AB24: Activos de uso de STR y SDL | AC24: Nombre del activo en la informacion georeferenciada: LINEA 449
A25: =VLOOKUP(E25,'[1]Listas Desplegables'!$H$3:$J$7,2,FALSE()) -> #N/A | B25: =VLOOKUP(E25,'[1]Listas Desplegables'!$H$3:$J$7,3,FALSE()) -> #N/A | C25: 20 | D25: LN 410 PALENQUE - SUP 409 34.5 | E25: Nodo 410 Sup 409 | F25: Palenque 1 34.5 | G25: 34.5 | H25: 0.088 | I25: 465 | J25: 272.025 | K25: 465 | L25: Protecciones | M25: 0.045454545 | N25: 0.069318182 | O25: 190.64773 | P25: 0.072727273 | Q25: 0.175 | R25: 190.64773 | S25: SDL | T25: Áerea | U25: Sí | W25: 3F_35_CU_500_XLPE | X25: 1.4082287 | Y25: 97.167778 | Z25: 69 | AA25: ESSA | AB25: Activos de uso de STR y SDL | AC25: Nombre del activo en la informacion georeferenciada: LINEA 410
A26: =VLOOKUP(E26,'[1]Listas Desplegables'!$H$3:$J$7,2,FALSE()) -> #N/A | B26: =VLOOKUP(E26,'[1]Listas Desplegables'!$H$3:$J$7,3,FALSE()) -> #N/A | C26: 21 | D26: LN 419 ZAPATOCA - NODO 419 34.5 | E26: Nodo 419 Zapatoca 34.5 | F26: Zapatoca 34.5 | G26: 34.5 | H26: 0.032 | I26: 458 | J26: 458 | K26: 458 | L26: Capacidad del Conductor | M26: 0.209375 | N26: 0.378125 | O26: 4.415625 | P26: 0.54375 | Q26: 1.85625 | R26: 1.721875 | S26: SDL | T26: Áerea | U26: Sí | W26: 3F_35_ACSR_266_AIRE | X26: 0.56840038 | Y26: 16.483611 | Z26: 29 | AA26: ESSA | AB26: Activos de uso de STR y SDL | AC26: Nombre del activo en la informacion georeferenciada: LINEA 419
A27: =VLOOKUP(E27,'[1]Listas Desplegables'!$H$3:$J$7,2,FALSE()) -> #N/A | B27: =VLOOKUP(E27,'[1]Listas Desplegables'!$H$3:$J$7,3,FALSE()) -> #N/A | C27: 22 | D27: LN 426 Conuco - Lod 426 34.5_a | E27: Nodo 426.4 | F27: Conuco 34.5 | G27: 34.5 | H27: 3.1947 | I27: 458 | J27: 458 | K27: 458 | L27: Capacidad del Conductor | M27: 0.20959715 | N27: 0.37884621 | O27: 4.4143425 | P27: 0.54449557 | Q27: 1.8570758 | R27: 1.7219144 | S27: SDL | T27: Áerea | U27: Sí | W27: 3F_35_ACSR_266_AIRE | X27: 0 | Y27: 0 | Z27: 0 | AA27: ESSA | AB27: Activos de uso de STR y SDL
A28: =VLOOKUP(E28,'[1]Listas Desplegables'!$H$3:$J$7,2,FALSE()) -> #N/A | B28: =VLOOKUP(E28,'[1]Listas Desplegables'!$H$3:$J$7,3,FALSE()) -> #N/A | C28: 23 | D28: LN L4110 NODO 4110 - SUPLECNIA 439 34.5 | E28: Nodo 4110 Suplencia 439 | F28: Nodo Load 4110 | G28: 34.5 | H28: 0.42 | I28: 458 | J28: 458 | K28: 458 | L28: Capacidad del Conductor | M28: 0.20952381 | N28: 0.37880952 | O28: 4.4142857 | P28: 0.54452381 | Q28: 1.8571429 | R28: 1.7219048 | S28: SDL | T28: Áerea | U28: Sí | W28: 3F_35_ACSR_266_AIRE | X28: 0 | Y28: 0 | Z28: 0 | AA28: ESSA | AB28: Activos de uso de STR y SDL | AC28: 0
A29: =VLOOKUP(E29,'[1]Listas Desplegables'!$H$3:$J$7,2,FALSE()) -> #N/A | B29: =VLOOKUP(E29,'[1]Listas Desplegables'!$H$3:$J$7,3,FALSE()) -> #N/A | C29: 24 | D29: LN 407 Palenque - Lod 407 34.5 | E29: 407.1 | F29: Palenque 2 34.5 | G29: 34.5 | H29: 0.051 | I29: 465 | J29: 252.03 | K29: 465 | L29: Protecciones | M29: 0.045098039 | N29: 0.068627451 | O29: 190.64706 | P29: 0.07254902 | Q29: 0.1745098 | R29: 190.64706 | S29: SDL | T29: Áerea | U29: Sí | W29: 3F_35_CU_500_XLPE | X29: 0 | Y29: 0 | Z29: 0 | AA29: ESSA | AB29: Activos de uso de STR y SDL
A30: =VLOOKUP(E30,'[1]Listas Desplegables'!$H$3:$J$7,2,FALSE()) -> #N/A | B30: =VLOOKUP(E30,'[1]Listas Desplegables'!$H$3:$J$7,3,FALSE()) -> #N/A | C30: 25 | D30: LN 407 hacia Sup 408 | E30: 407.1 | F30: 407.5 | G30: 34.5 | H30: 0.005 | I30: 465 | J30: 465 | K30: 465 | L30: Capacidad del Conductor | M30: 0.1 | N30: 0.14 | O30: 95.32 | P30: 0.14 | Q30: 0.34 | R30: 95.32 | S30: SDL | T30: Áerea | U30: Sí | W30: 3F_35_CU_500_XLPE | X30: 0 | Y30: 0 | Z30: 0 | AA30: ESSA | AB30: Activos de uso de STR y SDL
A31: =VLOOKUP(E31,'[1]Listas Desplegables'!$H$3:$J$7,2,FALSE()) -> #N/A | B31: =VLOOKUP(E31,'[1]Listas Desplegables'!$H$3:$J$7,3,FALSE()) -> #N/A | C31: 26 | D31: LN 432 SAN MARTIN - SAN ROQUE 34.5 | E31: San Martin 34.5 | F31: San Roque 34.5 | G31: 34.5 | H31: 7.98 | I31: 458 | J31: 458 | K31: 458 | L31: Capacidad del Conductor | M31: 0.20961153 | N31: 0.37883459 | O31: 4.4143358 | P31: 0.54449875 | Q31: 1.8570927 | R31: 1.7219048 | S31: SDL | T31: Áerea | U31: Sí | W31: 3F_35_ACSR_266_AIRE | X31: 0 | Y31: 0 | Z31: 0 | AA31: ESSA | AB31: Activos de uso de STR y SDL | AC31: 0
A32: =VLOOKUP(E32,'[1]Listas Desplegables'!$H$3:$J$7,2,FALSE()) -> #N/A | B32: =VLOOKUP(E32,'[1]Listas Desplegables'!$H$3:$J$7,3,FALSE()) -> #N/A | C32: 27 | D32: LN 405 PALENQUE - R.MINAS 34.5 | E32: Palenque 1 34.5 | F32: Realminas 34.5 | G32: 34.5 | H32: 4.85 | I32: 458 | J32: 458 | K32: 458 | L32: Capacidad del Conductor | M32: 0.20960825 | N32: 0.37884536 | O32: 4.4143299 | P32: 0.54449485 | Q32: 1.8570928 | R32: 1.7218969 | S32: SDL | T32: Áerea | U32: Sí | W32: 3F_35_ACSR_266_AIRE | X32: 0 | Y32: 0 | Z32: 0 | AA32: ESSA | AB32: Activos de uso de STR y SDL | AC32: Nombre del activo en la informacion georeferenciada: LINEA 405
A33: =VLOOKUP(E33,'[1]Listas Desplegables'!$H$3:$J$7,2,FALSE()) -> #N/A | B33: =VLOOKUP(E33,'[1]Listas Desplegables'!$H$3:$J$7,3,FALSE()) -> #N/A | C33: 28 | D33: LN 431 SAN ALBERTO - SAN MARTIN 34.5 | E33: Nodo 431 Load | F33: Nodo 431 SUP 430 | G33: 34.5 | H33: 15.525 | I33: 458 | J33: 399.834 | K33: 458 | L33: Protecciones | M33: 0.20961031 | N33: 0.37884058 | O33: 4.4143317 | P33: 0.54450242 | Q33: 1.8570886 | R33: 1.7219002 | S33: SDL | T33: Áerea | U33: Sí | W33: 3F_35_ACSR_266_AIRE | X33: 1.120678 | Y33: 66.12 | Z33: 59 | AA33: ESSA | AB33: Activos de uso de STR y SDL | AC33: Nombre del activo en la informacion georeferenciada: LINEA 431
A34: =VLOOKUP(E34,'[1]Listas Desplegables'!$H$3:$J$7,2,FALSE()) -> #N/A | B34: =VLOOKUP(E34,'[1]Listas Desplegables'!$H$3:$J$7,3,FALSE()) -> #N/A | C34: 29 | D34: LN 439 NODO 439 - SUPLENCIA 4110 34.5 | E34: Nodo 439 Suplencia 4110 | F34: Nodo 439 | G34: 34.5 | H34: 1 | I34: 458 | J34: 458 | K34: 458 | L34: Capacidad del Conductor | M34: 0.2096 | N34: 0.3788 | O34: 4.4143 | P34: 0.5445 | Q34: 1.8571 | R34: 1.7219 | S34: SDL | T34: Áerea | U34: Sí | W34: 3F_35_ACSR_266_AIRE | X34: 0.35545455 | Y34: 15.64 | Z34: 44 | AA34: ESSA | AB34: Activos de uso de STR y SDL | AC34: Nombre del activo en la informacion georeferenciada: LINEA 439
A35: =VLOOKUP(E35,'[1]Listas Desplegables'!$H$3:$J$7,2,FALSE()) -> #N/A | B35: =VLOOKUP(E35,'[1]Listas Desplegables'!$H$3:$J$7,3,FALSE()) -> #N/A | C35: 30 | D35: LN 409 PALENQUE - SUP 428 34.5 | E35: Nodo 409.6 - 428 | F35: Nodo 409 Sup 410 | G35: 34.5 | H35: 1.84 | I35: 458 | J35: 458 | K35: 458 | L35: Capacidad del Conductor | M35: 0.20961957 | N35: 0.3788587 | O35: 4.4143478 | P35: 0.54451087 | Q35: 1.8570652 | R35: 1.7219022 | S35: SDL | T35: Áerea | U35: Sí | W35: 3F_35_ACSR_266_AIRE | X35: 0.90707627 | Y35: 107.035 | Z35: 118 | AA35: ESSA | AB35: Activos de uso de STR y SDL | AC35: Nombre del activo en la informacion georeferenciada: LINEA 409
A36: =VLOOKUP(E36,'[1]Listas Desplegables'!$H$3:$J$7,2,FALSE()) -> #N/A | B36: =VLOOKUP(E36,'[1]Listas Desplegables'!$H$3:$J$7,3,FALSE()) -> #N/A | C36: 31 | D36: LN 432 LOS ANGELES - AGROINCE 34.5 | E36: Los Angeles 34.5 | F36: AGROINCE 34.5 | G36: 34.5 | H36: 6.98 | I36: 355 | J36: 355 | K36: 355 | L36: Capacidad del Conductor | M36: 0.26161891 | N36: 0.40604585 | O36: 4.2960888 | P36: 0.59651862 | Q36: 1.884298 | R36: 1.703639 | S36: SDL | T36: Áerea | U36: Sí | W36: 3F_35_ACSR_4/0_AIRE | X36: 0 | Y36: 0 | Z36: 0 | AA36: ESSA | AB36: Activos de uso de STR y SDL | AC36: 0
A37: =VLOOKUP(E37,'[1]Listas Desplegables'!$H$3:$J$7,2,FALSE()) -> #N/A | B37: =VLOOKUP(E37,'[1]Listas Desplegables'!$H$3:$J$7,3,FALSE()) -> #N/A | C37: 32 | D37: LN 408 hacia SUP 406 | E37: Nodo Load 408.2 | F37: 408.4 | G37: 34.5 | H37: 0.005 | I37: 458 | J37: 458 | K37: 458 | L37: Capacidad del Conductor | M37: 0.2 | N37: 0.38 | O37: 4.42 | P37: 0.54 | Q37: 1.86 | R37: 1.72 | S37: SDL | T37: Áerea | U37: Sí | W37: 3F_35_ACSR_266_AIRE | X37: 0 | Y37: 0 | Z37: 0 | AA37: ESSA | AB37: Activos de uso de STR y SDL
A38: =VLOOKUP(E38,'[1]Listas Desplegables'!$H$3:$J$7,2,FALSE()) -> #N/A | B38: =VLOOKUP(E38,'[1]Listas Desplegables'!$H$3:$J$7,3,FALSE()) -> #N/A | C38: 33 | D38: LN 416 Palos - Sup 417 | E38: Palos 34.5 | F38: Nodo 416.1 | G38: 34.5 | H38: 0.07 | I38: 458 | J38: 399.834 | K38: 458 | L38: Protecciones | M38: 0.21 | N38: 0.37857143 | O38: 4.4142857 | P38: 0.54428571 | Q38: 1.8571429 | R38: 1.7214286 | S38: SDL | T38: Áerea | U38: Sí | W38: 3F_35_ACSR_266_AIRE | X38: 0 | Y38: 0 | Z38: 0 | AA38: ESSA | AB38: Activos de uso de STR y SDL
A39: =VLOOKUP(E39,'[1]Listas Desplegables'!$H$3:$J$7,2,FALSE()) -> #N/A | B39: =VLOOKUP(E39,'[1]Listas Desplegables'!$H$3:$J$7,3,FALSE()) -> #N/A | C39: 34 | D39: LN 408 hacia Sup 407 | E39: 408.3 | F39: 408.4 | G39: 34.5 | H39: 0.005 | I39: 640 | J39: 640 | K39: 640 | L39: Capacidad del Conductor | M39: 0.04 | N39: 0.12 | O39: 0 | P39: 0.08 | Q39: 0.32 | R39: 0 | S39: SDL | T39: Áerea | U39: Sí | W39: 3F_35_CU_1000_XLPE | X39: 0 | Y39: 0 | Z39: 0 | AA39: ESSA | AB39: Activos de uso de STR y SDL
A40: =VLOOKUP(E40,'[1]Listas Desplegables'!$H$3:$J$7,2,FALSE()) -> #N/A | B40: =VLOOKUP(E40,'[1]Listas Desplegables'!$H$3:$J$7,3,FALSE()) -> #N/A | C40: 35 | D40: Línea 430 Cachira - Limites 34.5 kV | E40: Nodo 430.4 Cachira | F40: Nodo 430.5 Limites | G40: 34.5 | H40: 3.6 | I40: 458 | J40: 192.36 | K40: 458 | L40: Protecciones | M40: 0.20961111 | N40: 0.37883333 | O40: 4.4143333 | P40: 0.5445 | Q40: 1.8570833 | R40: 1.7219167 | S40: SDL | T40: Áerea | U40: Sí | W40: 3F_35_ACSR_266_AIRE | X40: 0 | Y40: 0 | Z40: 0 | AA40: ESSA | AB40: Activos de uso de STR y SDL
A41: =VLOOKUP(E41,'[1]Listas Desplegables'!$H$3:$J$7,2,FALSE()) -> #N/A | B41: =VLOOKUP(E41,'[1]Listas Desplegables'!$H$3:$J$7,3,FALSE()) -> #N/A | C41: 36 | D41: Linea 447 Condor | E41: Condor 3 34.5 | F41: Condor 34.5 | G41: 34.5 | H41: 0.2 | I41: 767 | J41: 767 | K41: 767 | L41: Capacidad del Conductor | M41: 0.114 | N41: 0.429 | O41: 6.563 | P41: 0.531 | Q41: 1.492 | R41: 3.496 | S41: SDL | T41: Áerea | U41: Sí | W41: Aluminio | X41: 0 | Y41: 0 | Z41: 0 | AA41: ESSA | AB41: Activos de uso de STR y SDL
A42: =VLOOKUP(E42,'[1]Listas Desplegables'!$H$3:$J$7,2,FALSE()) -> #N/A | B42: =VLOOKUP(E42,'[1]Listas Desplegables'!$H$3:$J$7,3,FALSE()) -> #N/A | C42: 37 | D42: LN 443 SUPLENCIA 421 - S CRISTOBAL 34.5 | E42: Nodo 443.1 | F42: San Cristobal 34.5 | G42: 34.5 | H42: 1.39 | I42: 458 | J42: 458 | K42: 458 | L42: Capacidad del Conductor | M42: 0.20964029 | N42: 0.37884892 | O42: 4.4143165 | P42: 0.54453237 | Q42: 1.8571223 | R42: 1.7218705 | S42: SDL | T42: Áerea | U42: Sí | W42: 3F_35_ACSR_266_AIRE | X42: 1.2410703 | Y42: 84.392778 | Z42: 68 | AA42: ESSA | AB42: Activos de uso de STR y SDL | AC42: Nombre del activo en la informacion georeferenciada: LINEA 443
A43: =VLOOKUP(E43,'[1]Listas Desplegables'!$H$3:$J$7,2,FALSE()) -> #N/A | B43: =VLOOKUP(E43,'[1]Listas Desplegables'!$H$3:$J$7,3,FALSE()) -> #N/A | C43: 38 | D43: LN 449 Nodo La Feria - La Feria 34.5 | E43: Feria 34.5 | F43: Nodo 449 Feria | G43: 34.5 | H43: 0.124 | I43: 355 | J43: 355 | K43: 355 | L43: Capacidad del Conductor | M43: 0.26129032 | N43: 0.40564516 | O43: 4.2959677 | P43: 0.59677419 | Q43: 1.8846774 | R43: 1.7040323 | S43: SDL | T43: Áerea | U43: Sí | W43: 3F_35_ACSR_4/0_AIRE | X43: 1.4142105 | Y43: 53.74 | Z43: 38 | AA43: ESSA | AB43: Activos de uso de STR y SDL | AC43: Nombre del activo en la informacion georeferenciada: LINEA 449
A44: =VLOOKUP(E44,'[1]Listas Desplegables'!$H$3:$J$7,2,FALSE()) -> #N/A | B44: =VLOOKUP(E44,'[1]Listas Desplegables'!$H$3:$J$7,3,FALSE()) -> #N/A | C44: 39 | D44: LN 426 LOAD 426 - LOAD 409 34.5_a | E44: Nodo 426.3 | F44: Nodo 426.2 | G44: 34.5 | H44: 4.2764 | I44: 458 | J44: 458 | K44: 458 | L44: Capacidad del Conductor | M44: 0.20961556 | N44: 0.37884669 | O44: 4.4143672 | P44: 0.54450005 | Q44: 1.8570994 | R44: 1.7219156 | S44: SDL | T44: Áerea | U44: Sí | W44: 3F_35_ACSR_266_AIRE | X44: 0 | Y44: 0 | Z44: 0 | AA44: ESSA | AB44: Activos de uso de STR y SDL
A45: =VLOOKUP(E45,'[1]Listas Desplegables'!$H$3:$J$7,2,FALSE()) -> #N/A | B45: =VLOOKUP(E45,'[1]Listas Desplegables'!$H$3:$J$7,3,FALSE()) -> #N/A | C45: 40 | D45: LN 443 hacía Acuarela | E45: Nodo Acuarela 34.5 | F45: Acuarela 34.5 | G45: 34.5 | H45: 1.05 | I45: 458 | J45: 458 | K45: 458 | L45: Capacidad del Conductor | M45: 0.20961905 | N45: 0.37885714 | O45: 4.414381 | P45: 0.54447619 | Q45: 1.8570476 | R45: 1.7219048 | S45: SDL | T45: Áerea | U45: Sí | W45: 3F_35_ACSR_266_AIRE | X45: 0 | Y45: 0 | Z45: 0 | AA45: ESSA | AB45: Activos de uso de STR y SDL
A46: =VLOOKUP(E46,'[1]Listas Desplegables'!$H$3:$J$7,2,FALSE()) -> #N/A | B46: =VLOOKUP(E46,'[1]Listas Desplegables'!$H$3:$J$7,3,FALSE()) -> #N/A | C46: 41 | D46: LN 406 hacia Sup 408 | E46: 406.2 | F46: 406.1 | G46: 34.5 | H46: 0.005 | I46: 465 | J46: 465 | K46: 465 | L46: Capacidad del Conductor | M46: 0.1 | N46: 0.14 | O46: 95.32 | P46: 0.14 | Q46: 0.34 | R46: 95.32 | S46: SDL | T46: Áerea | U46: Sí | W46: 3F_35_CU_500_XLPE | X46: 0 | Y46: 0 | Z46: 0 | AA46: ESSA | AB46: Activos de uso de STR y SDL
A47: =VLOOKUP(E47,'[1]Listas Desplegables'!$H$3:$J$7,2,FALSE()) -> #N/A | B47: =VLOOKUP(E47,'[1]Listas Desplegables'!$H$3:$J$7,3,FALSE()) -> #N/A | C47: 42 | D47: LN 409 PALENQUE - SUP 410 34.5 | E47: Nodo 409 Sup 410 | F47: Palenque 1 34.5 | G47: 34.5 | H47: 0.079 | I47: 465 | J47: 272.025 | K47: 465 | L47: Protecciones | M47: 0.04556962 | N47: 0.06835443 | O47: 190.64684 | P47: 0.072151899 | Q47: 0.17468354 | R47: 190.64684 | S47: SDL | T47: Áerea | U47: Sí | W47: 3F_35_CU_500_XLPE | X47: 0.90707627 | Y47: 107.035 | Z47: 118 | AA47: ESSA | AB47: Activos de uso de STR y SDL | AC47: Nombre del activo en la informacion georeferenciada: LINEA 409
A48: =VLOOKUP(E48,'[1]Listas Desplegables'!$H$3:$J$7,2,FALSE()) -> #N/A | B48: =VLOOKUP(E48,'[1]Listas Desplegables'!$H$3:$J$7,3,FALSE()) -> #N/A | C48: 43 | D48: LN 430 LA ESPERANZA - Cachira 34.5 | E48: Nodo 430.4 Cachira | F48: Nodo 430.3 | G48: 34.5 | H48: 7.72 | I48: 458 | J48: 190.986 | K48: 458 | L48: Protecciones | M48: 0.2096114 | N48: 0.3788342 | O48: 4.4143394 | P48: 0.54449482 | Q48: 1.8570855 | R48: 1.7219041 | S48: SDL | T48: Áerea | U48: Sí | W48: 3F_35_ACSR_266_AIRE | X48: 0 | Y48: 0 | Z48: 0 | AA48: ESSA | AB48: Activos de uso de STR y SDL
A49: =VLOOKUP(E49,'[1]Listas Desplegables'!$H$3:$J$7,2,FALSE()) -> #N/A | B49: =VLOOKUP(E49,'[1]Listas Desplegables'!$H$3:$J$7,3,FALSE()) -> #N/A | C49: 44 | D49: LN 442 CONUCOS - CACIQUE | E49: Conuco 34.5 | F49: Nodo 442.1 | G49: 34.5 | H49: 0.45 | I49: 465 | J49: 465 | K49: 465 | L49: Capacidad del Conductor | M49: 0.090888889 | N49: 0.13777778 | O49: 95.323778 | P49: 0.14444444 | Q49: 0.35 | R49: 95.323778 | S49: SDL | T49: Áerea | U49: Sí | W49: 3F_35_CU_500_XLPE | X49: 0 | Y49: 0 | Z49: 0 | AA49: ESSA | AB49: Activos de uso de STR y SDL
A50: =VLOOKUP(E50,'[1]Listas Desplegables'!$H$3:$J$7,2,FALSE()) -> #N/A | B50: =VLOOKUP(E50,'[1]Listas Desplegables'!$H$3:$J$7,3,FALSE()) -> #N/A | C50: 45 | D50: LN 432 SAN ROQUE - TISQUIRAMA 34.5 | E50: San Roque 34.5 | F50: Tisquirama 34.5 | G50: 34.5 | H50: 6.46 | I50: 458 | J50: 458 | K50: 458 | L50: Capacidad del Conductor | M50: 0.209613 | N50: 0.37883901 | O50: 4.4143344 | P50: 0.54450464 | Q50: 1.8570898 | R50: 1.721904 | S50: SDL | T50: Áerea | U50: Sí | W50: 3F_35_ACSR_266_AIRE | X50: 0 | Y50: 0 | Z50: 0 | AA50: ESSA | AB50: Activos de uso de STR y SDL | AC50: 0
A51: =VLOOKUP(E51,'[1]Listas Desplegables'!$H$3:$J$7,2,FALSE()) -> #N/A | B51: =VLOOKUP(E51,'[1]Listas Desplegables'!$H$3:$J$7,3,FALSE()) -> #N/A | C51: 46 | D51: LN 432 TISQUIRAMA - LOS ANGELES 34.5 | E51: Tisquirama 34.5 | F51: Los Angeles 34.5 | G51: 34.5 | H51: 4.51 | I51: 458 | J51: 458 | K51: 458 | L51: Capacidad del Conductor | M51: 0.20960089 | N51: 0.37884701 | O51: 4.4143237 | P51: 0.54450111 | Q51: 1.8570953 | R51: 1.7219069 | S51: SDL | T51: Áerea | U51: Sí | W51: 3F_35_ACSR_266_AIRE | X51: 0 | Y51: 0 | Z51: 0 | AA51: ESSA | AB51: Activos de uso de STR y SDL | AC51: 0
A52: =VLOOKUP(E52,'[1]Listas Desplegables'!$H$3:$J$7,2,FALSE()) -> #N/A | B52: =VLOOKUP(E52,'[1]Listas Desplegables'!$H$3:$J$7,3,FALSE()) -> #N/A | C52: 47 | D52: LN 422 LOAD 422 - LA GRANJA 34.5 | E52: Nodo 422 LOAD | F52: Granja 34.5 | G52: 34.5 | H52: 0.46 | I52: 458 | J52: 458 | K52: 458 | L52: Capacidad del Conductor | M52: 0.20956522 | N52: 0.37891304 | O52: 4.4143478 | P52: 0.54456522 | Q52: 1.8571739 | R52: 1.7219565 | S52: SDL | T52: Áerea | U52: Sí | W52: 3F_35_ACSR_266_AIRE | X52: 1.4971181 | Y52: 11.976944 | Z52: 8 | AA52: ESSA | AB52: Activos de uso de STR y SDL | AC52: Nombre del activo en la informacion georeferenciada: LINEA 422
A53: =VLOOKUP(E53,'[1]Listas Desplegables'!$H$3:$J$7,2,FALSE()) -> #N/A | B53: =VLOOKUP(E53,'[1]Listas Desplegables'!$H$3:$J$7,3,FALSE()) -> #N/A | C53: 48 | D53: LN 408 Palenque - Aeropuerto | E53: Palenque 2 34.5 | F53: Nodo Load 408.2 | G53: 34.5 | H53: 0.051 | I53: 465 | J53: 259.935 | K53: 465 | L53: Protecciones | M53: 0.054901961 | N53: 0.1627451 | O53: 0 | P53: 0.48431373 | Q53: 0.41764706 | R53: 0 | S53: SDL | T53: Áerea | U53: Sí | W53: Aluminio | X53: 1.5402778 | Y53: 4.6208333 | Z53: 3 | AA53: ESSA | AB53: Activos de uso de STR y SDL | AC53: Nombre del activo en la informacion georeferenciada: LINEA 408
A54: =VLOOKUP(E54,'[1]Listas Desplegables'!$H$3:$J$7,2,FALSE()) -> #N/A | B54: =VLOOKUP(E54,'[1]Listas Desplegables'!$H$3:$J$7,3,FALSE()) -> #N/A | C54: 49 | D54: LN 402 CONUCOS - SUPLENCIA 442 | E54: Nodo 402.4 | F54: Conuco 34.5 | G54: 34.5 | H54: 0.435 | I54: 465 | J54: 465 | K54: 465 | L54: Capacidad del Conductor | M54: 0.090804598 | N54: 0.13770115 | O54: 95.323678 | P54: 0.1445977 | Q54: 0.34988506 | R54: 95.323678 | S54: SDL | T54: Áerea | U54: Sí | W54: 3F_35_CU_500_XLPE | X54: 0 | Y54: 0 | Z54: 0 | AA54: ESSA | AB54: Activos de uso de STR y SDL
A55: =VLOOKUP(E55,'[1]Listas Desplegables'!$H$3:$J$7,2,FALSE()) -> #N/A | B55: =VLOOKUP(E55,'[1]Listas Desplegables'!$H$3:$J$7,3,FALSE()) -> #N/A | C55: 50 | D55: Línea 417 Limites - Laguna 34.5 kV | E55: Nodo 417.8 | F55: Laguna 34.5 | G55: 34.5 | H55: 2.9 | I55: 458 | J55: 190.07 | K55: 458 | L55: Protecciones | M55: 0.20962069 | N55: 0.37882759 | O55: 4.4143448 | P55: 0.54448276 | Q55: 1.8571034 | R55: 1.7218966 | S55: SDL | T55: Áerea | U55: Sí | W55: 3F_35_ACSR_266_AIRE | X55: 0 | Y55: 0 | Z55: 0 | AA55: ESSA | AB55: Activos de uso de STR y SDL
A56: =VLOOKUP(E56,'[1]Listas Desplegables'!$H$3:$J$7,2,FALSE()) -> #N/A | B56: =VLOOKUP(E56,'[1]Listas Desplegables'!$H$3:$J$7,3,FALSE()) -> #N/A | C56: 51 | D56: LN 417 Santa Isabel - Laguna 34.5 | E56: Nodo 417.7 | F56: Laguna 34.5 | G56: 34.5 | H56: 6.1 | I56: 458 | J56: 458 | K56: 458 | L56: Capacidad del Conductor | M56: 0.20960656 | N56: 0.37883607 | O56: 4.4143279 | P56: 0.5444918 | Q56: 1.857082 | R56: 1.7219016 | S56: SDL | T56: Áerea | U56: Sí | W56: 3F_35_ACSR_266_AIRE | X56: 0 | Y56: 0 | Z56: 0 | AA56: ESSA | AB56: Activos de uso de STR y SDL
C57: 52 | D57: Linea 444 Condor | E57: Condor 3 34.5 | F57: Condor 2 34.5 | G57: 34.5 | H57: 0.2 | I57: 767 | J57: 767 | K57: 767 | L57: Capacidad del Conductor | M57: 0.114 | N57: 0.429 | O57: 6.563 | P57: 0.531 | Q57: 1.492 | R57: 3.496 | S57: SDL | T57: Áerea | U57: Sí | W57: Aluminio | X57: 0 | Y57: 0 | Z57: 0 | AA57: ESSA | AB57: Activos de uso de STR y SDL
C58: 53 | D58: LN 422 Ruitoque - LOAD 422 34.5 | E58: Nodo 422.6 Ruitoque | F58: Nodo 422.5 | G58: 34.5 | H58: 4.41 | I58: 458 | J58: 458 | K58: 458 | L58: Capacidad del Conductor | M58: 0.20961451 | N58: 0.37884354 | O58: 4.4143311 | P58: 0.5444898 | Q58: 1.8570975 | R58: 1.7219048 | S58: SDL | T58: Áerea | U58: Sí | W58: 3F_35_ACSR_266_AIRE | X58: 0 | Y58: 0 | Z58: 0 | AA58: ESSA | AB58: Activos de uso de STR y SDL
C59: 54 | D59: derv mogotes 2 | E59: Ap1 mogotes | F59: Mogotes 34.5 kV | G59: 34.5 | H59: 1 | I59: 458 | J59: 458 | K59: 458 | L59: Capacidad del Conductor | M59: 0.2096 | N59: 0.3788 | O59: 4.4143 | P59: 0.5445 | Q59: 1.8571 | R59: 1.7219 | S59: SDL | T59: Áerea | U59: No | V59: 45856 | W59: 3F_35_ACSR_266_AIRE | X59: 0 | Y59: 0 | Z59: 0 | AA59: ESSA | AB59: Activos de uso de STR y SDL
C60: 55 | D60: 481 san gil Garcia Rovira_a | E60: 7397518 | F60: Ap2 mogotes | G60: 34.5 | H60: 27.6725 | I60: 458 | J60: 458 | K60: 458 | L60: Capacidad del Conductor | M60: 0.20960882 | N60: 0.3788382 | O60: 4.4143319 | P60: 0.54450086 | Q60: 1.8570856 | R60: 1.7219008 | S60: SDL | T60: Áerea | U60: No | V60: 45856 | W60: 3F_35_ACSR_266_AIRE | X60: 0 | Y60: 0 | Z60: 0 | AA60: ESSA | AB60: Activos de uso de STR y SDL
C61: 56 | D61: CTO 48 504 | E61: Trincheras 13.8 | F61: 48504 | G61: 34.5 | H61: 1 | I61: 275 | J61: 275 | K61: 275 | L61: Capacidad del Conductor | M61: 0.4151 | N61: 0.4237 | O61: 4.0998 | P61: 0.75 | Q61: 1.902 | R61: 1.672 | S61: SDL | T61: Áerea | U61: Sí | W61: 3F_35_ACSR_2/0_AIRE | X61: 0 | Y61: 0 | Z61: 0 | AA61: ESSA | AB61: Activos de uso de STR y SDL
C62: 57 | D62: LN 451 - SUP 449 | E62: Nodo 451 AP 7025246 | F62: Nodo 451 | G62: 34.5 | H62: 1 | I62: 241 | J62: 241 | K62: 241 | L62: Capacidad del Conductor | M62: 0.5229 | N62: 0.4325 | O62: 4.0085 | P62: 0.8578 | Q62: 1.9107 | R62: 1.6566 | S62: SDL | T62: Áerea | U62: Sí | W62: 3F_35_ACSR_1/0_AIRE | X62: 0 | Y62: 0 | Z62: 0 | AA62: ESSA | AB62: Activos de uso de STR y SDL
C63: 58 | D63: buenaist- yariguies | E63: Buenavista 34.5 | F63: Yariguies 34.5 kV | G63: 34.5 | H63: 27 | I63: 458 | J63: 458 | K63: 458 | L63: Capacidad del Conductor | M63: 0.20961111 | N63: 0.37883704 | O63: 4.4143333 | P63: 0.5445 | Q63: 1.8570889 | R63: 1.7219037 | S63: SDL | T63: Áerea | U63: No | V63: 46022 | W63: 3F_35_ACSR_266_AIRE | X63: 0 | Y63: 0 | Z63: 0 | AA63: ESSA | AB63: Activos de uso de STR y SDL | AC63: linea proyectada
C64: 59 | D64: LN 495 Capitanejo - Tipacoque | E64: Capitanejo 34.5 | F64: Frontera EBSA AP 2889099 | G64: 34.5 | H64: 13.72 | I64: 458 | J64: 458 | K64: 458 | L64: Capacidad del Conductor | M64: 0.20960641 | N64: 0.37884111 | O64: 4.4143367 | P64: 0.54449708 | Q64: 1.8570845 | R64: 1.7219023 | S64: SDL | T64: Áerea | U64: Sí | W64: 3F_35_ACSR_266_AIRE | X64: 0 | Y64: 0 | Z64: 0 | AA64: ESSA | AB64: Activos de uso de STR y SDL
C65: 60 | D65: 702286 | E65: Switcheo Malaga | F65: 7397526 | G65: 34.5 | H65: 0.1694 | I65: 458 | J65: 458 | K65: 458 | L65: Capacidad del Conductor | M65: 0.20956316 | N65: 0.37898465 | O65: 4.4132231 | P65: 0.54427391 | Q65: 1.8565525 | R65: 1.7213695 | S65: SDL | T65: Áerea | U65: Sí | W65: 3F_35_ACSR_266_AIRE | X65: 0 | Y65: 0 | Z65: 0 | AA65: ESSA | AB65: Activos de uso de STR y SDL
C66: 61 | D66: LN 416 CALIFORNIA - LOAD 425 AUX MIN | E66: Nodo Load 425 AP 8390045 | F66: California 34.5 | G66: 34.5 | H66: 4.75 | I66: 241 | J66: 120.018 | K66: 241 | L66: Protecciones | M66: 0.52292632 | N66: 0.43246316 | O66: 4.0084632 | P66: 0.85781053 | Q66: 1.9107158 | R66: 1.6565684 | S66: SDL | T66: Áerea | U66: Sí | W66: 3F_35_ACSR_1/0_AIRE | X66: 0 | Y66: 0 | Z66: 0 | AA66: ESSA | AB66: Activos de uso de STR y SDL
C67: 62 | D67: 481 san gil Garcia Rovira | E67: Nodo 481.1 AP 9710183 | F67: Ap1 mogotes | G67: 34.5 | H67: 12.71 | I67: 458 | J67: 458 | K67: 458 | L67: Capacidad del Conductor | M67: 0.20960661 | N67: 0.37883556 | O67: 4.4143352 | P67: 0.54450039 | Q67: 1.8570889 | R67: 1.721904 | S67: SDL | T67: Áerea | U67: Sí | W67: 3F_35_ACSR_266_AIRE | X67: 0 | Y67: 0 | Z67: 0 | AA67: ESSA | AB67: Activos de uso de STR y SDL
C68: 63 | D68: LN 451 - KM8 34.5 Kv | E68: Nodo 451.2 | F68: KM8 34.5 | G68: 34.5 | H68: 0.45 | I68: 184 | J68: 184 | K68: 184 | L68: Capacidad del Conductor | M68: 0.83066667 | N68: 0.45 | O68: 3.8364444 | P68: 1.1655556 | Q68: 1.9282222 | R68: 1.6264444 | S68: SDL | T68: Áerea | U68: Sí | W68: 3F_35_ACSR_2_AIRE | X68: 0 | Y68: 0 | Z68: 0 | AA68: ESSA | AB68: Activos de uso de STR y SDL
C69: 64 | D69: LN 431 SAN ALBERTO - SAN MARTIN 34.5_a | E69: Nodo 431 SUP 430 | F69: San Alberto 34.5 | G69: 34.5 | H69: 0.037 | I69: 458 | J69: 399.834 | K69: 458 | L69: Protecciones | M69: 0.21081081 | N69: 0.37837838 | O69: 4.4135135 | P69: 0.54324324 | Q69: 1.8567568 | R69: 1.7216216 | S69: SDL | T69: Áerea | U69: Sí | W69: 3F_35_ACSR_266_AIRE | X69: 0 | Y69: 0 | Z69: 0 | AA69: ESSA | AB69: Activos de uso de STR y SDL
C70: 65 | D70: 702273 | E70: 7397518 | F70: 7397526 | G70: 34.5 | H70: 0.2656 | I70: 458 | J70: 458 | K70: 458 | L70: Capacidad del Conductor | M70: 0.20971386 | N70: 0.37876506 | O70: 4.4141566 | P70: 0.54442771 | Q70: 1.8569277 | R70: 1.721762 | S70: SDL | T70: Áerea | U70: Sí | W70: 3F_35_ACSR_266_AIRE | X70: 0 | Y70: 0 | Z70: 0 | AA70: ESSA | AB70: Activos de uso de STR y SDL
C71: 66 | D71: LN 430 SAN ALBERTO - SUP 431 34.5 | E71: Nodo 430 SUP 431 | F71: San Alberto 34.5 | G71: 34.5 | H71: 0.037 | I71: 458 | J71: 399.834 | K71: 458 | L71: Protecciones | M71: 0.21081081 | N71: 0.37837838 | O71: 4.4135135 | P71: 0.54324324 | Q71: 1.8567568 | R71: 1.7216216 | S71: SDL | T71: Áerea | U71: Sí | W71: 3F_35_ACSR_266_AIRE | X71: 0 | Y71: 0 | Z71: 0 | AA71: ESSA | AB71: Activos de uso de STR y SDL
C72: 67 | D72: LN 402 CONUCOS - DER BOSQUE 34.5 | E72: Nodo 402.1 | F72: Nodo 402.6 | G72: 34.5 | H72: 1.8 | I72: 1000 | J72: 1000 | K72: 1000 | L72: Capacidad del Conductor | M72: 0.095888889 | N72: 0.46955556 | O72: 3.5801667 | P72: 0.27133333 | Q72: 1.7079444 | R72: 2.3031111 | S72: SDL | T72: Áerea | U72: Sí | W72: A_600__AAAC_DES_3_34.5 | X72: 0.31579365 | Y72: 2.2105556 | Z72: 7 | AA72: ESSA | AB72: Activos de uso de STR y SDL
C73: 68 | D73: LN 426 - Provincia de Soto 34.5 | E73: Nodo 426.1 | F73: Provincia de Soto 34.5 | G73: 34.5 | H73: 0.196 | I73: 241 | J73: 241 | K73: 241 | L73: Capacidad del Conductor | M73: 0.52295918 | N73: 0.43265306 | O73: 4.0086735 | P73: 0.85765306 | Q73: 1.9107143 | R73: 1.6566327 | S73: SDL | T73: Áerea | U73: Sí | W73: 3F_35_ACSR_1/0_AIRE | X73: 0 | Y73: 0 | Z73: 0 | AA73: ESSA | AB73: Activos de uso de STR y SDL
C74: 69 | D74: LN 427 Sur - Exito | E74: Nodo 427 | F74: Sur 1 34.5 | G74: 34.5 | H74: 0.358 | I74: 230 | J74: 230 | K74: 230 | L74: Capacidad del Conductor | M74: 0.33296089 | N74: 0.16731844 | O74: 0 | P74: 0.52960894 | Q74: 0.42513966 | R74: 0 | S74: SDL | T74: Áerea | U74: Sí | W74: 3F_35_CU_2/0_XLPE | X74: 0 | Y74: 0 | Z74: 0 | AA74: ESSA | AB74: Activos de uso de STR y SDL
C75: 70 | D75: LN 429 Sur - Homecenter | E75: Nodo 429 | F75: Sur 1 34.5 | G75: 34.5 | H75: 0.14 | I75: 295 | J75: 295 | K75: 295 | L75: Capacidad del Conductor | M75: 0.21 | N75: 0.15428571 | O75: 0 | P75: 0.33357143 | Q75: 0.39142857 | R75: 0 | S75: SDL | T75: Áerea | U75: Sí | W75: 3F_35_CU_4/0_XLPE | X75: 0 | Y75: 0 | Z75: 0 | AA75: ESSA | AB75: Activos de uso de STR y SDL
C76: 71 | D76: derv mogotes 1 | E76: Ap2 mogotes | F76: Mogotes 34.5 kV | G76: 34.5 | H76: 1 | I76: 458 | J76: 458 | K76: 458 | L76: Capacidad del Conductor | M76: 0.2096 | N76: 0.3788 | O76: 4.4143 | P76: 0.5445 | Q76: 1.8571 | R76: 1.7219 | S76: SDL | T76: Áerea | U76: No | V76: 45856 | W76: 3F_35_ACSR_266_AIRE | X76: 0 | Y76: 0 | Z76: 0 | AA76: ESSA | AB76: Activos de uso de STR y SDL
C77: 72 | D77: Oiba - San Gil 1 115 | E77: PT Oiba - San Gil 1 115 | F77: Oiba 115 | G77: 115 | H77: 45.16 | I77: 478 | J77: 478 | K77: 616.142 | L77: Capacidad del Conductor | M77: 0.11800044 | N77: 0.48550044 | O77: 3.42 | P77: 0.29079938 | Q77: 1.6380004 | R77: 2.0830004 | S77: STR | T77: Áerea | U77: Sí | W77: Aluminio | X77: 0 | Y77: 0 | Z77: 0 | AA77: ESSA | AB77: Activos de uso de STR y SDL
C78: 73 | D78: Oiba - Oibita 1 115 | E78: Oiba 115 | F78: Oibita 115 | G78: 115 | H78: 11.193 | I78: 112 | J78: 112 | K78: 130.144 | L78: Capacidad del Conductor | M78: 0.22499777 | N78: 0.50200125 | O78: 3.7369963 | P78: 0.49100331 | Q78: 1.2229965 | R78: 2.2079961 | S78: STR | T78: Áerea | U78: Sí | W78: Aluminio | X78: 0 | Y78: 0 | Z78: 0 | AA78: ESSA | AB78: Activos de uso de STR y SDL
C79: 74 | D79: Bartolome - Oiba 1 115 | E79: Oiba 115 | F79: Bartolome 115 | G79: 115 | H79: 8.29 | I79: 112 | J79: 112 | K79: 130.144 | L79: Capacidad del Conductor | M79: 0.22400483 | N79: 0.50300362 | O79: 3.734994 | P79: 0.47899879 | Q79: 1.2910012 | R79: 2.2 | S79: STR | T79: Áerea | U79: Sí | W79: Aluminio | X79: 0 | Y79: 0 | Z79: 0 | AA79: ESSA | AB79: Activos de uso de STR y SDL
C80: 75 | D80: Conuco - TBosconia 1 115 | E80: PT TBosconia 115 | F80: TBosconia 115 | G80: 115 | H80: 9.516 | I80: 592 | J80: 592 | K80: 719.872 | L80: Capacidad del Conductor | M80: 0.13930223 | N80: 0.48139975 | O80: 3.4327028 | P80: 0.58919714 | Q80: 1.2722047 | R80: 2.3102984 | S80: STR | T80: Áerea | U80: Sí | W80: Aluminio | X80: 0.17380952 | Y80: 1.2166667 | Z80: 7 | AA80: ESSA | AB80: Activos de uso de STR y SDL
C81: 76 | D81: Florida - Rio Frio 1 115 | E81: PT Florida - Rio Frio 1 115 | F81: PT Florida 115 | G81: 115 | H81: 3.58 | I81: 584 | J81: 584 | K81: 599.768 | L81: Capacidad del Conductor | M81: 0.11938547 | N81: 0.47840782 | O81: 3.4685754 | P81: 0.47212291 | Q81: 1.3686313 | R81: 1.7687709 | S81: STR | T81: Áerea | U81: Sí | W81: Aluminio | X81: 0.11666667 | Y81: 0.11666667 | Z81: 1 | AA81: ESSA | AB81: Activos de uso de STR y SDL
C82: 77 | D82: TSta Rosa - Cimitarra 1 115 | E82: TSta Rosa 115 | F82: PT TSta Rosa - Cimitarra 1 115 | G82: 115 | H82: 21.49 | I82: 360 | J82: 360 | K82: 360 | L82: Capacidad del Conductor | M82: 0.19320149 | N82: 0.41100047 | O82: 2.76 | P82: 0.340698 | Q82: 1.26 | R82: 2.1169986 | S82: STR | T82: Áerea | U82: Sí | W82: Aluminio | X82: 0 | Y82: 0 | Z82: 0 | AA82: ESSA | AB82: Activos de uso de STR y SDL
C83: 78 | D83: Santa Rosa - TSta Rosa 1 115 | E83: Sta Rosa 115 | F83: TSta Rosa 115 | G83: 115 | H83: 12.8 | I83: 589 | J83: 589 | K83: 589 | L83: Capacidad del Conductor | M83: 0.19320313 | N83: 0.411 | O83: 2.76 | P83: 0.34070312 | Q83: 1.26 | R83: 2.117 | S83: STR | T83: Áerea | U83: Sí | W83: Aluminio | X83: 0 | Y83: 0 | Z83: 0 | AA83: ESSA | AB83: Activos de uso de STR y SDL
C84: 79 | D84: Barbosa - TSta Rosa 1 115 | E84: PT Barbosa - TSta Rosa 1 115 | F84: TSta Rosa 115 | G84: 115 | H84: 39.41 | I84: 360 | J84: 360 | K84: 360 | L84: Capacidad del Conductor | M84: 0.1931997 | N84: 0.41099975 | O84: 2.76 | P84: 0.34070033 | Q84: 1.26 | R84: 2.1170008 | S84: STR | T84: Áerea | U84: Sí | W84: Aluminio | X84: 0 | Y84: 0 | Z84: 0 | AA84: ESSA | AB84: Activos de uso de STR y SDL
C85: 80 | D85: Barranca - Sogamoso 1 230 | E85: PT B2D3 | F85: PT Sogamoso - Barranca 220 | G85: 230 | H85: 54.182 | I85: 900 | J85: 900 | K85: 900 | L85: Capacidad del Conductor | M85: 0.080100402 | N85: 0.49110037 | O85: 3.3379997 | P85: 0.25600015 | Q85: 1.3979993 | R85: 2.1369994 | S85: STN | T85: Áerea | U85: Sí | W85: Aluminio | X85: 0 | Y85: 0 | Z85: 0 | AA85: ESSA | AB85: Activos de uso de STN
C86: 81 | D86: Barranca - Comuneros 1 230 | E86: PT B1D2 | F86: PT Comuneros 220-Barranca | G86: 230 | H86: 10.91 | I86: 809 | J86: 809 | K86: 1051.7 | L86: Capacidad del Conductor | M86: 0.072401467 | N86: 0.53439963 | O86: 3.2163978 | P86: 0.41949588 | Q86: 1.3439963 | R86: 2.1891017 | S86: STN | T86: Áerea | U86: Sí | W86: Aluminio | X86: 0 | Y86: 0 | Z86: 0 | AA86: ESSA | AB86: Activos de uso de STN
C87: 82 | D87: Bmanga - Guatiguara 1 230 | E87: PT Bmanga 220- Guatiguara | F87: PT Guatiguara- Bucaramanga | G87: 230 | H87: 12.11 | I87: 837 | J87: 837 | K87: 1088.1 | L87: Capacidad del Conductor | M87: 0.071403799 | N87: 0.51230388 | O87: 3.2288026 | P87: 0.39369942 | Q87: 1.3590008 | R87: 2.1842031 | S87: STN | T87: Áerea | U87: Sí | W87: Aluminio | X87: 0 | Y87: 0 | Z87: 0 | AA87: ESSA | AB87: Activos de uso de STN
C88: 83 | D88: Bmanga - Sogamoso 1 230 | E88: PT Bmanga 220-Sogamoso | F88: PT Sogamoso - Bmanga 220 | G88: 230 | H88: 45.438 | I88: 900 | J88: 900 | K88: 900 | L88: Capacidad del Conductor | M88: 0.080100357 | N88: 0.49109996 | O88: 3.337999 | P88: 0.25599938 | Q88: 1.3979995 | R88: 2.1369999 | S88: STN | T88: Áerea | U88: Sí | W88: Aluminio | X88: 0.45 | Y88: 0.45 | Z88: 1 | AA88: ESSA | AB88: Activos de uso de STN
... C126: 121 | D126: LN 474 INTERRUPTOR 474 -DER P.NUTRI 34.5 | E126: Nodo 474.4 | F126: Nodo 474.3 | G126: 34.5 | H126: 5.6143 | I126: 275 | J126: 275 | K126: 275 | L126: Capacidad del Conductor | M126: 0.41511854 | N126: 0.42370376 | O126: 4.0998344 | P126: 0.74999555 | Q126: 1.9019646 | R126: 1.6719449 | S126: SDL | T126: Áerea | U126: Sí | W126: 3F_35_ACSR_2/0_AIRE | X126: 0.61745763 | Y126: 36.43 | Z126: 59 | AA126: ESSA | AB126: Activos de uso de STR y SDL
C127: 122 | D127: LN 406 NODO SUP 408 - SUR 34.5 | E127: 406.1 | F127: Sur 2 34.5 | G127: 34.5 | H127: 6.38 | I127: 724 | J127: 724 | K127: 724 | L127: Capacidad del Conductor | M127: 0.10112853 | N127: 0.35299373 | O127: 4.773605 | P127: 0.43601881 | Q127: 1.8312382 | R127: 1.7738871 | S127: SDL | T127: Áerea | U127: Sí | W127: 3F_35_ACSR_556_AIRE | X127: 8.5647222 | Y127: 8.5647222 | Z127: 1 | AA127: ESSA | AB127: Activos de uso de STR y SDL
C128: 123 | D128: LN 486 DER VELEZ - VELEZ 34.5 | E128: Nodo 486 | F128: Velez 34.5 | G128: 34.5 | H128: 6.74 | I128: 355 | J128: 355 | K128: 355 | L128: Capacidad del Conductor | M128: 0.26161721 | N128: 0.40605341 | O128: 4.2960979 | P128: 0.59651335 | Q128: 1.8843027 | R128: 1.703635 | S128: SDL | T128: Áerea | U128: Sí | W128: 3F_35_ACSR_4/0_AIRE | X128: 2.6895745 | Y128: 212.47639 | Z128: 79 | AA128: ESSA | AB128: Activos de uso de STR y SDL
C129: 124 | D129: LN 449 TFERIA - CANTAGALLO 34.5 | E129: Nodo 449.2 | F129: Nodo 450 AP 7024673 | G129: 34.5 | H129: 4.425 | I129: 458 | J129: 458 | K129: 458 | L129: Capacidad del Conductor | M129: 0.20960452 | N129: 0.37884746 | O129: 4.4143729 | P129: 0.54449718 | Q129: 1.8571073 | R129: 1.7219209 | S129: SDL | T129: Áerea | U129: Sí | W129: 3F_35_ACSR_266_AIRE | X129: 1.4142105 | Y129: 53.74 | Z129: 38 | AA129: ESSA | AB129: Activos de uso de STR y SDL
C130: 125 | D130: LN 439 Load 437 - T4110 34.5 | E130: Nodo 439 | F130: Nodo Load 439 | G130: 34.5 | H130: 2.51 | I130: 458 | J130: 458 | K130: 458 | L130: Capacidad del Conductor | M130: 0.20960159 | N130: 0.37884462 | O130: 4.4143426 | P130: 0.54450199 | Q130: 1.8570916 | R130: 1.7219124 | S130: SDL | T130: Áerea | U130: Sí | W130: 3F_35_ACSR_266_AIRE | X130: 0.35545455 | Y130: 15.64 | Z130: 44 | AA130: ESSA | AB130: Activos de uso de STR y SDL
C131: 126 | D131: LN 443 S.CRISTO - CABECERA 34.5 | E131: San Cristobal 34.5 | F131: Nodo 443 CABECERA | G131: 34.5 | H131: 0.7398 | I131: 458 | J131: 458 | K131: 458 | L131: Capacidad del Conductor | M131: 0.20965126 | N131: 0.37888619 | O131: 4.4143012 | P131: 0.54447148 | Q131: 1.8571235 | R131: 1.7219519 | S131: SDL | T131: Áerea | U131: Sí | W131: 3F_35_ACSR_266_AIRE | X131: 1.2410703 | Y131: 84.392778 | Z131: 68 | AA131: ESSA | AB131: Activos de uso de STR y SDL
C132: 127 | D132: LN 409 CANEYES - DER 438 34.5 | E132: Nodo 409.4 | F132: Nodo 409.3 | G132: 34.5 | H132: 1.2383 | I132: 458 | J132: 458 | K132: 458 | L132: Capacidad del Conductor | M132: 0.20964225 | N132: 0.37882581 | O132: 4.4143584 | P132: 0.54453687 | Q132: 1.8570621 | R132: 1.7218768 | S132: SDL | T132: Áerea | U132: Sí | W132: 3F_35_ACSR_266_AIRE | X132: 0.90707627 | Y132: 107.035 | Z132: 118 | AA132: ESSA | AB132: Activos de uso de STR y SDL
C133: 128 | D133: LN 422 SUPLENCIA 421 - LA GRANJA 34.5 | E133: Nodo 422.6 | F133: Nodo 422 LOAD | G133: 34.5 | H133: 1.41 | I133: 458 | J133: 458 | K133: 458 | L133: Capacidad del Conductor | M133: 0.20957447 | N133: 0.37886525 | O133: 4.4143262 | P133: 0.54446809 | Q133: 1.8570922 | R133: 1.7219149 | S133: SDL | T133: Áerea | U133: Sí | W133: 3F_35_ACSR_266_AIRE | X133: 1.4971181 | Y133: 11.976944 | Z133: 8 | AA133: ESSA | AB133: Activos de uso de STR y SDL
C134: 129 | D134: LN 410 DER TRANSEJEN - CANEYES 34.5 | E134: Nodo 410.2 | F134: Nodo 410.3 | G134: 34.5 | H134: 0.6385 | I134: 458 | J134: 458 | K134: 458 | L134: Capacidad del Conductor | M134: 0.20955364 | N134: 0.3788567 | O134: 4.4144088 | P134: 0.54455756 | Q134: 1.8571652 | R134: 1.7218481 | S134: SDL | T134: Áerea | U134: Sí | W134: 3F_35_ACSR_266_AIRE | X134: 1.4082287 | Y134: 97.167778 | Z134: 69 | AA134: ESSA | AB134: Activos de uso de STR y SDL
C135: 130 | D135: LN 407 Hamacas - Lod 407 34.5 | E135: Nodo 407.3 | F135: Load 407.2 | G135: 34.5 | H135: 1.7772 | I135: 458 | J135: 458 | K135: 458 | L135: Capacidad del Conductor | M135: 0.20959937 | N135: 0.37885438 | O135: 4.4143034 | P135: 0.54450822 | Q135: 1.8570786 | R135: 1.7218659 | S135: SDL | T135: Áerea | U135: Sí | W135: 3F_35_ACSR_266_AIRE | X135: 0.69382184 | Y135: 20.120833 | Z135: 29 | AA135: ESSA | AB135: Activos de uso de STR y SDL
C136: 131 | D136: LN 426 Realminas - LOAD 426 34.5 | E136: Realminas 34.5 | F136: Nodo 426.1 | G136: 34.5 | H136: 0.9622 | I136: 355 | J136: 355 | K136: 355 | L136: Capacidad del Conductor | M136: 0.26158803 | N136: 0.40604864 | O136: 4.2960923 | P136: 0.59654957 | Q136: 1.8843276 | R136: 1.7035959 | S136: SDL | T136: Áerea | U136: Sí | W136: 3F_35_ACSR_4/0_AIRE | X136: 2.2711915 | Y136: 86.305278 | Z136: 38 | AA136: ESSA | AB136: Activos de uso de STR y SDL
C137: 132 | D137: Barranca - Condor 1 115 | E137: Condor 115 | F137: BP | G137: 115 | H137: 8.657 | I137: 661 | J137: 661 | K137: 661 | L137: Capacidad del Conductor | M137: 0.11791614 | N137: 0.35691348 | O137: 4.7052674 | P137: 0.45281275 | Q137: 1.8351623 | R137: 1.7643872 | S137: STR | T137: Áerea | U137: Sí | W137: 3F_115_ACSR_477_AIRE | X137: 0 | Y137: 0 | Z137: 0 | AA137: ESSA | AB137: Activos de conexión a un STR o a un SDL
C138: 133 | D138: LN 4112 DER VILLAS - BELLAVISTA 34.5 | E138: Bellavista 34.5 | F138: Nodo 4112.4 | G138: 34.5 | H138: 0.5982 | I138: 458 | J138: 458 | K138: 458 | L138: Capacidad del Conductor | M138: 0.20962889 | N138: 0.37880308 | O138: 4.4144099 | P138: 0.54446673 | Q138: 1.8570712 | R138: 1.7218322 | S138: SDL | T138: Áerea | U138: Sí | W138: 3F_35_ACSR_266_AIRE | X138: 0 | Y138: 0 | Z138: 0 | AA138: ESSA | AB138: Activos de uso de STR y SDL
C139: 134 | D139: LN 402 CONUCOS - BOSQUE 34.5 | E139: Nodo 402.1 | F139: Nodo 402.4 | G139: 34.5 | H139: 1.39 | I139: 465 | J139: 465 | K139: 465 | L139: Capacidad del Conductor | M139: 0.090863309 | N139: 0.13776978 | O139: 95.323669 | P139: 0.14453237 | Q139: 0.35 | R139: 95.323669 | S139: SDL | T139: Áerea | U139: Sí | W139: 3F_35_CU_500_XLPE | X139: 0 | Y139: 0 | Z139: 0 | AA139: ESSA | AB139: Activos de uso de STR y SDL
... C169: 164 | D169: LN 417 Rionegro - Trincheras 34.5 | E169: Nodo 417.4 | F169: Rionegro 34.5 kV | G169: 34.5 | H169: 15.405 | I169: 458 | J169: 458 | K169: 458 | L169: Capacidad del Conductor | M169: 0.20960727 | N169: 0.37883804 | O169: 4.414333 | P169: 0.54449854 | Q169: 1.8570854 | R169: 1.721902 | S169: SDL | T169: Áerea | U169: Sí | W169: 3F_35_ACSR_266_AIRE | X169: 0.70772634 | Y169: 95.543056 | Z169: 135 | AA169: ESSA | AB169: Activos de uso de STR y SDL
...

Sheet 2. Tr3
C3: Información General de Transformadores Tridevanados
C4: No. | D4: ='Manual de Uso'!C55 -> Nombre | E4: ='Manual de Uso'!C56 -> Subestación | F4: ='Manual de Uso'!C57 -> Nivel de tensión HV [kV] | G4: ='Manual de Uso'!C58 -> Nivel de tensión MV [kV] | H4: ='Manual de Uso'!C59 -> Nivel de tensión LV [kV] | I4: ='Manual de Uso'!C60 -> Capacidad HV [MVA] | J4: ='Manual de Uso'!C61 -> Capacidad MV [MVA] | K4: ='Manual de Uso'!C62 -> Capacidad LV [MVA] | L4: ='Manual de Uso'!C63 -> Grupo de conexión | M4: ='Manual de Uso'!C64 -> Impedancia HV-MV Secuencia +[%] | N4: ='Manual de Uso'!C65 -> Impedancia HV-LV Secuencia +[%] | O4: ='Manual de Uso'!C66 -> Impedancia MV-LV Secuencia +[%] | P4: ='Manual de Uso'!C67 -> Impedancia HV-MV Secuencia 0[%] | Q4: ='Manual de Uso'!C68 -> Impedancia HV-LV Secuencia 0[%] | R4: ='Manual de Uso'!C69 -> Impedancia MV-LV Secuencia 0[%] | S4: ='Manual de Uso'!C70 -> Posición Neutral Tap | T4: ='Manual de Uso'!C71 -> Posición Máxima Tap | U4: ='Manual de Uso'!C72 -> Posición Mínima Tap | V4: ='Manual de Uso'!C73 -> Delta Tap [%] | W4: ='Manual de Uso'!C74 -> Sobrecarga en emergencia | Y4: ='Manual de Uso'!C75 -> En Operación | Z4: ='Manual de Uso'!C76 -> FPO | AA4: ='Manual de Uso'!C77 -> Sistema | AB4: ='Manual de Uso'!C78 -> Pérdidas Cu HV-MV [kW] | AC4: ='Manual de Uso'!C79 -> Pérdidas Cu HV-LV [kW] | AD4: ='Manual de Uso'!C80 -> Pérdidas Cu MV-LV [kW] | AE4: ='Manual de Uso'!C81 -> Tiempo medio de reparación por evento [h] | AF4: ='Manual de Uso'!C82 -> Horas anuales de indisponibilidad [h] | AG4: ='Manual de Uso'!C83 -> Eventos anuales de indisponibilidad | AH4: ='Manual de Uso'!C84 -> Operador | AI4: ='Manual de Uso'!C85 -> Tipo activo Uso/Conexión | AJ4: ='Manual de Uso'!C86 -> Observaciones transportador
W5: Magnitud [%] | X5: Tiempo [minutos]
A6: =VLOOKUP(E6,'[1]Listas Desplegables'!$H$3:$J$7,2,FALSE()) -> #N/A | B6: =VLOOKUP(E6,'[1]Listas Desplegables'!$H$3:$J$7,3,FALSE()) -> #N/A | C6: 1 | D6: Piedecuesta 230/115 | E6: Guatiguara 220 | F6: 230 | G6: 115 | H6: 13.8 | I6: 150 | J6: 150 | K6: 25 | L6: YNa0d11 | M6: 16.56 | N6: 6.49 | O6: 3.16 | P6: 6.49 | Q6: 16.56 | R6: 3.16 | S6: 11 | T6: 27 | U6: 1 | V6: 0.96 | W6: 130 | X6: 30 | Y6: Sí | AA6: STN | AB6: 359.622 | AC6: 34.905 | AD6: 42.096 | AE6: 0 | AF6: 0 | AG6: 0 | AH6: ESSA | AI6: Activos de uso de STN
A7: =VLOOKUP(E7,'[1]Listas Desplegables'!$H$3:$J$7,2,FALSE()) -> #N/A | B7: =VLOOKUP(E7,'[1]Listas Desplegables'!$H$3:$J$7,3,FALSE()) -> #N/A | C7: 2 | D7: Palos 230/115 | E7: Palos 220 | F7: 230 | G7: 115 | H7: 13.2 | I7: 150 | J7: 150 | K7: 25 | L7: YNa0d11 | M7: 16.33 | N7: 6.66 | O7: 3.08 | P7: 6.66 | Q7: 16.33 | R7: 3.08 | S7: 11 | T7: 27 | U7: 1 | V7: 0.96 | W7: 130 | X7: 0 | Y7: Sí | AA7: STN | AB7: 352.5 | AC7: 34.905 | AD7: 36.192 | AE7: 0.1 | AF7: 0.1 | AG7: 1 | AH7: ESSA | AI7: Activos de uso de STN
A8: =VLOOKUP(E8,'[1]Listas Desplegables'!$H$3:$J$7,2,FALSE()) -> #N/A | B8: =VLOOKUP(E8,'[1]Listas Desplegables'!$H$3:$J$7,3,FALSE()) -> #N/A | C8: 3 | D8: Bucaramanga 5 230/115 | E8: Bmanga 220 | F8: 230 | G8: 115 | H8: 13.8 | I8: 150 | J8: 150 | K8: 25 | L8: YNa0d11 | M8: 16.73 | N8: 6.52001 | O8: 3.34 | P8: 6.52 | Q8: 16.73 | R8: 3.34 | S8: 11 | T8: 27 | U8: 1 | V8: 0.96 | W8: 130 | X8: 30 | Y8: Sí | AA8: STN | AB8: 352.5 | AC8: 34.905 | AD8: 36.192 | AE8: 24.266667 | AF8: 48.533333 | AG8: 2 | AH8: ESSA | AI8: Activos de uso de STN
A9: =VLOOKUP(E9,'[1]Listas Desplegables'!$H$3:$J$7,2,FALSE()) -> #N/A | B9: =VLOOKUP(E9,'[1]Listas Desplegables'!$H$3:$J$7,3,FALSE()) -> #N/A | C9: 4 | D9: Bucaramanga 4 230/115 | E9: Bmanga 220 | F9: 230 | G9: 115 | H9: 13.8 | I9: 150 | J9: 150 | K9: 25 | L9: YNa0d11 | M9: 16.37 | N9: 6.59999 | O9: 3.46999 | P9: 6.5999 | Q9: 16.37 | R9: 3.4699 | S9: 11 | T9: 27 | U9: 1 | V9: 0.96 | W9: 130 | X9: 30 | Y9: Sí | AA9: STN | AB9: 352.5 | AC9: 34.905 | AD9: 36.192 | AE9: 0.041666667 | AF9: 0.083333333 | AG9: 2 | AH9: ESSA | AI9: Activos de uso de STN
A10: =VLOOKUP(E10,'[1]Listas Desplegables'!$H$3:$J$7,2,FALSE()) -> #N/A | B10: =VLOOKUP(E10,'[1]Listas Desplegables'!$H$3:$J$7,3,FALSE()) -> #N/A | C10: 5 | D10: Palenque 1 230/115 | E10: Palenque 220 | F10: 230 | G10: 115 | H10: 13.8 | I10: 150 | J10: 150 | K10: 25 | L10: YNyn0d11 | M10: 16.35 | N10: 6.65 | O10: 3.5 | P10: 6.65 | Q10: 16.35 | R10: 3.5 | S10: 11 | T10: 27 | U10: 1 | V10: 0.965 | W10: 130 | X10: 30 | Y10: Sí | AA10: STN | AB10: 329.82 | AC10: 34.813926 | AD10: 35.86435 | AE10: 0.55 | AF10: 1.1 | AG10: 2 | AH10: ESSA | AI10: Activos de uso de STN
A11: =VLOOKUP(E11,'[1]Listas Desplegables'!$H$3:$J$7,2,FALSE()) -> #N/A | B11: =VLOOKUP(E11,'[1]Listas Desplegables'!$H$3:$J$7,3,FALSE()) -> #N/A | C11: 6 | D11: Palenque 2 230/115 | E11: Palenque 220 | F11: 230 | G11: 115 | H11: 13.8 | I11: 150 | J11: 150 | K11: 25 | L11: YNyn0d11 | M11: 16.38 | N11: 6.63 | O11: 3.5 | P11: 6.63 | Q11: 16.38 | R11: 3.5 | S11: 11 | T11: 27 | U11: 1 | V11: 0.965 | W11: 130 | X11: 30 | Y11: Sí | AA11: STN | AB11: 329.82 | AC11: 34.7839 | AD11: 35.8643 | AE11: 0 | AF11: 0 | AG11: 0 | AH11: ESSA | AI11: Activos de uso de STN
A12: =VLOOKUP(E12,'[1]Listas Desplegables'!$H$3:$J$7,2,FALSE()) -> #N/A | B12: =VLOOKUP(E12,'[1]Listas Desplegables'!$H$3:$J$7,3,FALSE()) -> #N/A | C12: 7 | D12: Barranca 4 220/115 | E12: Barranca 220 | F12: 220 | G12: 115 | H12: 13.8 | I12: 90 | J12: 90 | K12: 30 | L12: YNyn0d1 | M12: 9.88 | N12: 9.37 | O12: 6.3 | P12: 9.37 | Q12: 9.88 | R12: 6.3 | S12: 9 | T12: 21 | U12: 1 | V12: 1.25 | W12: 130 | X12: 30 | Y12: Sí | AA12: STN | AB12: 86 | AC12: 209.47 | AD12: 100.44 | AE12: 0 | AF12: 0 | AG12: 0 | AH12: ESSA | AI12: Activos de uso de STN
A13: =VLOOKUP(E13,'[1]Listas Desplegables'!$H$3:$J$7,2,FALSE()) -> #N/A | B13: =VLOOKUP(E13,'[1]Listas Desplegables'!$H$3:$J$7,3,FALSE()) -> #N/A | C13: 8 | D13: Barranca 5 115/34.5/13.8 | E13: Barranca 115 | F13: 115 | G13: 34.5 | H13: 13.8 | I13: 40 | J13: 40 | K13: 4.7 | L13: YNyn0d11 | M13: 12.52 | N13: 2.48 | O13: 4.32 | P13: 2.48 | Q13: 12.52 | R13: 4.32 | S13: 0 | T13: 8 | U13: -8 | V13: 1.25 | W13: 130 | X13: 30 | Y13: Sí | AA13: STR | AB13: 97.3 | AC13: 16.89 | AD13: 37.34 | AE13: 0 | AF13: 0 | AG13: 0 | AH13: ESSA | AI13: Activos de uso de STR y SDL
A14: =VLOOKUP(E14,'[1]Listas Desplegables'!$H$3:$J$7,2,FALSE()) -> #N/A | B14: =VLOOKUP(E14,'[1]Listas Desplegables'!$H$3:$J$7,3,FALSE()) -> #N/A | C14: 9 | D14: Bmanga 2 115/34.5/13.8 | E14: Bmanga 115 | F14: 115 | G14: 34.5 | H14: 13.8 | I14: 40 | J14: 40 | K14: 4.7 | L14: YNyn0d11 | M14: 12.39 | N14: 2.47 | O14: 4.31 | P14: 2.47 | Q14: 12.39 | R14: 4.31 | S14: 9 | T14: 17 | U14: 1 | V14: 1.25 | W14: 130 | X14: 30 | Y14: Sí | AA14: STR | AB14: 97.34 | AC14: - | AD14: - | AE14: 0 | AF14: 0 | AG14: 0 | AH14: ESSA | AI14: Activos de uso de STR y SDL
A15: =VLOOKUP(E15,'[1]Listas Desplegables'!$H$3:$J$7,2,FALSE()) -> #N/A | B15: =VLOOKUP(E15,'[1]Listas Desplegables'!$H$3:$J$7,3,FALSE()) -> #N/A | C15: 10 | D15: Barranca 7 115/34.5/13.8 | E15: Barranca 115 | F15: 115 | G15: 34.5 | H15: 13.8 | I15: 40 | J15: 40 | K15: 13.3 | L15: YNyn0d1 | M15: 8.37 | N15: 6.1799 | O15: 2.91 | P15: 6.1799 | Q15: 8.37 | R15: 2.91 | S15: 9 | T15: 17 | U15: 1 | V15: 1.25 | W15: 127 | X15: 30 | Y15: Sí | AA15: STR | AB15: 97.3 | AC15: - | AD15: - | AE15: 0 | AF15: 0 | AG15: 0 | AH15: ESSA | AI15: Activos de uso de STR y SDL
A16: =VLOOKUP(E16,'[1]Listas Desplegables'!$H$3:$J$7,2,FALSE()) -> #N/A | B16: =VLOOKUP(E16,'[1]Listas Desplegables'!$H$3:$J$7,3,FALSE()) -> #N/A | C16: 11 | D16: Cimitarra 1 115/34.5 | E16: Cimitarra 115 | F16: 115 | G16: 34.5 | H16: 13.8 | I16: 20 | J16: 20 | K16: 6.7 | L16: YNyn0d11 | M16: 13.09 | N16: 2.47998 | O16: 4.32001 | P16: 2.48 | Q16: 13.09 | R16: 4.32 | S16: 9 | T16: 17 | U16: 1 | V16: 1.25 | W16: 130 | X16: 30 | Y16: Sí | AA16: STR | AB16: 78.06 | AC16: 16.72 | AD16: - | AE16: 0 | AF16: 0 | AG16: 0 | AH16: ESSA | AI16: Activos de uso de STR y SDL
A17: =VLOOKUP(E17,'[1]Listas Desplegables'!$H$3:$J$7,2,FALSE()) -> #N/A | B17: =VLOOKUP(E17,'[1]Listas Desplegables'!$H$3:$J$7,3,FALSE()) -> #N/A | C17: 12 | D17: Florida 3 115/34.5/13.8 | E17: Florida ESSA 115 | F17: 115 | G17: 34.5 | H17: 13.8 | I17: 40 | J17: 40 | K17: 13.3 | L17: YNyn0d1 | M17: 8.36 | N17: 6.17999 | O17: 2.91001 | P17: 6.18 | Q17: 8.36 | R17: 2.91 | S17: 9 | T17: 17 | U17: 1 | V17: 1.25 | W17: 130 | X17: 30 | Y17: Sí | AA17: STR | AB17: 78.06 | AC17: 16.72 | AD17: - | AE17: 0 | AF17: 0 | AG17: 0 | AH17: ESSA | AI17: Activos de uso de STR y SDL
A18: =VLOOKUP(E18,'[1]Listas Desplegables'!$H$3:$J$7,2,FALSE()) -> #N/A | B18: =VLOOKUP(E18,'[1]Listas Desplegables'!$H$3:$J$7,3,FALSE()) -> #N/A | C18: 13 | D18: T2 Buenavista 115/34.5/13.8 | E18: Buenavista 115 | F18: 115 | G18: 34.5 | H18: 13.8 | I18: 40 | J18: 40 | K18: 13.3 | L18: YNyn0d11 | M18: 8.43 | N18: 2.92999 | O18: 6.4799 | P18: 2.92999 | Q18: 8.43 | R18: 6.47999 | S18: 9 | T18: 17 | U18: 1 | V18: 1.25 | W18: 125 | X18: 30 | Y18: Sí | AA18: STR | AB18: 97.34 | AC18: - | AD18: - | AE18: 0 | AF18: 0 | AG18: 0 | AH18: ESSA | AI18: Activos de uso de STR y SDL
A19: =VLOOKUP(E19,'[1]Listas Desplegables'!$H$3:$J$7,2,FALSE()) -> #N/A | B19: =VLOOKUP(E19,'[1]Listas Desplegables'!$H$3:$J$7,3,FALSE()) -> #N/A | C19: 14 | D19: T4 Palenque 115/34.5/13.8 | E19: Palenque 115 | F19: 115 | G19: 34.5 | H19: 13.8 | I19: 40 | J19: 40 | K19: 13.3 | L19: YNyn0d11 | M19: 11.49 | N19: 6.95001 | O19: 12.31001 | P19: 6.95 | Q19: 11.49 | R19: 12.31 | S19: 9 | T19: 17 | U19: 1 | V19: 1.25 | W19: 120 | X19: 30 | Y19: Sí | AA19: STR | AB19: 97.3 | AC19: - | AD19: - | AE19: 0 | AF19: 0 | AG19: 0 | AH19: ESSA | AI19: Activos de uso de STR y SDL
A20: =VLOOKUP(E20,'[1]Listas Desplegables'!$H$3:$J$7,2,FALSE()) -> #N/A | B20: =VLOOKUP(E20,'[1]Listas Desplegables'!$H$3:$J$7,3,FALSE()) -> #N/A | C20: 15 | D20: Barbosa 1 115/34.5 | E20: Barbosa 115 | F20: 115 | G20: 34.5 | H20: 13.8 | I20: 40 | J20: 40 | K20: 13.3 | L20: YNyn0d11 | M20: 8.741 | N20: 6.18 | O20: 2.91001 | P20: 6.18 | Q20: 8.741 | R20: 2.91 | S20: 9 | T20: 17 | U20: 1 | V20: 1.25 | W20: 130 | X20: 30 | Y20: Sí | AA20: STR | AB20: 78.06 | AC20: 16.72 | AD20: - | AE20: 0 | AF20: 0 | AG20: 0 | AH20: ESSA | AI20: Activos de uso de STR y SDL
A21: =VLOOKUP(E21,'[1]Listas Desplegables'!$H$3:$J$7,2,FALSE()) -> #N/A | B21: =VLOOKUP(E21,'[1]Listas Desplegables'!$H$3:$J$7,3,FALSE()) -> #N/A | C21: 16 | D21: Barranca 6 115/34.5/13.8 | E21: Barranca 115 | F21: 115 | G21: 34.5 | H21: 13.8 | I21: 40 | J21: 40 | K21: 13.3 | L21: YNyn0d11 | M21: 8.6 | N21: 2.93 | O21: 6.60002 | P21: 2.93 | Q21: 8.6 | R21: 6.6 | S21: 9 | T21: 17 | U21: 1 | V21: 1.25 | W21: 127 | X21: 30 | Y21: Sí | AA21: STR | AB21: 98.74 | AC21: - | AD21: - | AE21: 0 | AF21: 0 | AG21: 0 | AH21: ESSA | AI21: Activos de uso de STR y SDL
A22: =VLOOKUP(E22,'[1]Listas Desplegables'!$H$3:$J$7,2,FALSE()) -> #N/A | B22: =VLOOKUP(E22,'[1]Listas Desplegables'!$H$3:$J$7,3,FALSE()) -> #N/A | C22: 17 | D22: T1 Oiba 115/34.5 kV 40 MVA | E22: Oiba 115 | F22: 115 | G22: 34.5 | H22: 13.8 | I22: 40 | J22: 40 | K22: 13.8 | L22: YNyn0d11 | M22: 8.48 | N22: 6.484 | O22: 2.926 | P22: 6.484 | Q22: 8.84 | R22: 2.926 | S22: 9 | T22: 17 | U22: 1 | V22: 1.25 | W22: 130 | X22: 30 | Y22: Sí | AA22: STR | AB22: 96.882 | AC22: - | AD22: - | AE22: 0 | AF22: 0 | AG22: 0 | AH22: ESSA | AI22: Activos de uso de STR y SDL
A23: =VLOOKUP(E23,'[1]Listas Desplegables'!$H$3:$J$7,2,FALSE()) -> #N/A | B23: =VLOOKUP(E23,'[1]Listas Desplegables'!$H$3:$J$7,3,FALSE()) -> #N/A | C23: 18 | D23: Florida 1 115/34.5/13.8 | E23: Florida ESSA 115 | F23: 115 | G23: 34.5 | H23: 13.8 | I23: 40 | J23: 40 | K23: 13.3 | L23: YNyn0d1 | M23: 8.37 | N23: 6.18 | O23: 2.91 | P23: 6.18 | Q23: 8.37 | R23: 2.91 | S23: 9 | T23: 1 | U23: 17 | V23: 1.25 | W23: 130 | X23: 30 | Y23: Sí | AA23: STR | AB23: 97.3 | AC23: 16.89 | AD23: 37.34 | AE23: 0 | AF23: 0 | AG23: 0 | AH23: ESSA | AI23: Activos de uso de STR y SDL
A24: =VLOOKUP(E24,'[1]Listas Desplegables'!$H$3:$J$7,2,FALSE()) -> #N/A | B24: =VLOOKUP(E24,'[1]Listas Desplegables'!$H$3:$J$7,3,FALSE()) -> #N/A | C24: 19 | D24: T5 Palenque 115/34.5/13.8 | E24: Palenque 115 | F24: 115 | G24: 34.5 | H24: 13.8 | I24: 40 | J24: 40 | K24: 4.7 | L24: YNyn0d11 | M24: 12.77 | N24: 2.45 | O24: 4.34 | P24: 2.45 | Q24: 12.77 | R24: 4.34 | S24: 0 | T24: 8 | U24: -8 | V24: 1.25 | W24: 120 | X24: 30 | Y24: Sí | AA24: STR | AB24: 97.3 | AC24: 16.89 | AD24: 37.34 | AE24: 0 | AF24: 0 | AG24: 0 | AH24: ESSA | AI24: Activos de uso de STR y SDL
A25: =VLOOKUP(E25,'[1]Listas Desplegables'!$H$3:$J$7,2,FALSE()) -> #N/A | B25: =VLOOKUP(E25,'[1]Listas Desplegables'!$H$3:$J$7,3,FALSE()) -> #N/A | C25: 20 | D25: SanGil 3 115/34.5/13.8 | E25: San Gil 115 | F25: 115 | G25: 34.5 | H25: 13.8 | I25: 40 | J25: 40 | K25: 13.3 | L25: YNyn0d11 | M25: 8.46 | N25: 2.926 | O25: 6.484 | P25: 2.926 | Q25: 8.84 | R25: 6.484 | S25: 9 | T25: 17 | U25: 1 | V25: 1.25 | W25: 130 | X25: 30 | Y25: Sí | AA25: STR | AB25: 97.341 | AC25: 16.89 | AD25: 37.34 | AE25: 0 | AF25: 0 | AG25: 0 | AH25: ESSA | AI25: Activos de uso de STR y SDL
A26: =VLOOKUP(E26,'[1]Listas Desplegables'!$H$3:$J$7,2,FALSE()) -> #N/A | B26: =VLOOKUP(E26,'[1]Listas Desplegables'!$H$3:$J$7,3,FALSE()) -> #N/A | C26: 21 | D26: Realminas 5 115/34.5/13.8 | E26: Realminas 115 | F26: 115 | G26: 34.5 | H26: 13.8 | I26: 40 | J26: 40 | K26: 13.3 | L26: YNyn0d11 | M26: 8.46 | N26: 8.3 | O26: 6.59999 | P26: 8.3 | Q26: 8.46 | R26: 6.6 | S26: 9 | T26: 17 | U26: 1 | V26: 1.25 | W26: 130 | X26: 30 | Y26: Sí | AA26: STR | AB26: 96.66 | AC26: - | AD26: - | AE26: 0 | AF26: 0 | AG26: 0 | AH26: ESSA | AI26: Activos de uso de STR y SDL
A27: =VLOOKUP(E27,'[1]Listas Desplegables'!$H$3:$J$7,2,FALSE()) -> #N/A | B27: =VLOOKUP(E27,'[1]Listas Desplegables'!$H$3:$J$7,3,FALSE()) -> #N/A | C27: 22 | D27: T3 Palenque 115/34.5 40 MVA | E27: Palenque 115 | F27: 115 | G27: 34.5 | H27: 13.8 | I27: 40 | J27: 40 | K27: 13.3 | L27: YNyn0d11 | M27: 8.47 | N27: 2.926 | O27: 6.4838 | P27: 2.926 | Q27: 8.84 | R27: 6.484 | S27: 9 | T27: 17 | U27: 1 | V27: 1.25 | W27: 130 | X27: 30 | Y27: Sí | AA27: STR | AB27: 97.3 | AC27: 16.89 | AD27: 37.34 | AE27: 0 | AF27: 0 | AG27: 0 | AH27: ESSA | AI27: Activos de uso de STR y SDL
A28: =VLOOKUP(E28,'[1]Listas Desplegables'!$H$3:$J$7,2,FALSE()) -> #N/A | B28: =VLOOKUP(E28,'[1]Listas Desplegables'!$H$3:$J$7,3,FALSE()) -> #N/A | C28: 23 | D28: T5 Mesa del Sol 115/34.5 25 MVA | E28: Mesa del Sol 115 | F28: 115 | G28: 34.5 | H28: 13.2 | I28: 25 | J28: 25 | K28: 8.3 | L28: YNyn0d11 | M28: 9.74 | N28: 5.52 | O28: 1.67 | P28: 4.3749 | Q28: 8.05 | R28: 1.5747 | S28: 10 | T28: 19 | U28: 1 | V28: 1.25 | W28: 120 | X28: 120 | Y28: Sí | AA28: STR | AB28: 105.842 | AC28: 16.96 | AD28: 15.2 | AE28: 0 | AF28: 0 | AG28: 0 | AH28: ESSA | AI28: Activos de uso de STR y SDL
A29: =VLOOKUP(E29,'[1]Listas Desplegables'!$H$3:$J$7,2,FALSE()) -> #N/A | B29: =VLOOKUP(E29,'[1]Listas Desplegables'!$H$3:$J$7,3,FALSE()) -> #N/A | C29: 24 | D29: Rio Frio T2 115/34.5/13.8 | E29: Rio Frio 115 | F29: 115 | G29: 34.5 | H29: 13.8 | I29: 40 | J29: 40 | K29: 13.3 | L29: YNyn0d11 | M29: 8.4 | N29: 8.3 | O29: 6.6 | P29: 8.685357 | Q29: 8.79 | R29: 6.90643 | S29: 9 | T29: 17 | U29: 1 | V29: 1.25 | W29: 130 | X29: 0 | Y29: Sí | AA29: STR | AB29: 97.3 | AC29: - | AD29: - | AE29: 0 | AF29: 0 | AG29: 0 | AH29: ESSA | AI29: Activos de uso de STR y SDL
A30: =VLOOKUP(E30,'[1]Listas Desplegables'!$H$3:$J$7,2,FALSE()) -> #N/A | B30: =VLOOKUP(E30,'[1]Listas Desplegables'!$H$3:$J$7,3,FALSE()) -> #N/A | C30: 25 | D30: T 2 Palos 115/34.5/13.8 | E30: Palos 115 | F30: 115 | G30: 34.5 | H30: 13.8 | I30: 40 | J30: 40 | K30: 4.7 | L30: YNyn0d11 | M30: 11.33 | N30: 10.79 | O30: 8.6 | P30: 10.79 | Q30: 11.33 | R30: 8.6 | S30: 9 | T30: 17 | U30: 1 | V30: 1.25 | W30: 130 | X30: 30 | Y30: Sí | AA30: STR | AB30: 96.13 | AC30: - | AD30: - | AE30: 0 | AF30: 0 | AG30: 0 | AH30: ESSA | AI30: Activos de uso de STR y SDL
A31: =VLOOKUP(E31,'[1]Listas Desplegables'!$H$3:$J$7,2,FALSE()) -> #N/A | B31: =VLOOKUP(E31,'[1]Listas Desplegables'!$H$3:$J$7,3,FALSE()) -> #N/A | C31: 26 | D31: Realminas 3 115/34.5/13.8 | E31: Realminas 115 | F31: 115 | G31: 34.5 | H31: 13.8 | I31: 40 | J31: 40 | K31: 13.3 | L31: YNyn0d11 | M31: 8.67 | N31: 8.3 | O31: 6.59999 | P31: 8.3 | Q31: 8.67 | R31: 6.6 | S31: 9 | T31: 17 | U31: 1 | V31: 1.25 | W31: 130 | X31: 30 | Y31: Sí | AA31: STR | AB31: 96.66 | AC31: - | AD31: - | AE31: 0 | AF31: 0 | AG31: 0 | AH31: ESSA | AI31: Activos de uso de STR y SDL
A32: =VLOOKUP(E32,'[1]Listas Desplegables'!$H$3:$J$7,2,FALSE()) -> #N/A | B32: =VLOOKUP(E32,'[1]Listas Desplegables'!$H$3:$J$7,3,FALSE()) -> #N/A | C32: 27 | D32: T 7 Palos 115/34.5/13.8 | E32: Palos 115 | F32: 115 | G32: 34.5 | H32: 13.8 | I32: 40 | J32: 40 | K32: 13.3 | L32: YNyn0d0 | M32: 11.36 | N32: 10.79 | O32: 8.60002 | P32: 10.79 | Q32: 11.36 | R32: 8.6 | S32: 9 | T32: 17 | U32: 1 | V32: 1.25 | W32: 130 | X32: 30 | Y32: Sí | AA32: STR | AB32: 97.3 | AC32: - | AD32: - | AE32: 0 | AF32: 0 | AG32: 0 | AH32: ESSA | AI32: Activos de uso de STR y SDL
A33: =VLOOKUP(E33,'[1]Listas Desplegables'!$H$3:$J$7,2,FALSE()) -> #N/A | B33: =VLOOKUP(E33,'[1]Listas Desplegables'!$H$3:$J$7,3,FALSE()) -> #N/A | C33: 28 | D33: Realminas 1 115/34.5/13.8 | E33: Realminas 115 | F33: 115 | G33: 34.5 | H33: 13.8 | I33: 40 | J33: 40 | K33: 13.3 | L33: YNyn0d1 | M33: 8.4 | N33: 8.3 | O33: 6.2 | P33: 8.3 | Q33: 8.4 | R33: 6.2 | S33: 9 | T33: 17 | U33: 1 | V33: 1.25 | W33: 130 | X33: 30 | Y33: Sí | AA33: STR | AB33: 96.66 | AC33: - | AD33: - | AE33: 0 | AF33: 0 | AG33: 0 | AH33: ESSA | AI33: Activos de uso de STR y SDL
A34: =VLOOKUP(E34,'[1]Listas Desplegables'!$H$3:$J$7,2,FALSE()) -> #N/A | B34: =VLOOKUP(E34,'[1]Listas Desplegables'!$H$3:$J$7,3,FALSE()) -> #N/A | C34: 29 | D34: SanGil 1 115/34.5/13.8 | E34: San Gil 115 | F34: 115 | G34: 34.5 | H34: 13.8 | I34: 40 | J34: 40 | K34: 13.3 | L34: YNyn0d11 | M34: 8.68 | N34: 8.31001 | O34: 6.59999 | P34: 8.31 | Q34: 8.68 | R34: 6.6 | S34: 9 | T34: 17 | U34: 1 | V34: 1.25 | W34: 130 | X34: 30 | Y34: Sí | AA34: STR | AB34: 96.66 | AC34: - | AD34: - | AE34: 0 | AF34: 0 | AG34: 0 | AH34: ESSA | AI34: Activos de uso de STR y SDL
A35: =VLOOKUP(E35,'[1]Listas Desplegables'!$H$3:$J$7,2,FALSE()) -> #N/A | B35: =VLOOKUP(E35,'[1]Listas Desplegables'!$H$3:$J$7,3,FALSE()) -> #N/A | C35: 30 | D35: Condor 115/34.5 50 MVA | E35: Condor 115 | F35: 115 | G35: 34.5 | H35: 13.8 | I35: 50 | J35: 50 | K35: 16.7 | L35: YN0yn0yn0 | M35: 10.3 | N35: 3 | O35: 7.9 | P35: 0 | Q35: 0 | R35: 0 | S35: 0 | T35: 9 | U35: -9 | V35: 1.25 | W35: 100 | X35: 30 | Y35: Sí | AA35: STR | AB35: 0 | AC35: 0 | AD35: 0 | AE35: 0 | AF35: 0 | AG35: 0 | AH35: ESSA | AI35: Activos de conexión a un STR o a un SDL
A36: =VLOOKUP(E36,'[1]Listas Desplegables'!$H$3:$J$7,2,FALSE()) -> #N/A | B36: =VLOOKUP(E36,'[1]Listas Desplegables'!$H$3:$J$7,3,FALSE()) -> #N/A | C36: 31 | D36: T1 Lizama 20 MVA 115/34.5 kV | E36: Lizama 115 | F36: 115 | G36: 34.5 | H36: 13.8 | I36: 15 | J36: 15 | K36: 3 | L36: YNd1 | M36: 9.3 | N36: 8.93 | O36: 3 | P36: 8.93 | Q36: 0 | R36: 0 | S36: 17 | T36: 33 | U36: 1 | V36: 0.625 | W36: 120 | X36: 30 | Y36: Sí | AA36: STR | AB36: 0 | AC36: - | AD36: 0 | AE36: 0 | AF36: 0 | AG36: 0 | AH36: ESSA | AI36: Activos de uso de STR y SDL
A37: =VLOOKUP(E37,'[1]Listas Desplegables'!$H$3:$J$7,2,FALSE()) -> #N/A | B37: =VLOOKUP(E37,'[1]Listas Desplegables'!$H$3:$J$7,3,FALSE()) -> #N/A | C37: 32 | D37: Rio Frio T1 115/34.5/13.8 | E37: Rio Frio 115 | F37: 115 | G37: 34.5 | H37: 13.8 | I37: 40 | J37: 40 | K37: 13.3 | L37: YNyn0d11 | M37: 8.42 | N37: 8.3 | O37: 6.6 | P37: 8.694299 | Q37: 8.82 | R37: 6.91354 | S37: 9 | T37: 17 | U37: 1 | V37: 1.25 | W37: 130 | X37: 0 | Y37: Sí | AA37: STR | AB37: 98.743 | AC37: - | AD37: - | AE37: 0 | AF37: 0 | AG37: 0 | AH37: ESSA | AI37: Activos de uso de STR y SDL
A38: =VLOOKUP(E38,'[1]Listas Desplegables'!$H$3:$J$7,2,FALSE()) -> #N/A | B38: =VLOOKUP(E38,'[1]Listas Desplegables'!$H$3:$J$7,3,FALSE()) -> #N/A | C38: 33 | D38: T6 Mesa del Sol 115/34.5 25 MVA | E38: Mesa del Sol 115 | F38: 115 | G38: 34.5 | H38: 13.2 | I38: 25 | J38: 25 | K38: 8.3 | L38: YNyn0d11 | M38: 9.77 | N38: 5.52 | O38: 1.67 | P38: 4.3749 | Q38: 8.05 | R38: 1.59 | S38: 10 | T38: 19 | U38: 1 | V38: 1.25 | W38: 120 | X38: 120 | Y38: Sí | AA38: STR | AB38: 106.638 | AC38: 16.96 | AD38: 15.2 | AE38: 0 | AF38: 0 | AG38: 0 | AH38: ESSA | AI38: Activos de uso de STR y SDL
A39: =VLOOKUP(E39,'[1]Listas Desplegables'!$H$3:$J$7,2,FALSE()) -> #N/A | B39: =VLOOKUP(E39,'[1]Listas Desplegables'!$H$3:$J$7,3,FALSE()) -> #N/A | C39: 34 | D39: T4 SanSilvestre 115/34.5/13.8 | E39: San Silvestre 115 | F39: 115 | G39: 34.5 | H39: 13.8 | I39: 40 | J39: 40 | K39: 13.3 | L39: YNyn0d11 | M39: 8.51 | N39: 8.29999 | O39: 6.60002 | P39: 8.3 | Q39: 8.84 | R39: 6.6 | S39: 9 | T39: 17 | U39: 1 | V39: 1.25 | W39: 120 | X39: 30 | Y39: Sí | AA39: STR | AB39: 96.86 | AC39: - | AD39: - | AE39: 0 | AF39: 0 | AG39: 0 | AH39: ESSA | AI39: Activos de uso de STR y SDL
A40: =VLOOKUP(E40,'[1]Listas Desplegables'!$H$3:$J$7,2,FALSE()) -> #N/A | B40: =VLOOKUP(E40,'[1]Listas Desplegables'!$H$3:$J$7,3,FALSE()) -> #N/A | C40: 35 | D40: Wilches 1 115/34.5/13.8 | E40: Wilches 115 | F40: 115 | G40: 34.5 | H40: 13.8 | I40: 40 | J40: 40 | K40: 13.3 | L40: YNyn0d1 | M40: 8.7 | N40: 6.42001 | O40: 2.92001 | P40: 6.42001 | Q40: 8.7 | R40: 2.92001 | S40: 9 | T40: 17 | U40: 1 | V40: 1.25 | W40: 130 | X40: 30 | Y40: Sí | AA40: STR | AB40: 97.3 | AC40: - | AD40: - | AE40: 0 | AF40: 0 | AG40: 0 | AH40: ESSA | AI40: Activos de uso de STR y SDL
A41: =VLOOKUP(E41,'[1]Listas Desplegables'!$H$3:$J$7,2,FALSE()) -> #N/A | B41: =VLOOKUP(E41,'[1]Listas Desplegables'!$H$3:$J$7,3,FALSE()) -> #N/A | C41: 36 | D41: T3 SanSilvestre 115/34.5/13.8 | E41: San Silvestre 115 | F41: 115 | G41: 34.5 | H41: 13.8 | I41: 40 | J41: 40 | K41: 13.3 | L41: YNyn0d11 | M41: 10.75 | N41: 6.17999 | O41: 2.91001 | P41: 6.1799 | Q41: 9.7 | R41: 2.91 | S41: 7 | T41: 15 | U41: 1 | V41: 1.25 | W41: 120 | X41: 30 | Y41: Sí | AA41: STR | AB41: 96.86 | AC41: - | AD41: - | AE41: 0 | AF41: 0 | AG41: 0 | AH41: ESSA | AI41: Activos de uso de STR y SDL
A42: =VLOOKUP(E42,'[1]Listas Desplegables'!$H$3:$J$7,2,FALSE()) -> #N/A | B42: =VLOOKUP(E42,'[1]Listas Desplegables'!$H$3:$J$7,3,FALSE()) -> #N/A | C42: 37 | D42: T1 Sabana 115/34.5/13.8 | E42: Sabana 115 | F42: 115 | G42: 34.5 | H42: 13.8 | I42: 20 | J42: 20 | K42: 6.7 | L42: YNyn0d11 | M42: 12.67 | N42: 6.67 | O42: 1.87 | P42: 6.67 | Q42: 12.67 | R42: 1.87 | S42: 9 | T42: 17 | U42: 1 | V42: 1.25 | W42: 130 | X42: 30 | Y42: Sí | AA42: STR | AB42: 97.34 | AC42: - | AD42: - | AE42: 0 | AF42: 0 | AG42: 0 | AH42: ESSA | AI42: Activos de uso de STR y SDL
A43: =VLOOKUP(E43,'[1]Listas Desplegables'!$H$3:$J$7,2,FALSE()) -> #N/A | B43: =VLOOKUP(E43,'[1]Listas Desplegables'!$H$3:$J$7,3,FALSE()) -> #N/A | C43: 38 | D43: T1 San Alberto 115/34.5/13.8 | E43: San Alberto 115 | F43: 115 | G43: 34.5 | H43: 13.8 | I43: 40 | J43: 40 | K43: 13.3 | L43: YNyn0d11 | M43: 8.68 | N43: 8.56999 | O43: 6.60002 | P43: 8.57 | Q43: 8.68 | R43: 6.6 | S43: 9 | T43: 17 | U43: 1 | V43: 1.25 | W43: 120 | X43: 30 | Y43: Sí | AA43: STR | AB43: 98.74 | AC43: - | AD43: - | AE43: 0 | AF43: 0 | AG43: 0 | AH43: ESSA | AI43: Activos de uso de STR y SDL
A44: =VLOOKUP(E44,'[1]Listas Desplegables'!$H$3:$J$7,2,FALSE()) -> #N/A | B44: =VLOOKUP(E44,'[1]Listas Desplegables'!$H$3:$J$7,3,FALSE()) -> #N/A | C44: 39 | D44: Piedecuesta 2 115/34.5/13.8 | E44: Piedecuesta 115 | F44: 115 | G44: 34.5 | H44: 13.8 | I44: 40 | J44: 40 | K44: 13.3 | L44: YNyn0d1 | M44: 11.01 | N44: 12.99999 | O44: 6 | P44: 13 | Q44: 10.54 | R44: 6 | S44: 9 | T44: 17 | U44: 1 | V44: 1.25 | W44: 130 | X44: 30 | Y44: Sí | AA44: STR | AB44: 145.43 | AC44: - | AD44: - | AE44: 0 | AF44: 0 | AG44: 0 | AH44: ESSA | AI44: Activos de uso de STR y SDL
A45: =VLOOKUP(E45,'[1]Listas Desplegables'!$H$3:$J$7,2,FALSE()) -> #N/A | B45: =VLOOKUP(E45,'[1]Listas Desplegables'!$H$3:$J$7,3,FALSE()) -> #N/A | C45: 40 | D45: Barranca 1 220/115 | E45: Barranca 115 | F45: 220 | G45: 115 | H45: 13.8 | I45: 90 | J45: 90 | K45: 30 | L45: YNyn0d1 | M45: 9 | N45: 9.6 | O45: 6.4 | P45: 9.6 | Q45: 9 | R45: 6.4 | S45: 0 | T45: 8 | U45: -12 | V45: 1.25 | W45: 130 | X45: 30 | Y45: Sí | AA45: STN | AB45: 152.8 | AC45: 72.7 | AD45: 81.4 | AE45: 0 | AF45: 0 | AG45: 0 | AH45: ESSA | AI45: Activos de uso de STN
A46: =VLOOKUP(E46,'[1]Listas Desplegables'!$H$3:$J$7,2,FALSE()) -> #N/A | B46: =VLOOKUP(E46,'[1]Listas Desplegables'!$H$3:$J$7,3,FALSE()) -> #N/A | C46: 41 | D46: Barranca 2 220/115 | E46: Barranca 220 | F46: 220 | G46: 115 | H46: 13.8 | I46: 90 | J46: 90 | K46: 30 | L46: YNyn0d11 | M46: 9.45 | N46: 9.83 | O46: 6.31 | P46: 9.83 | Q46: 9.45 | R46: 6.31 | S46: 9 | T46: 21 | U46: 1 | V46: 1.25 | W46: 130 | X46: 30 | Y46: Sí | AA46: STN | AB46: 152.8 | AC46: 72.7 | AD46: 81.4 | AE46: 0 | AF46: 0 | AG46: 0 | AH46: ESSA | AI46: Activos de uso de STN
A47: =VLOOKUP(E47,'[1]Listas Desplegables'!$H$3:$J$7,2,FALSE()) -> #N/A | B47: =VLOOKUP(E47,'[1]Listas Desplegables'!$H$3:$J$7,3,FALSE()) -> #N/A | C47: 42 | D47: Barranca 3 220/115 | E47: Barranca 115 | F47: 220 | G47: 115 | H47: 13.8 | I47: 90 | J47: 90 | K47: 30 | L47: YNyn0d11 | M47: 9.4 | N47: 9.78 | O47: 6.26 | P47: 9.78 | Q47: 9.4 | R47: 6.26 | S47: 9 | T47: 21 | U47: 1 | V47: 1.25 | W47: 130 | X47: 30 | Y47: Sí | AA47: STN | AB47: 153.8 | AC47: 73.3 | AD47: 82.2 | AE47: 0 | AF47: 0 | AG47: 0 | AH47: ESSA | AI47: Activos de uso de STN
A48: =VLOOKUP(E48,'[1]Listas Desplegables'!$H$3:$J$7,2,FALSE()) -> #N/A | B48: =VLOOKUP(E48,'[1]Listas Desplegables'!$H$3:$J$7,3,FALSE()) -> #N/A | C48: 43 | D48: Cabrera 1 230/115 | E48: Cabrera 220 | F48: 230 | G48: 115 | H48: 13.8 | I48: 150 | J48: 150 | K48: 25 | L48: YN0yn0d0 | M48: 15 | N48: 6.5 | O48: 3.2 | P48: 0 | Q48: 0 | R48: 0 | S48: 9 | T48: 21 | U48: 1 | V48: 1.25 | W48: 140 | X48: 30 | Y48: No | Z48: 47118 | AA48: STN | AB48: 0 | AC48: 0 | AD48: 0 | AE48: 0 | AF48: 0 | AG48: 0 | AH48: ESSA | AI48: Activos de uso de STN
A49: =VLOOKUP(E49,'[1]Listas Desplegables'!$H$3:$J$7,2,FALSE()) -> #N/A | B49: =VLOOKUP(E49,'[1]Listas Desplegables'!$H$3:$J$7,3,FALSE()) -> #N/A | C49: 44 | D49: Cabrera 2 230/115 | E49: Cabrera 220 | F49: 230 | G49: 115 | H49: 13.8 | I49: 150 | J49: 150 | K49: 25 | L49: YN0yn0d0 | M49: 15 | N49: 6.5 | O49: 3.2 | P49: 0 | Q49: 0 | R49: 0 | S49: 9 | T49: 21 | U49: 1 | V49: 1.25 | W49: 100 | X49: 30 | Y49: No | Z49: 47118 | AA49: STN | AB49: 0 | AC49: 0 | AD49: 0 | AE49: 0 | AF49: 0 | AG49: 0 | AH49: ESSA | AI49: Activos de uso de STN
A50: =VLOOKUP(E50,'[1]Listas Desplegables'!$H$3:$J$7,2,FALSE()) -> #N/A | B50: =VLOOKUP(E50,'[1]Listas Desplegables'!$H$3:$J$7,3,FALSE()) -> #N/A | C50: 45 | D50: Piedecuesta 230/115 | E50: Guatiguara 220 | F50: 230 | G50: 115 | H50: 13.8 | I50: 150 | J50: 150 | K50: 25 | L50: YNa0d11 | M50: 16.56 | N50: 6.49 | O50: 3.16 | P50: 6.49 | Q50: 16.56 | R50: 3.16 | S50: 11 | T50: 27 | U50: 1 | V50: 0.96 | W50: 130 | X50: 30 | Y50: Sí | AA50: STN | AB50: 359.622 | AC50: 34.905 | AD50: 42.096 | AE50: 0 | AF50: 0 | AG50: 0 | AH50: ESSA | AI50: Activos de uso de STN
A51: =VLOOKUP(E51,'[1]Listas Desplegables'!$H$3:$J$7,2,FALSE()) -> #N/A | B51: =VLOOKUP(E51,'[1]Listas Desplegables'!$H$3:$J$7,3,FALSE()) -> #N/A | C51: 46 | AH51: ESSA | AI51: Activos de uso de STR y SDL
A52: =VLOOKUP(E52,'[1]Listas Desplegables'!$H$3:$J$7,2,FALSE()) -> #N/A | B52: =VLOOKUP(E52,'[1]Listas Desplegables'!$H$3:$J$7,3,FALSE()) -> #N/A | C52: 47 | AH52: ESSA | AI52: Activos de uso de STR y SDL
A53: =VLOOKUP(E53,'[1]Listas Desplegables'!$H$3:$J$7,2,FALSE()) -> #N/A | B53: =VLOOKUP(E53,'[1]Listas Desplegables'!$H$3:$J$7,3,FALSE()) -> #N/A | C53: 48 | AH53: ESSA | AI53: Activos de uso de STR y SDL
A54: =VLOOKUP(E54,'[1]Listas Desplegables'!$H$3:$J$7,2,FALSE()) -> #N/A | B54: =VLOOKUP(E54,'[1]Listas Desplegables'!$H$3:$J$7,3,FALSE()) -> #N/A | C54: 49 | AH54: ESSA | AI54: Activos de uso de STR y SDL
A55: =VLOOKUP(E55,'[1]Listas Desplegables'!$H$3:$J$7,2,FALSE()) -> #N/A | B55: =VLOOKUP(E55,'[1]Listas Desplegables'!$H$3:$J$7,3,FALSE()) -> #N/A | C55: 50 | AH55: ESSA | AI55: Activos de uso de STR y SDL
A56: =VLOOKUP(E56,'[1]Listas Desplegables'!$H$3:$J$7,2,FALSE()) -> #N/A | B56: =VLOOKUP(E56,'[1]Listas Desplegables'!$H$3:$J$7,3,FALSE()) -> #N/A | C56: 51 | AH56: ESSA | AI56: Activos de uso de STR y SDL
A57: =VLOOKUP(E57,'[1]Listas Desplegables'!$H$3:$J$7,2,FALSE()) -> #N/A | B57: =VLOOKUP(E57,'[1]Listas Desplegables'!$H$3:$J$7,3,FALSE()) -> #N/A | C57: … | AH57: ESSA | AI57: Activos de uso de STR y SDL

Sheet 3. Tr2
C3: Información General de Transformadores Bidevanados
C4: No. | D4: ='Manual de Uso'!C87 -> Nombre | E4: ='Manual de Uso'!C88 -> Subestación | F4: ='Manual de Uso'!C89 -> Nivel de tensión HV [kV] | G4: ='Manual de Uso'!C90 -> Nivel de tensión LV [kV] | H4: ='Manual de Uso'!C91 -> Capacidad [MVA] | I4: ='Manual de Uso'!C92 -> Grupo de conexión | J4: ='Manual de Uso'!C93 -> Impedancia Secuencia +[%] | K4: ='Manual de Uso'!C94 -> Impedancia Secuencia 0[%] | L4: ='Manual de Uso'!C95 -> Posición Neutral Tap | M4: ='Manual de Uso'!C96 -> Posición Máxima Tap | N4: ='Manual de Uso'!C97 -> Posición Mínima Tap | O4: ='Manual de Uso'!C98 -> Delta Tap [%] | P4: ='Manual de Uso'!C99 -> Sobrecarga en emergencia | R4: ='Manual de Uso'!C100 -> En Operación | S4: ='Manual de Uso'!C101 -> FPO | T4: ='Manual de Uso'!C102 -> Sistema | U4: ='Manual de Uso'!C103 -> Pérdidas Cu [kW] | V4: ='Manual de Uso'!C104 -> Tiempo medio de reparación por evento [h] | W4: ='Manual de Uso'!C105 -> Horas anuales de indisponibilidad [h] | X4: ='Manual de Uso'!C106 -> Eventos anuales de indisponibilidad | Y4: ='Manual de Uso'!C107 -> Operador | Z4: ='Manual de Uso'!C108 -> Tipo activo Uso/Conexión | AA4: ='Manual de Uso'!C109 -> Observaciones transportador
P5: Magnitud [%] | Q5: Tiempo [minutos]
A6: =VLOOKUP(E6,'[1]Listas Desplegables'!$H$3:$J$7,2,FALSE()) -> #N/A | B6: =VLOOKUP(E6,'[1]Listas Desplegables'!$H$3:$J$7,3,FALSE()) -> #N/A | C6: 1 | D6: T-2 Principal 34.5/13.8 | E6: - Principal 34.5 | F6: 34.5 | G6: 13.8 | H6: 12.5 | I6: Dyn11 | J6: 9.1 | K6: 9.1 | L6: 3 | M6: 5 | N6: 1 | O6: 2.5 | P6: 100 | Q6: 30 | R6: Sí | T6: SDL | U6: 117.6652 | Y6: ESSA | Z6: Activos de uso de STR y SDL
A7: =VLOOKUP(E7,'[1]Listas Desplegables'!$H$3:$J$7,2,FALSE()) -> #N/A | B7: =VLOOKUP(E7,'[1]Listas Desplegables'!$H$3:$J$7,3,FALSE()) -> #N/A | C7: 2 | D7: T1 Carmen 34.5/13.8 | E7: Carmen 34.5 | F7: 34.5 | G7: 13.8 | H7: 6 | I7: Dyn11 | J7: 6.8 | K7: 6.8 | L7: 3 | M7: 5 | N7: 1 | O7: 2.5 | P7: 100 | Q7: 30 | R7: Sí | T7: SDL | U7: 117.6652 | Y7: ESSA | Z7: Activos de uso de STR y SDL
A8: =VLOOKUP(E8,'[1]Listas Desplegables'!$H$3:$J$7,2,FALSE()) -> #N/A | B8: =VLOOKUP(E8,'[1]Listas Desplegables'!$H$3:$J$7,3,FALSE()) -> #N/A | C8: 3 | D8: Cascada 2 1.5 MVA 13.8/6.3 | E8: Nodo Cascada 6.2 | F8: 13.8 | G8: 6.3 | H8: 1.5 | I8: YNd5 | J8: 4.8 | K8: 4.8 | L8: 3 | M8: 5 | N8: 1 | O8: 2.5 | P8: 120 | Q8: 30 | R8: Sí | T8: SDL | U8: 15.77 | Y8: ESSA | Z8: Activos de uso de STR y SDL
A9: =VLOOKUP(E9,'[1]Listas Desplegables'!$H$3:$J$7,2,FALSE()) -> #N/A | B9: =VLOOKUP(E9,'[1]Listas Desplegables'!$H$3:$J$7,3,FALSE()) -> #N/A | C9: 4 | D9: Charala 34.5/13.8 | E9: Charalá 34.5 | F9: 34.5 | G9: 13.8 | H9: 6 | I9: Dyn11 | J9: 7.3 | K9: 7.3 | L9: 3 | M9: 5 | N9: 1 | O9: 2.5 | P9: 129 | Q9: 30 | R9: Sí | T9: SDL | U9: 25.0332 | Y9: ESSA | Z9: Activos de uso de STR y SDL
A10: =VLOOKUP(E10,'[1]Listas Desplegables'!$H$3:$J$7,2,FALSE()) -> #N/A | B10: =VLOOKUP(E10,'[1]Listas Desplegables'!$H$3:$J$7,3,FALSE()) -> #N/A | C10: 5 | D10: Bosque 1 34.5/13.8 | E10: Bosque 2 34.5 | F10: 34.5 | G10: 13.8 | H10: 25 | I10: Dyn11 | J10: 8.9 | K10: 8.9 | L10: 3 | M10: 5 | N10: 1 | O10: 2.5 | P10: 103 | Q10: 30 | R10: Sí | T10: SDL | U10: 233.4552 | Y10: ESSA | Z10: Activos de uso de STR y SDL
A11: =VLOOKUP(E11,'[1]Listas Desplegables'!$H$3:$J$7,2,FALSE()) -> #N/A | B11: =VLOOKUP(E11,'[1]Listas Desplegables'!$H$3:$J$7,3,FALSE()) -> #N/A | C11: 6 | D11: Bucarica 1 34.5/13.8 | E11: Bucarica 34.5 | F11: 34.5 | G11: 13.8 | H11: 15 | I11: Dyn11 | J11: 11.1 | K11: 11.1 | L11: 3 | M11: 5 | N11: 1 | O11: 2.5 | P11: 129 | Q11: 30 | R11: Sí | T11: SDL | U11: 140.8232 | Y11: ESSA | Z11: Activos de uso de STR y SDL
A12: =VLOOKUP(E12,'[1]Listas Desplegables'!$H$3:$J$7,2,FALSE()) -> #N/A | B12: =VLOOKUP(E12,'[1]Listas Desplegables'!$H$3:$J$7,3,FALSE()) -> #N/A | C12: 7 | D12: Capitanejo 34.5/13.8 | E12: Capitanejo 34.5 | F12: 34.5 | G12: 13.8 | H12: 2 | I12: Dyn11 | J12: 5.3 | K12: 5.3 | L12: 3 | M12: 5 | N12: 1 | O12: 2.5 | P12: 134 | Q12: 30 | R12: Sí | T12: SDL | U12: 20.4016 | Y12: ESSA | Z12: Activos de uso de STR y SDL
A13: =VLOOKUP(E13,'[1]Listas Desplegables'!$H$3:$J$7,2,FALSE()) -> #N/A | B13: =VLOOKUP(E13,'[1]Listas Desplegables'!$H$3:$J$7,3,FALSE()) -> #N/A | C13: 8 | D13: Bellavista 34.5/13.8 | E13: Bellavista 34.5 | F13: 34.5 | G13: 13.8 | H13: 6 | I13: Dyn11 | J13: 7.2 | K13: 7.2 | L13: 3 | M13: 5 | N13: 1 | O13: 2.5 | P13: 130 | Q13: 30 | R13: Sí | T13: SDL | U13: 57.4544 | Y13: ESSA | Z13: Activos de uso de STR y SDL
A14: =VLOOKUP(E14,'[1]Listas Desplegables'!$H$3:$J$7,2,FALSE()) -> #N/A | B14: =VLOOKUP(E14,'[1]Listas Desplegables'!$H$3:$J$7,3,FALSE()) -> #N/A | C14: 9 | D14: Bosque 2 34.5/13.8 | E14: Bosque 1 34.5 | F14: 34.5 | G14: 13.8 | H14: 12.5 | I14: Dyn11 | J14: 8.9 | K14: 8.9 | L14: 3 | M14: 5 | N14: 1 | O14: 2.5 | P14: 123 | Q14: 30 | R14: Sí | T14: SDL | U14: 117.6652 | Y14: ESSA | Z14: Activos de uso de STR y SDL
A15: =VLOOKUP(E15,'[1]Listas Desplegables'!$H$3:$J$7,2,FALSE()) -> #N/A | B15: =VLOOKUP(E15,'[1]Listas Desplegables'!$H$3:$J$7,3,FALSE()) -> #N/A | C15: 10 | D15: Caneyes 2 34.5/13.8 | E15: Caneyes 2 34.5 | F15: 34.5 | G15: 13.8 | H15: 25 | I15: Dyn11 | J15: 8.6 | K15: 8.6 | L15: 3 | M15: 5 | N15: 1 | O15: 2.5 | P15: 130 | Q15: 30 | R15: No | S15: 46752 | T15: SDL | U15: 117.6652 | Y15: ESSA | Z15: Activos de uso de STR y SDL | AA15: Nuevo transformador a instalar en el año 2027
A16: =VLOOKUP(E16,'[1]Listas Desplegables'!$H$3:$J$7,2,FALSE()) -> #N/A | B16: =VLOOKUP(E16,'[1]Listas Desplegables'!$H$3:$J$7,3,FALSE()) -> #N/A | C16: 11 | D16: T1 Buenavista 34.5/13.8 | E16: Buenavista 34.5 | F16: 34.5 | G16: 13.8 | H16: 12.5 | I16: Dyn11 | J16: 7.6 | K16: 7.6 | L16: 3 | M16: 5 | N16: 1 | O16: 2.5 | P16: 100 | Q16: 30 | R16: Sí | T16: SDL | U16: 117.6652 | Y16: ESSA | Z16: Activos de uso de STR y SDL
A17: =VLOOKUP(E17,'[1]Listas Desplegables'!$H$3:$J$7,2,FALSE()) -> #N/A | B17: =VLOOKUP(E17,'[1]Listas Desplegables'!$H$3:$J$7,3,FALSE()) -> #N/A | C17: 12 | D17: Caneyes 1 34.5/13.8 | E17: Caneyes 1 34.5 | F17: 34.5 | G17: 13.8 | H17: 12.5 | I17: Dyn11 | J17: 8.1 | K17: 8.1 | L17: 3 | M17: 5 | N17: 1 | O17: 2.5 | P17: 130 | Q17: 30 | R17: Sí | T17: SDL | U17: 117.6652 | Y17: ESSA | Z17: Activos de uso de STR y SDL
A18: =VLOOKUP(E18,'[1]Listas Desplegables'!$H$3:$J$7,2,FALSE()) -> #N/A | B18: =VLOOKUP(E18,'[1]Listas Desplegables'!$H$3:$J$7,3,FALSE()) -> #N/A | C18: 13 | D18: Cimitarra 2 34.5/13.8 | E18: Cimitarra 34.5 | F18: 34.5 | G18: 13.8 | H18: 5 | I18: Dyn1 | J18: 6.4 | K18: 6.4 | L18: 3 | M18: 5 | N18: 1 | O18: 2.5 | P18: 130 | Q18: 30 | R18: Sí | T18: SDL | U18: 48.1912 | Y18: ESSA | Z18: Activos de uso de STR y SDL
A19: =VLOOKUP(E19,'[1]Listas Desplegables'!$H$3:$J$7,2,FALSE()) -> #N/A | B19: =VLOOKUP(E19,'[1]Listas Desplegables'!$H$3:$J$7,3,FALSE()) -> #N/A | C19: 14 | D19: Cocos 34.5/13.8 | E19: Cocos 34.5 | F19: 34.5 | G19: 13.8 | H19: 6 | I19: Dyn11 | J19: 7.1 | K19: 7.1 | L19: 3 | M19: 5 | N19: 1 | O19: 2.5 | P19: 129 | Q19: 30 | R19: Sí | T19: SDL | U19: 57.4544 | Y19: ESSA | Z19: Activos de uso de STR y SDL
A20: =VLOOKUP(E20,'[1]Listas Desplegables'!$H$3:$J$7,2,FALSE()) -> #N/A | B20: =VLOOKUP(E20,'[1]Listas Desplegables'!$H$3:$J$7,3,FALSE()) -> #N/A | C20: 15 | D20: Contratación 34.5/13.8 | E20: Contratación 34.5 | F20: 34.5 | G20: 13.8 | H20: 2 | I20: Dyn11 | J20: 5.3 | K20: 5.3 | L20: 3 | M20: 5 | N20: 1 | O20: 2.5 | P20: 137 | Q20: 30 | R20: Sí | T20: SDL | U20: 20.4016 | Y20: ESSA | Z20: Activos de uso de STR y SDL
A21: =VLOOKUP(E21,'[1]Listas Desplegables'!$H$3:$J$7,2,FALSE()) -> #N/A | B21: =VLOOKUP(E21,'[1]Listas Desplegables'!$H$3:$J$7,3,FALSE()) -> #N/A | C21: 16 | D21: T1 Cafe Corriendo 34.5/13.8 | E21: Cafe Corriendo 34.5 | F21: 34.5 | G21: 13.8 | H21: 0.5 | I21: Dyn5 | J21: 4.5 | K21: 4.5 | L21: 3 | M21: 5 | N21: 1 | O21: 2.5 | P21: 100 | Q21: 30 | R21: Sí | T21: SDL | U21: 117.6652 | Y21: ESSA | Z21: Activos de uso de STR y SDL
A22: =VLOOKUP(E22,'[1]Listas Desplegables'!$H$3:$J$7,2,FALSE()) -> #N/A | B22: =VLOOKUP(E22,'[1]Listas Desplegables'!$H$3:$J$7,3,FALSE()) -> #N/A | C22: 17 | D22: T1 California 34.5/13.8 | E22: California 34.5 | F22: 34.5 | G22: 13.8 | H22: 5 | I22: Dyn1 | J22: 6.4 | K22: 6.4 | L22: 3 | M22: 5 | N22: 1 | O22: 2.5 | P22: 100 | Q22: 30 | R22: Sí | T22: SDL | U22: 117.6652 | Y22: ESSA | Z22: Activos de uso de STR y SDL
A23: =VLOOKUP(E23,'[1]Listas Desplegables'!$H$3:$J$7,2,FALSE()) -> #N/A | B23: =VLOOKUP(E23,'[1]Listas Desplegables'!$H$3:$J$7,3,FALSE()) -> #N/A | C23: 18 | D23: Cantagallo 34.5/4.16 | E23: Cantagallo 34.5 | F23: 33 | G23: 4.2 | H23: 5 | I23: Dyn1 | J23: 7.2 | K23: 7.2 | L23: 9 | M23: 17 | N23: 1 | O23: 1.2 | P23: 122 | Q23: 30 | R23: Sí | T23: SDL | U23: 48.1912 | Y23: ESSA | Z23: Activos de uso de STR y SDL
A24: =VLOOKUP(E24,'[1]Listas Desplegables'!$H$3:$J$7,2,FALSE()) -> #N/A | B24: =VLOOKUP(E24,'[1]Listas Desplegables'!$H$3:$J$7,3,FALSE()) -> #N/A | C24: 19 | D24: T1 Buenos Aires 34.5/13.8 | E24: Buenos Aires 34.5 | F24: 34.5 | G24: 13.8 | H24: 20 | I24: Dyn11 | J24: 7 | K24: 7 | L24: 3 | M24: 5 | N24: 1 | O24: 2.5 | P24: 100 | Q24: 30 | R24: Sí | T24: SDL | U24: 117.6652 | Y24: ESSA | Z24: Activos de uso de STR y SDL
A25: =VLOOKUP(E25,'[1]Listas Desplegables'!$H$3:$J$7,2,FALSE()) -> #N/A | B25: =VLOOKUP(E25,'[1]Listas Desplegables'!$H$3:$J$7,3,FALSE()) -> #N/A | C25: 20 | D25: Cascada 1 1.5 MVA 13.8/6.3 | E25: Nodo Cascada 6.2 | F25: 13.8 | G25: 6.3 | H25: 1.5 | I25: YNd5 | J25: 4.8 | K25: 4.8 | L25: 3 | M25: 5 | N25: 1 | O25: 2.5 | P25: 120 | Q25: 30 | R25: Sí | T25: SDL | U25: 15.77 | Y25: ESSA | Z25: Activos de uso de STR y SDL
A26: =VLOOKUP(E26,'[1]Listas Desplegables'!$H$3:$J$7,2,FALSE()) -> #N/A | B26: =VLOOKUP(E26,'[1]Listas Desplegables'!$H$3:$J$7,3,FALSE()) -> #N/A | C26: 21 | D26: Conuco T3 34.5/13.8 | E26: - Conuco 34.5 | F26: 34.5 | G26: 13.8 | H26: 20 | I26: Dyn11 | J26: 7.2 | K26: 7.2 | L26: 5 | M26: 11 | N26: 1 | O26: 1.2 | P26: 100 | Q26: 30 | R26: Sí | T26: SDL | U26: 117.6652 | Y26: ESSA | Z26: Activos de uso de STR y SDL
A27: =VLOOKUP(E27,'[1]Listas Desplegables'!$H$3:$J$7,2,FALSE()) -> #N/A | B27: =VLOOKUP(E27,'[1]Listas Desplegables'!$H$3:$J$7,3,FALSE()) -> #N/A | C27: 22 | D27: Cuchuilla del Ramo 34.5/13.8 | E27: Cuchilla del Ramo 34.5 | F27: 34.5 | G27: 13.8 | H27: 1 | I27: Dyn11 | J27: 5.9 | K27: 5.9 | L27: 3 | M27: 5 | N27: 1 | O27: 2.5 | P27: 0 | Q27: 30 | R27: Sí | T27: SDL | U27: 11.1384 | Y27: ESSA | Z27: Activos de uso de STR y SDL
... A39: =VLOOKUP(E39,'[1]Listas Desplegables'!$H$3:$J$7,2,FALSE()) -> #N/A | B39: =VLOOKUP(E39,'[1]Listas Desplegables'!$H$3:$J$7,3,FALSE()) -> #N/A | C39: 34 | D39: T1 Norte 34.5/13.8 | E39: Norte 1 34.5 | F39: 34.5 | G39: 13.8 | H39: 12.5 | I39: Dyn11 | J39: 8.8 | K39: 8.8 | L39: 3 | M39: 5 | N39: 1 | O39: 2.5 | P39: 100 | Q39: 30 | R39: Sí | T39: SDL | U39: 117.6652 | Y39: ESSA | Z39: Activos de uso de STR y SDL
A40: =VLOOKUP(E40,'[1]Listas Desplegables'!$H$3:$J$7,2,FALSE()) -> #N/A | B40: =VLOOKUP(E40,'[1]Listas Desplegables'!$H$3:$J$7,3,FALSE()) -> #N/A | C40: 35 | D40: Realminas 4 34.5/13.8 | E40: Realminas 34.5 | F40: 34.5 | G40: 13.8 | H40: 25 | I40: Dyn11 | J40: 8.9 | K40: 8.9 | L40: 3 | M40: 5 | N40: 1 | O40: 2.5 | P40: 131 | Q40: 30 | R40: No | S40: 46022 | T40: SDL | U40: 233.4552 | Y40: ESSA | Z40: Activos de uso de STR y SDL | AA40: Nuevo transformador a instalar en el año 2025
A41: =VLOOKUP(E41,'[1]Listas Desplegables'!$H$3:$J$7,2,FALSE()) -> #N/A | B41: =VLOOKUP(E41,'[1]Listas Desplegables'!$H$3:$J$7,3,FALSE()) -> #N/A | C41: 36 | D41: T2 Lebrija 34.5/13.8 | E41: Lebrija 34.5 | F41: 34.5 | G41: 13.8 | H41: 5 | I41: Dyn1 | J41: 6 | K41: 6 | L41: 3 | M41: 5 | N41: 1 | O41: 2.5 | P41: 100 | Q41: 30 | R41: Sí | T41: SDL | U41: 117.6652 | Y41: ESSA | Z41: Activos de uso de STR y SDL
A42: =VLOOKUP(E42,'[1]Listas Desplegables'!$H$3:$J$7,2,FALSE()) -> #N/A | B42: =VLOOKUP(E42,'[1]Listas Desplegables'!$H$3:$J$7,3,FALSE()) -> #N/A | C42: 37 | D42: T6 San Silvestre 34.5/13.8 | E42: Sn Silvestre 34.5 | F42: 34.5 | G42: 13.8 | H42: 20 | I42: Dyn11 | J42: 6.9 | K42: 6.9 | L42: 3 | M42: 5 | N42: 1 | O42: 2.5 | P42: 100 | Q42: 30 | R42: Sí | T42: SDL | U42: 117.6652 | Y42: ESSA | Z42: Activos de uso de STR y SDL
A43: =VLOOKUP(E43,'[1]Listas Desplegables'!$H$3:$J$7,2,FALSE()) -> #N/A | B43: =VLOOKUP(E43,'[1]Listas Desplegables'!$H$3:$J$7,3,FALSE()) -> #N/A | C43: 38 | D43: Garcia Rovira 2 34.5/13.8 | E43: Garcia Rovira 34.5 | F43: 33 | G43: 13.8 | H43: 5 | I43: Dyn11 | J43: 6.1 | K43: 6.1 | L43: 3 | M43: 5 | N43: 1 | O43: 2.5 | P43: 140 | Q43: 30 | R43: Sí | T43: SDL | U43: 48.1912 | Y43: ESSA | Z43: Activos de uso de STR y SDL
A44: =VLOOKUP(E44,'[1]Listas Desplegables'!$H$3:$J$7,2,FALSE()) -> #N/A | B44: =VLOOKUP(E44,'[1]Listas Desplegables'!$H$3:$J$7,3,FALSE()) -> #N/A | C44: 39 | D44: T1 Rionegro 34.5/13.8 | E44: Rionegro 34.5 kV | F44: 34.5 | G44: 13.8 | H44: 2 | I44: Dyn11 | J44: 5.9 | K44: 5.9 | L44: 3 | M44: 5 | N44: 1 | O44: 2.5 | P44: 100 | Q44: 30 | R44: Sí | T44: SDL | U44: 117.6652 | Y44: ESSA | Z44: Activos de uso de STR y SDL
A45: =VLOOKUP(E45,'[1]Listas Desplegables'!$H$3:$J$7,2,FALSE()) -> #N/A | B45: =VLOOKUP(E45,'[1]Listas Desplegables'!$H$3:$J$7,3,FALSE()) -> #N/A | C45: 40 | D45: San Vicente 34.5/13.8 | E45: San Vicente 34.5 | F45: 34.5 | G45: 13.8 | H45: 6 | I45: Dyn1 | J45: 6.5 | K45: 6.5 | L45: 3 | M45: 5 | N45: 1 | O45: 2.5 | P45: 129 | Q45: 30 | R45: No | S45: 46022 | T45: SDL | U45: 48.1912 | Y45: ESSA | Z45: Activos de uso de STR y SDL | AA45: Nuevo transformador a instalar en el año 2025
A46: =VLOOKUP(E46,'[1]Listas Desplegables'!$H$3:$J$7,2,FALSE()) -> #N/A | B46: =VLOOKUP(E46,'[1]Listas Desplegables'!$H$3:$J$7,3,FALSE()) -> #N/A | C46: 41 | D46: Socorro 34.5/13.8 | E46: Socorro 34.5 | F46: 34.5 | G46: 13.8 | H46: 12.5 | I46: Dyn11 | J46: 8.1 | K46: 8.1 | L46: 3 | M46: 5 | N46: 1 | O46: 2.5 | P46: 130 | Q46: 30 | R46: Sí | T46: SDL | U46: 117.6652 | Y46: ESSA | Z46: Activos de uso de STR y SDL
A47: =VLOOKUP(E47,'[1]Listas Desplegables'!$H$3:$J$7,2,FALSE()) -> #N/A | B47: =VLOOKUP(E47,'[1]Listas Desplegables'!$H$3:$J$7,3,FALSE()) -> #N/A | C47: 42 | D47: Palmas 1 4.16/33 | E47: Palmas 34.5 | F47: 33 | G47: 4.2 | H47: 5.6 | I47: YNd1 | J47: 6.4 | K47: 6.4 | L47: 3 | M47: 5 | N47: 1 | O47: 2.5 | P47: 145 | Q47: 30 | R47: Sí | T47: SDL | U47: 53.74912 | Y47: ESSA | Z47: Activos de uso de STR y SDL
A48: =VLOOKUP(E48,'[1]Listas Desplegables'!$H$3:$J$7,2,FALSE()) -> #N/A | B48: =VLOOKUP(E48,'[1]Listas Desplegables'!$H$3:$J$7,3,FALSE()) -> #N/A | C48: 43 | D48: Realminas 2 34.5/13.8 | E48: Realminas 34.5 | F48: 34.5 | G48: 13.8 | H48: 25 | I48: Dyn11 | J48: 8.9 | K48: 8.9 | L48: 3 | M48: 5 | N48: 1 | O48: 2.5 | P48: 131 | Q48: 30 | R48: No | S48: 46752 | T48: SDL | U48: 117.6652 | Y48: ESSA | Z48: Activos de uso de STR y SDL | AA48: Nuvo transformador a instalar en el año 2027
A49: =VLOOKUP(E49,'[1]Listas Desplegables'!$H$3:$J$7,2,FALSE()) -> #N/A | B49: =VLOOKUP(E49,'[1]Listas Desplegables'!$H$3:$J$7,3,FALSE()) -> #N/A | C49: 44 | D49: T2 San Alberto 34.5/13.8 | E49: San Alberto 34.5 | F49: 34.5 | G49: 13.8 | H49: 12.5 | I49: Dyn11 | J49: 9 | K49: 9 | L49: 3 | M49: 5 | N49: 1 | O49: 2.5 | P49: 100 | Q49: 30 | R49: Sí | T49: SDL | U49: 117.6652 | Y49: ESSA | Z49: Activos de uso de STR y SDL
A50: =VLOOKUP(E50,'[1]Listas Desplegables'!$H$3:$J$7,2,FALSE()) -> #N/A | B50: =VLOOKUP(E50,'[1]Listas Desplegables'!$H$3:$J$7,3,FALSE()) -> #N/A | C50: 45 | D50: Sur 1 34.5/13.8 | E50: Sur 1 34.5 | F50: 34.5 | G50: 13.8 | H50: 20 | I50: Dyn11 | J50: 7.3 | K50: 7.3 | L50: 3 | M50: 5 | N50: 1 | O50: 2.5 | P50: 115 | Q50: 30 | R50: Sí | T50: SDL | U50: 248.83211 | Y50: ESSA | Z50: Activos de uso de STR y SDL
A51: =VLOOKUP(E51,'[1]Listas Desplegables'!$H$3:$J$7,2,FALSE()) -> #N/A | B51: =VLOOKUP(E51,'[1]Listas Desplegables'!$H$3:$J$7,3,FALSE()) -> #N/A | C51: 46 | D51: Mesa 34.5/13.8 | E51: Mesa 34.5 | F51: 34.5 | G51: 13.8 | H51: 5 | I51: Dyn1 | J51: 6 | K51: 6 | L51: 3 | M51: 5 | N51: 1 | O51: 2.5 | P51: 129 | Q51: 30 | R51: Sí | T51: SDL | U51: 48.1912 | Y51: ESSA | Z51: Activos de uso de STR y SDL
A52: =VLOOKUP(E52,'[1]Listas Desplegables'!$H$3:$J$7,2,FALSE()) -> #N/A | B52: =VLOOKUP(E52,'[1]Listas Desplegables'!$H$3:$J$7,3,FALSE()) -> #N/A | C52: 47 | D52: T1 Parnaso 34.5/13.8 | E52: Parnaso 2 34.5 | F52: 34.5 | G52: 13.8 | H52: 10 | I52: Dyn11 | J52: 7 | K52: 7 | L52: 3 | M52: 5 | N52: 1 | O52: 2.5 | P52: 100 | Q52: 30 | R52: Sí | T52: SDL | U52: 117.6652 | Y52: ESSA | Z52: Activos de uso de STR y SDL
A53: =VLOOKUP(E53,'[1]Listas Desplegables'!$H$3:$J$7,2,FALSE()) -> #N/A | B53: =VLOOKUP(E53,'[1]Listas Desplegables'!$H$3:$J$7,3,FALSE()) -> #N/A | C53: 48 | D53: Palmas 2 4.16/33 | E53: Palmas 34.5 | F53: 33 | G53: 4.2 | H53: 5.6 | I53: YNd5 | J53: 5.6 | K53: 5.6 | L53: 3 | M53: 5 | N53: 1 | O53: 2.5 | P53: 145 | Q53: 30 | R53: Sí | T53: SDL | U53: 53.74912 | Y53: ESSA | Z53: Activos de uso de STR y SDL
A54: =VLOOKUP(E54,'[1]Listas Desplegables'!$H$3:$J$7,2,FALSE()) -> #N/A | B54: =VLOOKUP(E54,'[1]Listas Desplegables'!$H$3:$J$7,3,FALSE()) -> #N/A | C54: 49 | D54: T2 Sabana 2 34.5/13.8 | E54: Sabana de Torres 34.5 | F54: 34.5 | G54: 13.8 | H54: 12.5 | I54: Dyn11 | J54: 9 | K54: 9 | L54: 3 | M54: 5 | N54: 1 | O54: 2.5 | P54: 100 | Q54: 30 | R54: Sí | T54: SDL | U54: 117.6652 | Y54: ESSA | Z54: Activos de uso de STR y SDL
A55: =VLOOKUP(E55,'[1]Listas Desplegables'!$H$3:$J$7,2,FALSE()) -> #N/A | B55: =VLOOKUP(E55,'[1]Listas Desplegables'!$H$3:$J$7,3,FALSE()) -> #N/A | C55: 50 | D55: T1 San Rafael 34.5/13.8 | E55: San Rafael 34.5 | F55: 34.5 | G55: 13.8 | H55: 2 | I55: Dyn11 | J55: 5.4 | K55: 5.4 | L55: 3 | M55: 5 | N55: 1 | O55: 2.5 | P55: 100 | Q55: 30 | R55: Sí | T55: SDL | U55: 117.6652 | Y55: ESSA | Z55: Activos de uso de STR y SDL
A56: =VLOOKUP(E56,'[1]Listas Desplegables'!$H$3:$J$7,2,FALSE()) -> #N/A | B56: =VLOOKUP(E56,'[1]Listas Desplegables'!$H$3:$J$7,3,FALSE()) -> #N/A | C56: 51 | D56: T1 Santa Catalina 34.5/13.8 | E56: Santa Catalina 34.5 | F56: 34.5 | G56: 13.8 | H56: 2 | I56: Dyn11 | J56: 5.9 | K56: 5.9 | L56: 3 | M56: 5 | N56: 1 | O56: 2.5 | P56: 100 | Q56: 30 | R56: Sí | T56: SDL | U56: 117.6652 | Y56: ESSA | Z56: Activos de uso de STR y SDL
A57: =VLOOKUP(E57,'[1]Listas Desplegables'!$H$3:$J$7,2,FALSE()) -> #N/A | B57: =VLOOKUP(E57,'[1]Listas Desplegables'!$H$3:$J$7,3,FALSE()) -> #N/A | C57: … | D57: Granja 34.5/13.8 | E57: Granja 34.5 | F57: 34.5 | G57: 13.8 | H57: 25 | I57: Dyn11 | J57: 6.9 | K57: 6.9 | L57: 3 | M57: 5 | N57: 1 | O57: 2.5 | P57: 130 | Q57: 30 | R57: Sí | T57: SDL | U57: 233.4552 | Y57: ESSA | Z57: Activos de uso de STR y SDL
D58: Feria 34.5/13.8 | E58: Feria 34.5 | F58: 34.5 | G58: 13.8 | H58: 3 | I58: Dyn11 | J58: 5.5 | K58: 5.5 | L58: 3 | M58: 5 | N58: 1 | O58: 2.5 | P58: 100 | Q58: 30 | R58: Sí | T58: SDL | U58: 15.77 | Y58: ESSA | Z58: Activos de uso de STR y SDL
D59: Llanogrande 1 34.5/13.8 | E59: Llano Grande 34.5 | F59: 34.5 | G59: 13.8 | H59: 6 | I59: Dyn11 | J59: 5.8 | K59: 5.8 | L59: 3 | M59: 5 | N59: 1 | O59: 2.5 | P59: 131 | Q59: 30 | R59: No | S59: 46022 | T59: SDL | U59: 20.4016 | Y59: ESSA | Z59: Activos de uso de STR y SDL | AA59: Nuevo transformador a instalar en el año 2025
D60: T1 Laguna 34.5/13.8 | E60: Laguna 34.5 | F60: 34.5 | G60: 13.8 | H60: 1 | I60: Dyn5 | J60: 5.3 | K60: 5.3 | L60: 3 | M60: 5 | N60: 1 | O60: 2.5 | P60: 100 | Q60: 30 | R60: Sí | T60: SDL | U60: 117.6652 | Y60: ESSA | Z60: Activos de uso de STR y SDL
D61: T3 Palos 3 34.5/13.8 | E61: Palos 34.5 | F61: 34.5 | G61: 13.8 | H61: 12.5 | I61: Dyn11 | J61: 8 | K61: 8 | L61: 3 | M61: 5 | N61: 1 | O61: 2.5 | P61: 100 | Q61: 30 | R61: Sí | T61: SDL | U61: 117.6652 | Y61: ESSA | Z61: Activos de uso de STR y SDL
D62: Pte Sogamoso 34.5/13.8 | E62: Pte Sogamoso 34.5 | F62: 34.5 | G62: 13.8 | H62: 5 | I62: Dyn1 | J62: 6.4 | K62: 6.4 | L62: 3 | M62: 5 | N62: 1 | O62: 2.5 | P62: 129 | Q62: 30 | R62: Sí | T62: SDL | U62: 48.1912 | Y62: ESSA | Z62: Activos de uso de STR y SDL
D63: San Gil 4 34.5/13.8 | E63: San Gil 1 34.5 | F63: 34.5 | G63: 13.8 | H63: 12.5 | I63: Dyn11 | J63: 7.3 | K63: 7.3 | L63: 3 | M63: 5 | N63: 1 | O63: 2.5 | P63: 0 | Q63: 30 | R63: Sí | T63: SDL | U63: 0 | Y63: ESSA | Z63: Activos de uso de STR y SDL
D64: Sucre 34.5/13.8 | E64: Sucre 34.5 | F64: 34.5 | G64: 13.8 | H64: 3 | I64: Dyn11 | J64: 5.6 | K64: 5.6 | L64: 3 | M64: 5 | N64: 1 | O64: 2.5 | P64: 129 | Q64: 30 | R64: Sí | T64: SDL | U64: 20.4016 | Y64: ESSA | Z64: Activos de uso de STR y SDL
D65: T2 Parnaso 34.5/13.8 | E65: Parnaso 1 34.5 | F65: 34.5 | G65: 13.8 | H65: 10 | I65: Dyn11 | J65: 7 | K65: 7 | L65: 3 | M65: 5 | N65: 1 | O65: 2.5 | P65: 100 | Q65: 30 | R65: Sí | T65: SDL | U65: 117.6652 | Y65: ESSA | Z65: Activos de uso de STR y SDL
D66: Sur 2 34.5/13.8 | E66: Sur 2 34.5 | F66: 34.5 | G66: 13.8 | H66: 20 | I66: Dyn11 | J66: 7.1 | K66: 7.1 | L66: 3 | M66: 5 | N66: 1 | O66: 2.5 | P66: 123 | Q66: 30 | R66: Sí | T66: SDL | U66: 233.4552 | Y66: ESSA | Z66: Activos de uso de STR y SDL
D67: T1 Trincheras 34.5/13.8 | E67: Trincheras 34.5 | F67: 34.5 | G67: 13.8 | H67: 2 | I67: Dyn11 | J67: 3.7 | K67: 3.7 | L67: 3 | M67: 5 | N67: 1 | O67: 2.5 | P67: 100 | Q67: 30 | R67: Sí | T67: SDL | U67: 117.6652 | Y67: ESSA | Z67: Activos de uso de STR y SDL
D68: Vado Real 34.5/13.8 | E68: Vado Real 34.5 | F68: 33 | G68: 13.5 | H68: 1.5 | I68: Dyn1 | J68: 4.9 | K68: 4.9 | L68: 3 | M68: 5 | N68: 1 | O68: 2.5 | P68: 131 | Q68: 30 | R68: Sí | T68: SDL | U68: 15.77 | Y68: ESSA | Z68: Activos de uso de STR y SDL
D69: Florida 2 34.5/13.8 | E69: Florida 34.5 | F69: 34.5 | G69: 13.8 | H69: 12.5 | I69: Dyn11 | J69: 7.8 | K69: 7.8 | L69: 3 | M69: 5 | N69: 1 | O69: 2.5 | P69: 120 | Q69: 30 | R69: Sí | T69: SDL | U69: 117.6652 | Y69: ESSA | Z69: Activos de uso de STR y SDL
D70: Velez 34.5/13.8 | E70: Velez 34.5 | F70: 33 | G70: 13.8 | H70: 6 | I70: Dyn11 | J70: 6.3 | K70: 6.3 | L70: 3 | M70: 5 | N70: 1 | O70: 2.5 | P70: 129 | Q70: 30 | R70: Sí | T70: SDL | U70: 48.1912 | Y70: ESSA | Z70: Activos de uso de STR y SDL
D71: T1 Vijagual 34.5/13.8 | E71: Vijagual 34.5 | F71: 34.5 | G71: 13.8 | H71: 0.2 | I71: Dyn5 | J71: 4.5 | K71: 4.5 | L71: 3 | M71: 5 | N71: 1 | O71: 2.5 | P71: 100 | Q71: 30 | R71: Sí | T71: SDL | U71: 117.6652 | Y71: ESSA | Z71: Activos de uso de STR y SDL
... D79: T1 Provincia de Soto 34.5/13.8 kV | E79: Provincia de Soto 34.5 | F79: 34.5 | G79: 13.8 | H79: 1.6 | I79: Dyn5 | J79: 5.8 | K79: 5.8 | L79: 3 | M79: 5 | N79: 1 | O79: 2.5 | P79: 100 | Q79: 30 | R79: Sí | T79: SDL | U79: 117.6652 | Y79: ESSA | Z79: Activos de uso de STR y SDL
D80: Llanito 34.5/13.8 | E80: Llanito 34.5 | F80: 34.5 | G80: 13.8 | H80: 3 | I80: Dyn11 | J80: 5.8 | K80: 5.8 | L80: 3 | M80: 5 | N80: 1 | O80: 2.5 | P80: 131 | Q80: 30 | R80: No | S80: 46022 | T80: SDL | U80: 29.6648 | Y80: ESSA | Z80: Activos de uso de STR y SDL | AA80: Nuevo transformador a instalar en el año 2025
D81: Villas 34.5/13.8 | E81: Villas 34.5 | F81: 34.5 | G81: 13.8 | H81: 5 | I81: Dyn11 | J81: 6 | K81: 6 | L81: 3 | M81: 5 | N81: 1 | O81: 2.5 | P81: 140 | Q81: 30 | R81: Sí | T81: SDL | U81: 233.4552 | Y81: ESSA | Z81: Activos de uso de STR y SDL
D82: Garcia Rovira 1 34.5/13.8 | E82: Garcia Rovira 34.5 | F82: 34.5 | G82: 13.8 | H82: 5 | I82: Dyn11 | J82: 6 | K82: 6 | L82: 9 | M82: 17 | N82: 1 | O82: 1.2 | P82: 140 | Q82: 30 | R82: Sí | T82: SDL | U82: 48.1912 | Y82: ESSA | Z82: Activos de uso de STR y SDL
D83: T1 Hamacas 34.5/13.8 | E83: Nodo 407.4 | F83: 34.5 | G83: 13.8 | H83: 6 | I83: Dyn11 | J83: 7 | K83: 7 | L83: 3 | M83: 5 | N83: 1 | O83: 2.5 | P83: 100 | Q83: 30 | R83: Sí | T83: SDL | U83: 117.6652 | Y83: ESSA | Z83: Activos de uso de STR y SDL
D84: T2 Lizama 34.5/13.8 | E84: Lizama 34.5 | F84: 34.5 | G84: 13.8 | H84: 12.5 | I84: Dyn11 | J84: 9.2 | K84: 9.2 | L84: 3 | M84: 5 | N84: 1 | O84: 2.5 | P84: 100 | Q84: 30 | R84: Sí | T84: SDL | U84: 117.6652 | Y84: ESSA | Z84: Activos de uso de STR y SDL
D85: T1 Landazuri 34.5/13.8 | E85: Landazuri 34.5 | F85: 34.5 | G85: 13.8 | H85: 2 | I85: Dyn5 | J85: 6 | K85: 6 | L85: 3 | M85: 5 | N85: 1 | O85: 2.5 | P85: 100 | Q85: 30 | R85: Sí | T85: SDL | U85: 117.6652 | Y85: ESSA | Z85: Activos de uso de STR y SDL
D86: T1 Lebrija 34.5/13.8 | E86: Lebrija 34.5 | F86: 33 | G86: 13.8 | H86: 5 | I86: Dyn11 | J86: 6.4 | K86: 6.4 | L86: 3 | M86: 5 | N86: 1 | O86: 2.5 | P86: 100 | Q86: 30 | R86: Sí | T86: SDL | U86: 117.6652 | Y86: ESSA | Z86: Activos de uso de STR y SDL
D87: Palmas 3 4.16/33 | E87: Palmas 34.5 | F87: 33 | G87: 4.2 | H87: 5.6 | I87: YNd5 | J87: 6 | K87: 6 | L87: 3 | M87: 5 | N87: 1 | O87: 2.5 | P87: 145 | Q87: 30 | R87: Sí | T87: SDL | U87: 53.74912 | Y87: ESSA | Z87: Activos de uso de STR y SDL
D88: Palmas 6 34.5/13.8 | E88: Palmas 34.5 | F88: 34.5 | G88: 13.8 | H88: 2 | I88: Dyn11 | J88: 6 | K88: 6 | L88: 3 | M88: 5 | N88: 1 | O88: 2.5 | P88: 134 | Q88: 30 | R88: Sí | T88: SDL | U88: 20.4016 | Y88: ESSA | Z88: Activos de uso de STR y SDL
D89: Rio Frio T3 34.5/13.8 | E89: Rio Frio 34.5 | F89: 34.5 | G89: 13.8 | H89: 25 | I89: Dyn11 | J89: 9 | K89: 9 | L89: 5 | M89: 11 | N89: 1 | O89: 1.2 | P89: 100 | Q89: 30 | R89: Sí | T89: SDL | U89: 117.6652 | Y89: ESSA | Z89: Activos de uso de STR y SDL
D90: T1 Esperanza 34.5/13.8 | E90: Esperanza 34.5 | F90: 34.5 | G90: 13.8 | H90: 1 | I90: Dyn11 | J90: 5.8 | K90: 5.8 | L90: 3 | M90: 5 | N90: 1 | O90: 2.5 | P90: 100 | Q90: 30 | R90: Sí | T90: SDL | U90: 117.6652 | Y90: ESSA | Z90: Activos de uso de STR y SDL
D91: KM8 34.5/13.8 | E91: KM8 34.5 | F91: 34.5 | G91: 13.7 | H91: 2 | I91: Dyn5 | J91: 5.9 | K91: 5.9 | L91: 3 | M91: 5 | N91: 1 | O91: 2.5 | P91: 137 | Q91: 30 | R91: Sí | T91: SDL | U91: 20.4016 | Y91: ESSA | Z91: Activos de uso de STR y SDL
D92: Oiba 34.5/13.8 | E92: Oiba 34.5 | F92: 34.5 | G92: 13.8 | H92: 6 | I92: Dyn11 | J92: 7.2 | K92: 7.2 | L92: 3 | M92: 5 | N92: 1 | O92: 2.5 | P92: 119.5 | Q92: 30 | R92: Sí | T92: SDL | U92: 48.1912 | Y92: ESSA | Z92: Activos de uso de STR y SDL
... D94: San Andres 34.5/13.8 | E94: San Andres 34.5 | F94: 34.5 | G94: 13.8 | H94: 2 | I94: Dyn11 | J94: 5.3 | K94: 5.3 | L94: 3 | M94: 5 | N94: 1 | O94: 2.5 | P94: 122 | Q94: 30 | R94: Sí | T94: SDL | U94: 20.4016 | Y94: ESSA | Z94: Activos de uso de STR y SDL
D95: cantagallo T2 34.5/13.8 kV | E95: Cantagallo 34.5 | F95: 34.5 | G95: 13.8 | H95: 2 | I95: Dyn11 | J95: 5.3 | K95: 5.3 | L95: 3 | M95: 5 | N95: 1 | O95: 2.5 | P95: 100 | Q95: 30 | R95: No | S95: 46022 | T95: SDL | U95: 117.6652 | Y95: ESSA | Z95: Activos de uso de STR y SDL | AA95: Nuevo transformador a instalar en el año 2025
D96: T1 Mogotes | E96: Mogotes 34.5 kV | F96: 34.5 | G96: 13.8 | H96: 6 | I96: Dyn11 | J96: 7.3 | K96: 7.3 | L96: 3 | M96: 5 | N96: 1 | O96: 2.5 | P96: 100 | Q96: 30 | R96: No | S96: 45856 | T96: SDL | U96: 117.6652 | Y96: ESSA | Z96: Activos de uso de STR y SDL | AA96: Nuevo transformador a instalar en el año 2025
D97: T1 Yariguies | E97: Yariguies 34.5 kV | F97: 34.5 | G97: 13.8 | H97: 6 | I97: Dyn11 | J97: 7.3 | K97: 7.3 | L97: 3 | M97: 5 | N97: 1 | O97: 2.5 | P97: 100 | Q97: 30 | R97: No | S97: 46022 | T97: SDL | U97: 117.6652 | Y97: ESSA | Z97: Activos de uso de STR y SDL | AA97: Nuevo transformador a instalar en el año 2025
D98: Principal 1 115/13.8 | E98: Barra1 | F98: 115 | G98: 13.8 | H98: 40 | I98: Dyn11 | J98: 8.3 | K98: 9.3 | L98: 9 | M98: 17 | N98: 1 | O98: 1.25 | P98: 130 | Q98: 30 | R98: Sí | T98: STR | U98: 93.561 | Y98: ESSA | Z98: Activos de uso de STR y SDL
D99: Trf Conuco 2 115/13.8 | E99: Barra1 | F99: 115 | G99: 13.8 | H99: 40 | I99: Dyn11 | J99: 8.3 | K99: 9.2 | L99: 9 | M99: 17 | N99: 1 | O99: 1.25 | P99: 130 | Q99: 30 | R99: Sí | T99: STR | U99: 93,428 | Y99: ESSA | Z99: Activos de uso de STR y SDL
D100: Trf Conuco 1 115/13.8 | E100: Barra1 | F100: 115 | G100: 13.8 | H100: 40 | I100: Dyn11 | J100: 8.3 | K100: 9.2 | L100: 9 | M100: 17 | N100: 1 | O100: 1.25 | P100: 130 | Q100: 0 | R100: Sí | T100: STR | U100: 93,272 | Y100: ESSA | Z100: Activos de uso de STR y SDL
D101: paeo del puente 34.5/13.8 | E101: Paseo del Puente 34.5 kV | F101: 33 | G101: 13.8 | H101: 12.5 | I101: Dyn1 | J101: 7.5 | K101: 7.5 | L101: 3 | M101: 5 | N101: 1 | O101: 2.5 | P101: 100 | Q101: 30 | R101: No | S101: 46752 | T101: SDL | U101: 117.6652 | Y101: ESSA | Z101: Activos de uso de STR y SDL | AA101: Nuevo transformador a instalar en el año 2027
D102: Barranca 34.5/13.8 kV | E102: Barranca 1 34.5 | F102: 34.5 | G102: 13.8 | H102: 3 | I102: Dyn11 | J102: 5.5 | K102: 5.5 | L102: 3 | M102: 5 | N102: 1 | O102: 2.5 | P102: 100 | Q102: 30 | R102: No | S102: 46752 | T102: SDL | U102: 117.6652 | Y102: ESSA | Z102: Activos de uso de STR y SDL | AA102: Nuevo transformador a instalar en el año 2027
D103: San Marcos 34.5/13.8 kV | E103: San marcso 34.5 kV | F103: 33 | G103: 13.8 | H103: 12.5 | I103: Dyn1 | J103: 7.5 | K103: 7.5 | L103: 3 | M103: 5 | N103: 1 | O103: 2.5 | P103: 100 | Q103: 30 | R103: No | S103: 46752 | T103: SDL | U103: 117.6652 | Y103: ESSA | Z103: Activos de uso de STR y SDL | AA103: Nuevo transformador a instalar en el año 2027
D104: Berlin 34.5/13.8 | E104: Berlin 34.5 | F104: 34.5 | G104: 13.8 | H104: 1.1 | I104: Dyn11 | J104: 4.7 | K104: 4.7 | L104: 3 | M104: 5 | N104: 1 | O104: 2.5 | P104: 0 | Q104: 30 | R104: Sí | T104: SDL | U104: 29.6648 | Y104: ESSA | Z104: Activos de uso de STR y SDL
D105: Caneyes 2 34.5/13.8 | E105: Caneyes 2 34.5 | F105: 34.5 | G105: 13.8 | H105: 12.5 | I105: Dyn11 | J105: 8.6 | K105: 8.6 | L105: 3 | M105: 5 | N105: 1 | O105: 2.5 | P105: 130 | Q105: 30 | R105: Sí | T105: SDL | U105: 117.6652 | Y105: ESSA | Z105: Activos de uso de STR y SDL | AA105: Se pone fuera de servicio en el año 2027 para reemplazarlo por uno nuevo de 25 MVA
D106: Cabecera 34.5/13.8 | E106: Cabecera 34.5 | F106: 34.5 | G106: 13.7 | H106: 2 | I106: Dyn5 | J106: 5.9 | K106: 5.9 | L106: 3 | M106: 5 | N106: 1 | O106: 2.5 | P106: 128.4 | Q106: 30 | R106: Sí | T106: SDL | U106: 20.4016 | Y106: ESSA | Z106: Activos de uso de STR y SDL
D107: Realminas 4 34.5/13.8 | E107: Realminas 34.5 | F107: 34.5 | G107: 13.8 | H107: 12.5 | I107: Dyn11 | J107: 8.9 | K107: 8.9 | L107: 3 | M107: 5 | N107: 1 | O107: 2.5 | P107: 131 | Q107: 30 | R107: Sí | T107: SDL | U107: 233.4552 | Y107: ESSA | Z107: Activos de uso de STR y SDL | AA107: Se pone fuera de servicio en el año 2025 para reemplazo por uno nuevo de 25 MVA
D108: San Vicente 34.5/13.8 | E108: San Vicente 34.5 | F108: 34.5 | G108: 13.8 | H108: 5 | I108: Dyn1 | J108: 6.5 | K108: 6.5 | L108: 3 | M108: 5 | N108: 1 | O108: 2.5 | P108: 129 | Q108: 30 | R108: Sí | T108: SDL | U108: 48.1912 | Y108: ESSA | Z108: Activos de uso de STR y SDL | AA108: Se pone fuera de servicio en el año 2025 para reemplazo por uno nuevo de 6 MVA
D109: Realminas 2 34.5/13.8 | E109: Realminas 34.5 | F109: 34.5 | G109: 13.8 | H109: 12.5 | I109: Dyn11 | J109: 8.9 | K109: 8.9 | L109: 3 | M109: 5 | N109: 1 | O109: 2.5 | P109: 131 | Q109: 30 | R109: Sí | T109: SDL | U109: 117.6652 | Y109: ESSA | Z109: Activos de uso de STR y SDL | AA109: Se pone fuera de servicio en el año 2027 para reemplazo por uno nuevo de 25 MVA
D110: Llanogrande 1 34.5/13.8 | E110: Llano Grande 34.5 | F110: 34.5 | G110: 13.8 | H110: 2 | I110: Dyn11 | J110: 5.8 | K110: 5.8 | L110: 3 | M110: 5 | N110: 1 | O110: 2.5 | P110: 131 | Q110: 30 | R110: Sí | T110: SDL | U110: 20.4016 | Y110: ESSA | Z110: Activos de uso de STR y SDL | AA110: Se pone fuera de servicios en el año 2025 para reemplazo por uno de 6 MVA
D111: San Cristobal 34.5/13.8 | E111: San Cristobal 34.5 | F111: 33 | G111: 13.8 | H111: 12.5 | I111: Dyn1 | J111: 7.5 | K111: 7.5 | L111: 3 | M111: 5 | N111: 1 | O111: 2.5 | P111: 133 | Q111: 30 | R111: Sí | T111: SDL | U111: 117.6652 | Y111: ESSA | Z111: Activos de uso de STR y SDL
D112: Llanito 34.5/13.8 | E112: Llanito 34.5 | F112: 34.5 | G112: 13.8 | H112: 1 | I112: Dyn11 | J112: 5.8 | K112: 5.8 | L112: 3 | M112: 5 | N112: 1 | O112: 2.5 | P112: 131 | Q112: 30 | R112: Sí | T112: SDL | U112: 29.6648 | Y112: ESSA | Z112: Activos de uso de STR y SDL | AA112: Se pone fuera de servicio en el año 2025 para reemplazo por uno de 3 MVA

Sheet 4. Subestaciones
C3: Información General de Subestaciones
C4: No. | D4: ='Manual de Uso'!C110 -> Nombre | E4: ='Manual de Uso'!C111 -> Agente Administrador | F4: ='Manual de Uso'!C112 -> Nivel de tensión [kV] | G4: ='Manual de Uso'!C113 -> Capacidad de interrupción [kA] | H4: ='Manual de Uso'!C114 -> Elemento limitante | I4: ='Manual de Uso'!C115 -> Configuración | J4: ='Manual de Uso'!C116 -> Tipo | K4: ='Manual de Uso'!C117 -> En Operación | L4: ='Manual de Uso'!C118 -> FPO | M4: ='Manual de Uso'!C119 -> Departamento | N4: ='Manual de Uso'!C120 -> Municipio | O4: ='Manual de Uso'!C121 -> Operador | P4: ='Manual de Uso'!C122 -> Tipo activo Uso/Conexión | Q4: ='Manual de Uso'!C123 -> Observaciones transportador
A6: =VLOOKUP(E6,'[1]Listas Desplegables'!$H$3:$J$7,2,FALSE()) -> #N/A | B6: =VLOOKUP(E6,'[1]Listas Desplegables'!$H$3:$J$7,3,FALSE()) -> #N/A | C6: 1 | D6: Los Palos 230 kV | E6: ESSA | F6: 230 | H6: 25 | I6: Barra Principal y Barra de Transferencia | J6: Convencional | K6: Sí | M6: SANTANDER | N6: BUCARAMANGA | O6: ESSA | P6: Activos de uso de STR y SDL | Q6: Se tomo la capacidad de interrupción de menor magnitud asociado al nivel de tension.
A7: =VLOOKUP(E7,'[1]Listas Desplegables'!$H$3:$J$7,2,FALSE()) -> #N/A | B7: =VLOOKUP(E7,'[1]Listas Desplegables'!$H$3:$J$7,3,FALSE()) -> #N/A | C7: 2 | D7: Los Palos 115 kV | E7: ESSA | F7: 115 | H7: 20 | I7: Barra Principal y Barra de Transferencia | J7: Convencional | K7: Sí | M7: SANTANDER | N7: BUCARAMANGA | O7: ESSA | P7: Activos de uso de STR y SDL | Q7: Se tomo la capacidad de interrupción de menor magnitud asociado al nivel de tension.
A8: =VLOOKUP(E8,'[1]Listas Desplegables'!$H$3:$J$7,2,FALSE()) -> #N/A | B8: =VLOOKUP(E8,'[1]Listas Desplegables'!$H$3:$J$7,3,FALSE()) -> #N/A | C8: 3 | D8: Los Palos 34.5 kV | E8: ESSA | F8: 34.5 | H8: 25 | I8: Barra sencilla | J8: Convencional | K8: Sí | M8: SANTANDER | N8: BUCARAMANGA | O8: ESSA | P8: Activos de uso de STR y SDL
A9: =VLOOKUP(E9,'[1]Listas Desplegables'!$H$3:$J$7,2,FALSE()) -> #N/A | B9: =VLOOKUP(E9,'[1]Listas Desplegables'!$H$3:$J$7,3,FALSE()) -> #N/A | C9: 4 | D9: Los Palos 13.8 kV | E9: ESSA | F9: 13.8 | H9: 20 | I9: Barra sencilla | J9: Encapsulado | K9: Sí | M9: SANTANDER | N9: BUCARAMANGA | O9: ESSA | P9: Activos de uso de STR y SDL | Q9: Celda metalclad Se tomo la capacidad de interrupción de menor magnitud asociado al nivel de tension.
A10: =VLOOKUP(E10,'[1]Listas Desplegables'!$H$3:$J$7,2,FALSE()) -> #N/A | B10: =VLOOKUP(E10,'[1]Listas Desplegables'!$H$3:$J$7,3,FALSE()) -> #N/A | C10: 5 | D10: Bucaramanga 230 kV | E10: ESSA | F10: 230 | H10: 25 | I10: Anillo | J10: Convencional | K10: Sí | M10: SANTANDER | N10: FLORIDABLANCA | O10: ESSA | P10: Activos de uso de STR y SDL | Q10: Se tomo la capacidad de interrupción de menor magnitud asociado al nivel de tension.
A11: =VLOOKUP(E11,'[1]Listas Desplegables'!$H$3:$J$7,2,FALSE()) -> #N/A | B11: =VLOOKUP(E11,'[1]Listas Desplegables'!$H$3:$J$7,3,FALSE()) -> #N/A | C11: 6 | D11: Bucaramanga 115 kV | E11: ESSA | F11: 115 | H11: 25 | I11: Anillo | J11: Convencional | K11: Sí | M11: SANTANDER | N11: FLORIDABLANCA | O11: ESSA | P11: Activos de uso de STR y SDL | Q11: Se tomo la capacidad de interrupción de menor magnitud asociado al nivel de tension.
A12: =VLOOKUP(E12,'[1]Listas Desplegables'!$H$3:$J$7,2,FALSE()) -> #N/A | B12: =VLOOKUP(E12,'[1]Listas Desplegables'!$H$3:$J$7,3,FALSE()) -> #N/A | C12: 7 | D12: Bucaramanga 34.5 kV | E12: ESSA | F12: 34.5 | H12: 25 | I12: Barra sencilla | J12: Convencional | K12: Sí | M12: SANTANDER | N12: FLORIDABLANCA | O12: ESSA | P12: Activos de uso de STR y SDL
A13: =VLOOKUP(E13,'[1]Listas Desplegables'!$H$3:$J$7,2,FALSE()) -> #N/A | B13: =VLOOKUP(E13,'[1]Listas Desplegables'!$H$3:$J$7,3,FALSE()) -> #N/A | C13: 8 | D13: Piedecuesta 230 kV | F13: 230 | I13: Barra sencilla | J13: Convencional | K13: Sí | M13: SANTANDER | N13: PIEDECUESTA | O13: ESSA | P13: Activos de uso de STR y SDL | Q13: Barraje de 230 no es propiedad de ESSA
A14: =VLOOKUP(E14,'[1]Listas Desplegables'!$H$3:$J$7,2,FALSE()) -> #N/A | B14: =VLOOKUP(E14,'[1]Listas Desplegables'!$H$3:$J$7,3,FALSE()) -> #N/A | C14: 9 | D14: Piedecuesta 115 kV | E14: ESSA | F14: 115 | H14: 31.5 | I14: Barra sencilla | J14: Convencional | K14: Sí | M14: SANTANDER | N14: PIEDECUESTA | O14: ESSA | P14: Activos de uso de STR y SDL
A15: =VLOOKUP(E15,'[1]Listas Desplegables'!$H$3:$J$7,2,FALSE()) -> #N/A | B15: =VLOOKUP(E15,'[1]Listas Desplegables'!$H$3:$J$7,3,FALSE()) -> #N/A | C15: 10 | D15: Piedecuesta 34.5 kV | E15: ESSA | F15: 34.5 | H15: 31.5 | I15: Barra sencilla | J15: Encapsulado | K15: Sí | M15: SANTANDER | N15: PIEDECUESTA | O15: ESSA | P15: Activos de uso de STR y SDL | Q15: Celda metalclad
A16: =VLOOKUP(E16,'[1]Listas Desplegables'!$H$3:$J$7,2,FALSE()) -> #N/A | B16: =VLOOKUP(E16,'[1]Listas Desplegables'!$H$3:$J$7,3,FALSE()) -> #N/A | C16: 11 | D16: Barranca 230 kV | E16: ESSA | F16: 230 | H16: 40 | I16: Interruptor y medio | J16: Encapsulado | K16: Sí | M16: SANTANDER | N16: BARRANCABERMEJA | O16: ESSA | P16: Activos de uso de STR y SDL | Q16: Encapsulada SF6 Se tomo la capacidad de interrupción de menor magnitud asociado al nivel de tension.
A17: =VLOOKUP(E17,'[1]Listas Desplegables'!$H$3:$J$7,2,FALSE()) -> #N/A | B17: =VLOOKUP(E17,'[1]Listas Desplegables'!$H$3:$J$7,3,FALSE()) -> #N/A | C17: 12 | D17: Barranca 115 kV | E17: ESSA | F17: 115 | H17: 40 | I17: Barra Principal y Barra de Transferencia | J17: Encapsulado | K17: Sí | M17: SANTANDER | N17: BARRANCABERMEJA | O17: ESSA | P17: Activos de uso de STR y SDL | Q17: Encapsulada SF6 Se tomo la capacidad de interrupción de menor magnitud asociado al nivel de tension.
A18: =VLOOKUP(E18,'[1]Listas Desplegables'!$H$3:$J$7,2,FALSE()) -> #N/A | B18: =VLOOKUP(E18,'[1]Listas Desplegables'!$H$3:$J$7,3,FALSE()) -> #N/A | C18: 13 | D18: Barranca 34.5 Kv | E18: ESSA | F18: 34.5 | H18: 21 | I18: Barra sencilla | J18: Convencional | K18: Sí | M18: SANTANDER | N18: BARRANCABERMEJA | O18: ESSA | P18: Activos de uso de STR y SDL | Q18: Se tomo la capacidad de interrupción de menor magnitud asociado al nivel de tension.
A19: =VLOOKUP(E19,'[1]Listas Desplegables'!$H$3:$J$7,2,FALSE()) -> #N/A | B19: =VLOOKUP(E19,'[1]Listas Desplegables'!$H$3:$J$7,3,FALSE()) -> #N/A | C19: 14 | D19: Cimitarra 115 kV | E19: ESSA | F19: 115 | H19: 25 | I19: Barra sencilla | J19: Convencional | K19: Sí | M19: SANTANDER | N19: CIMITARRA | O19: ESSA | P19: Activos de uso de STR y SDL
A20: =VLOOKUP(E20,'[1]Listas Desplegables'!$H$3:$J$7,2,FALSE()) -> #N/A | B20: =VLOOKUP(E20,'[1]Listas Desplegables'!$H$3:$J$7,3,FALSE()) -> #N/A | C20: 15 | D20: Cimitarra 34.5 kV | E20: ESSA | F20: 34.5 | H20: 25 | I20: Barra sencilla | J20: Convencional | K20: Sí | M20: SANTANDER | N20: CIMITARRA | O20: ESSA | P20: Activos de uso de STR y SDL
A21: =VLOOKUP(E21,'[1]Listas Desplegables'!$H$3:$J$7,2,FALSE()) -> #N/A | B21: =VLOOKUP(E21,'[1]Listas Desplegables'!$H$3:$J$7,3,FALSE()) -> #N/A | C21: 16 | D21: Cimitarra 13.8 kV | E21: ESSA | F21: 13.8 | H21: 21 | I21: Barra sencilla | J21: Encapsulado | K21: Sí | M21: SANTANDER | N21: CIMITARRA | O21: ESSA | P21: Activos de uso de STR y SDL | Q21: Celda metalclad Se tomo la capacidad de interrupción de menor magnitud asociado al nivel de tension.
A22: =VLOOKUP(E22,'[1]Listas Desplegables'!$H$3:$J$7,2,FALSE()) -> #N/A | B22: =VLOOKUP(E22,'[1]Listas Desplegables'!$H$3:$J$7,3,FALSE()) -> #N/A | C22: 17 | D22: Lizama 115 kV | E22: ESSA | F22: 115 | H22: 25 | I22: Barra sencilla | J22: Convencional | K22: Sí | M22: SANTANDER | N22: SAN VICENTE | O22: ESSA | P22: Activos de uso de STR y SDL | Q22: Se tomo la capacidad de interrupción de menor magnitud asociado al nivel de tension
A23: =VLOOKUP(E23,'[1]Listas Desplegables'!$H$3:$J$7,2,FALSE()) -> #N/A | B23: =VLOOKUP(E23,'[1]Listas Desplegables'!$H$3:$J$7,3,FALSE()) -> #N/A | C23: 18 | D23: Lizama 34.5 kV | E23: ESSA | F23: 34.5 | H23: 20 | I23: Barra sencilla | J23: Convencional | K23: Sí | M23: SANTANDER | N23: SAN VICENTE | O23: ESSA | P23: Activos de uso de STR y SDL | Q23: Se tomo la capacidad de interrupción de menor magnitud asociado al nivel de tension
A24: =VLOOKUP(E24,'[1]Listas Desplegables'!$H$3:$J$7,2,FALSE()) -> #N/A | B24: =VLOOKUP(E24,'[1]Listas Desplegables'!$H$3:$J$7,3,FALSE()) -> #N/A | C24: 19 | D24: Lizama 13.8 kV | E24: ESSA | F24: 13.8 | H24: 1.25 | I24: Barra sencilla | J24: Encapsulado | K24: Sí | M24: SANTANDER | N24: SAN VICENTE | O24: ESSA | P24: Activos de uso de STR y SDL | Q24: Celda metalclad Se tomo la capacidad de interrupción de menor magnitud asociado al nivel de tension
A25: =VLOOKUP(E25,'[1]Listas Desplegables'!$H$3:$J$7,2,FALSE()) -> #N/A | B25: =VLOOKUP(E25,'[1]Listas Desplegables'!$H$3:$J$7,3,FALSE()) -> #N/A | C25: 20 | D25: Palenque 115 kV | E25: ESSA | F25: 115 | H25: 25 | I25: Barra sencilla | J25: Convencional | K25: Sí | M25: SANTANDER | N25: BUCARAMANGA | O25: ESSA | P25: Activos de uso de STR y SDL | Q25: Se tomo la capacidad de interrupción de menor magnitud asociado al nivel de tension.
A26: =VLOOKUP(E26,'[1]Listas Desplegables'!$H$3:$J$7,2,FALSE()) -> #N/A | B26: =VLOOKUP(E26,'[1]Listas Desplegables'!$H$3:$J$7,3,FALSE()) -> #N/A | C26: 21 | D26: Palenque 34.5 kV | E26: ESSA | F26: 34.5 | H26: 6.5 | I26: Barra sencilla | J26: Convencional | K26: Sí | M26: SANTANDER | N26: BUCARAMANGA | O26: ESSA | P26: Activos de uso de STR y SDL | Q26: Se tomo la capacidad de interrupción de menor magnitud asociado al nivel de tension.
A27: =VLOOKUP(E27,'[1]Listas Desplegables'!$H$3:$J$7,2,FALSE()) -> #N/A | B27: =VLOOKUP(E27,'[1]Listas Desplegables'!$H$3:$J$7,3,FALSE()) -> #N/A | C27: 22 | D27: Palenque 13.8 kV | E27: ESSA | F27: 13.8 | H27: 20 | I27: Barra sencilla | J27: Encapsulado | K27: Sí | M27: SANTANDER | N27: BUCARAMANGA | O27: ESSA | P27: Activos de uso de STR y SDL | Q27: Celda metalclad Se tomo la capacidad de interrupción de menor magnitud asociado al nivel de tension.
A28: =VLOOKUP(E28,'[1]Listas Desplegables'!$H$3:$J$7,2,FALSE()) -> #N/A | B28: =VLOOKUP(E28,'[1]Listas Desplegables'!$H$3:$J$7,3,FALSE()) -> #N/A | C28: 23 | D28: Puerto Wilches 115 kV | E28: ESSA | F28: 115 | H28: 25 | I28: Barra sencilla | J28: Convencional | K28: Sí | M28: SANTANDER | N28: PUERTO WILCHES | O28: ESSA | P28: Activos de uso de STR y SDL | Q28: Se tomo la capacidad de interrupción de menor magnitud asociado al nivel de tension.
A29: =VLOOKUP(E29,'[1]Listas Desplegables'!$H$3:$J$7,2,FALSE()) -> #N/A | B29: =VLOOKUP(E29,'[1]Listas Desplegables'!$H$3:$J$7,3,FALSE()) -> #N/A | C29: 24 | D29: Puerto Wilches 34.5 kV | E29: ESSA | F29: 34.5 | H29: 31.5 | I29: Barra sencilla | J29: Encapsulado | K29: Sí | M29: SANTANDER | N29: PUERTO WILCHES | O29: ESSA | P29: Activos de uso de STR y SDL | Q29: Celda metalclad
A30: =VLOOKUP(E30,'[1]Listas Desplegables'!$H$3:$J$7,2,FALSE()) -> #N/A | B30: =VLOOKUP(E30,'[1]Listas Desplegables'!$H$3:$J$7,3,FALSE()) -> #N/A | C30: 25 | D30: Real de Minas 115 kV | E30: ESSA | F30: 115 | H30: 25 | I30: Barra sencilla | J30: Convencional | K30: Sí | M30: SANTANDER | N30: BUCARAMANGA | O30: ESSA | P30: Activos de uso de STR y SDL | Q30: Se tomo la capacidad de interrupción de menor magnitud asociado al nivel de tension.
A31: =VLOOKUP(E31,'[1]Listas Desplegables'!$H$3:$J$7,2,FALSE()) -> #N/A | B31: =VLOOKUP(E31,'[1]Listas Desplegables'!$H$3:$J$7,3,FALSE()) -> #N/A | C31: 26 | D31: Real de Minas 34.5 kV | E31: ESSA | F31: 34.5 | H31: 25 | I31: Barra sencilla | J31: Encapsulado | K31: Sí | M31: SANTANDER | N31: BUCARAMANGA | O31: ESSA | P31: Activos de uso de STR y SDL | Q31: Celda metalclad
A32: =VLOOKUP(E32,'[1]Listas Desplegables'!$H$3:$J$7,2,FALSE()) -> #N/A | B32: =VLOOKUP(E32,'[1]Listas Desplegables'!$H$3:$J$7,3,FALSE()) -> #N/A | C32: 27 | D32: Real de Minas 13.8 kV | E32: ESSA | F32: 13.8 | H32: 20 | I32: Barra sencilla | J32: Encapsulado | K32: Sí | M32: SANTANDER | N32: BUCARAMANGA | O32: ESSA | P32: Activos de uso de STR y SDL | Q32: Celda metalclad Se tomo la capacidad de interrupción de menor magnitud asociado al nivel de tension.
A33: =VLOOKUP(E33,'[1]Listas Desplegables'!$H$3:$J$7,2,FALSE()) -> #N/A | B33: =VLOOKUP(E33,'[1]Listas Desplegables'!$H$3:$J$7,3,FALSE()) -> #N/A | C33: 28 | D33: Sabana de Torres 115 kV | E33: ESSA | F33: 115 | H33: 25 | I33: Barra sencilla | J33: Convencional | K33: Sí | M33: SANTANDER | N33: SABANA DE TORRES | O33: ESSA | P33: Activos de uso de STR y SDL
A34: =VLOOKUP(E34,'[1]Listas Desplegables'!$H$3:$J$7,2,FALSE()) -> #N/A | B34: =VLOOKUP(E34,'[1]Listas Desplegables'!$H$3:$J$7,3,FALSE()) -> #N/A | C34: 29 | D34: Sabana de Torres 34.5 kV | E34: ESSA | F34: 34.5 | H34: 25 | I34: Barra sencilla | J34: Convencional | K34: Sí | M34: SANTANDER | N34: SABANA DE TORRES | O34: ESSA | P34: Activos de uso de STR y SDL
A35: =VLOOKUP(E35,'[1]Listas Desplegables'!$H$3:$J$7,2,FALSE()) -> #N/A | B35: =VLOOKUP(E35,'[1]Listas Desplegables'!$H$3:$J$7,3,FALSE()) -> #N/A | C35: 30 | D35: Sabana de Torres 13.8 kV | E35: ESSA | F35: 13.8 | H35: 2 | I35: Barra sencilla | J35: Encapsulado | K35: Sí | M35: SANTANDER | N35: SABANA DE TORRES | O35: ESSA | P35: Activos de uso de STR y SDL | Q35: Celda metalclad
A36: =VLOOKUP(E36,'[1]Listas Desplegables'!$H$3:$J$7,2,FALSE()) -> #N/A | B36: =VLOOKUP(E36,'[1]Listas Desplegables'!$H$3:$J$7,3,FALSE()) -> #N/A | C36: 31 | D36: San Alberto 115 kV | E36: ESSA | F36: 115 | H36: 25 | I36: Barra sencilla | J36: Convencional | K36: Sí | M36: CESAR | N36: SAN ALBERTO | O36: ESSA | P36: Activos de uso de STR y SDL
A37: =VLOOKUP(E37,'[1]Listas Desplegables'!$H$3:$J$7,2,FALSE()) -> #N/A | B37: =VLOOKUP(E37,'[1]Listas Desplegables'!$H$3:$J$7,3,FALSE()) -> #N/A | C37: 32 | D37: San Alberto 34.5 kV | E37: ESSA | F37: 34.5 | H37: 31.5 | I37: Barra sencilla | J37: Encapsulado | K37: Sí | M37: CESAR | N37: SAN ALBERTO | O37: ESSA | P37: Activos de uso de STR y SDL | Q37: Celda metalclad
A38: =VLOOKUP(E38,'[1]Listas Desplegables'!$H$3:$J$7,2,FALSE()) -> #N/A | B38: =VLOOKUP(E38,'[1]Listas Desplegables'!$H$3:$J$7,3,FALSE()) -> #N/A | C38: 33 | D38: San Alberto 13.8 kV | E38: ESSA | F38: 13.8 | H38: 20 | I38: Barra sencilla | J38: Encapsulado | K38: Sí | M38: CESAR | N38: SAN ALBERTO | O38: ESSA | P38: Activos de uso de STR y SDL | Q38: Celda metalclad
A39: =VLOOKUP(E39,'[1]Listas Desplegables'!$H$3:$J$7,2,FALSE()) -> #N/A | B39: =VLOOKUP(E39,'[1]Listas Desplegables'!$H$3:$J$7,3,FALSE()) -> #N/A | C39: 34 | D39: San Gil 115 kV | E39: ESSA | F39: 115 | H39: 25 | I39: Barra sencilla | J39: Convencional | K39: Sí | M39: SANTANDER | N39: SAN GIL | O39: ESSA | P39: Activos de uso de STR y SDL | Q39: Se tomo la capacidad de interrupción de menor magnitud asociado al nivel de tension.
A40: =VLOOKUP(E40,'[1]Listas Desplegables'!$H$3:$J$7,2,FALSE()) -> #N/A | B40: =VLOOKUP(E40,'[1]Listas Desplegables'!$H$3:$J$7,3,FALSE()) -> #N/A | C40: 35 | D40: San Gil 34.5 kV | E40: ESSA | F40: 34.5 | H40: 12.5 | I40: Barra sencilla | J40: Convencional | K40: Sí | M40: SANTANDER | N40: SAN GIL | O40: ESSA | P40: Activos de uso de STR y SDL | Q40: Se tomo la capacidad de interrupción de menor magnitud asociado al nivel de tension.
A41: =VLOOKUP(E41,'[1]Listas Desplegables'!$H$3:$J$7,2,FALSE()) -> #N/A | B41: =VLOOKUP(E41,'[1]Listas Desplegables'!$H$3:$J$7,3,FALSE()) -> #N/A | C41: 36 | D41: San Gil 13.8 kV | E41: ESSA | F41: 13.8 | H41: 2.1 | I41: Barra sencilla | J41: Convencional | K41: Sí | M41: SANTANDER | N41: SAN GIL | O41: ESSA | P41: Activos de uso de STR y SDL | Q41: Se tomo la capacidad de interrupción de menor magnitud asociado al nivel de tension.
A42: =VLOOKUP(E42,'[1]Listas Desplegables'!$H$3:$J$7,2,FALSE()) -> #N/A | B42: =VLOOKUP(E42,'[1]Listas Desplegables'!$H$3:$J$7,3,FALSE()) -> #N/A | C42: 37 | D42: Barbosa 115 kV | E42: ESSA | F42: 115 | H42: 25 | I42: Barra sencilla | J42: Convencional | K42: Sí | M42: SANTANDER | N42: BARBOSA | O42: ESSA | P42: Activos de uso de STR y SDL | Q42: Se tomo la capacidad de interrupción de menor magnitud asociado al nivel de tension.
A43: =VLOOKUP(E43,'[1]Listas Desplegables'!$H$3:$J$7,2,FALSE()) -> #N/A | B43: =VLOOKUP(E43,'[1]Listas Desplegables'!$H$3:$J$7,3,FALSE()) -> #N/A | C43: 38 | D43: Barbosa 34.5 kV | E43: ESSA | F43: 34.5 | H43: 25 | I43: Barra sencilla | J43: Convencional | K43: Sí | M43: SANTANDER | N43: BARBOSA | O43: ESSA | P43: Activos de uso de STR y SDL
A44: =VLOOKUP(E44,'[1]Listas Desplegables'!$H$3:$J$7,2,FALSE()) -> #N/A | B44: =VLOOKUP(E44,'[1]Listas Desplegables'!$H$3:$J$7,3,FALSE()) -> #N/A | C44: 39 | D44: Barbosa 13.8 kV | E44: ESSA | F44: 13.8 | H44: 10 | I44: Barra sencilla | J44: Encapsulado | K44: Sí | M44: SANTANDER | N44: BARBOSA | O44: ESSA | P44: Activos de uso de STR y SDL | Q44: Celda metalclad Se tomo la capacidad de interrupción de menor magnitud asociado al nivel de tension.
A45: =VLOOKUP(E45,'[1]Listas Desplegables'!$H$3:$J$7,2,FALSE()) -> #N/A | B45: =VLOOKUP(E45,'[1]Listas Desplegables'!$H$3:$J$7,3,FALSE()) -> #N/A | C45: 40 | D45: Florida 115 kV | E45: ESSA | F45: 115 | H45: 25 | I45: Barra sencilla | J45: Convencional | K45: Sí | M45: SANTANDER | N45: FLORIDABLANCA | O45: ESSA | P45: Activos de uso de STR y SDL
A46: =VLOOKUP(E46,'[1]Listas Desplegables'!$H$3:$J$7,2,FALSE()) -> #N/A | B46: =VLOOKUP(E46,'[1]Listas Desplegables'!$H$3:$J$7,3,FALSE()) -> #N/A | C46: 41 | D46: Florida 34.5 kV | E46: ESSA | F46: 34.5 | H46: 25 | I46: Barra sencilla | J46: Encapsulado | K46: Sí | M46: SANTANDER | N46: FLORIDABLANCA | O46: ESSA | P46: Activos de uso de STR y SDL | Q46: Celda metalclad
A47: =VLOOKUP(E47,'[1]Listas Desplegables'!$H$3:$J$7,2,FALSE()) -> #N/A | B47: =VLOOKUP(E47,'[1]Listas Desplegables'!$H$3:$J$7,3,FALSE()) -> #N/A | C47: 42 | D47: Florida 13.8 kV | E47: ESSA | F47: 13.8 | H47: 20 | I47: Barra sencilla | J47: Encapsulado | K47: Sí | M47: SANTANDER | N47: FLORIDABLANCA | O47: ESSA | P47: Activos de uso de STR y SDL | Q47: Celda metalclad
A48: =VLOOKUP(E48,'[1]Listas Desplegables'!$H$3:$J$7,2,FALSE()) -> #N/A | B48: =VLOOKUP(E48,'[1]Listas Desplegables'!$H$3:$J$7,3,FALSE()) -> #N/A | C48: 43 | D48: San Silvestre 115 kV | E48: ESSA | F48: 115 | H48: 25 | I48: Barra sencilla | J48: Convencional | K48: Sí | M48: SANTANDER | N48: BARRANCABERMEJA | O48: ESSA | P48: Activos de uso de STR y SDL | Q48: Se tomo la capacidad de interrupción de menor magnitud asociado al nivel de tension
A49: =VLOOKUP(E49,'[1]Listas Desplegables'!$H$3:$J$7,2,FALSE()) -> #N/A | B49: =VLOOKUP(E49,'[1]Listas Desplegables'!$H$3:$J$7,3,FALSE()) -> #N/A | C49: 44 | D49: San Silvestre 34.5 kV | E49: ESSA | F49: 34.5 | H49: 20 | I49: Barra sencilla | J49: Convencional | K49: Sí | M49: SANTANDER | N49: BARRANCABERMEJA | O49: ESSA | P49: Activos de uso de STR y SDL | Q49: Se tomo la capacidad de interrupción de menor magnitud asociado al nivel de tension
A50: =VLOOKUP(E50,'[1]Listas Desplegables'!$H$3:$J$7,2,FALSE()) -> #N/A | B50: =VLOOKUP(E50,'[1]Listas Desplegables'!$H$3:$J$7,3,FALSE()) -> #N/A | C50: 45 | D50: San Silvestre 13.8 kV | E50: ESSA | F50: 13.8 | H50: 20 | I50: Barra sencilla | J50: Encapsulado | K50: Sí | M50: SANTANDER | N50: BARRANCABERMEJA | O50: ESSA | P50: Activos de uso de STR y SDL | Q50: Celda metalclad
A51: =VLOOKUP(E51,'[1]Listas Desplegables'!$H$3:$J$7,2,FALSE()) -> #N/A | B51: =VLOOKUP(E51,'[1]Listas Desplegables'!$H$3:$J$7,3,FALSE()) -> #N/A | C51: 46 | D51: Acuarela 13.8 kV | E51: ESSA | F51: 13.8 | H51: 12.5 | I51: Barra sencilla | J51: Convencional | K51: Sí | M51: SANTANDER | N51: LOS SANTOS | O51: ESSA | P51: Activos de uso de STR y SDL
A52: =VLOOKUP(E52,'[1]Listas Desplegables'!$H$3:$J$7,2,FALSE()) -> #N/A | B52: =VLOOKUP(E52,'[1]Listas Desplegables'!$H$3:$J$7,3,FALSE()) -> #N/A | C52: 47 | D52: Acuarela 34.5 kV | E52: ESSA | F52: 34.5 | H52: 16 | I52: Barra sencilla | J52: Convencional | K52: Sí | M52: SANTANDER | N52: LOS SANTOS | O52: ESSA | P52: Activos de uso de STR y SDL
A53: =VLOOKUP(E53,'[1]Listas Desplegables'!$H$3:$J$7,2,FALSE()) -> #N/A | B53: =VLOOKUP(E53,'[1]Listas Desplegables'!$H$3:$J$7,3,FALSE()) -> #N/A | C53: 48 | D53: Bellavista 13.8 kV | E53: ESSA | F53: 13.8 | H53: 12.5 | I53: Barra sencilla | J53: Convencional | K53: Sí | M53: SANTANDER | N53: FLORIDABLANCA | O53: ESSA | P53: Activos de uso de STR y SDL
A54: =VLOOKUP(E54,'[1]Listas Desplegables'!$H$3:$J$7,2,FALSE()) -> #N/A | B54: =VLOOKUP(E54,'[1]Listas Desplegables'!$H$3:$J$7,3,FALSE()) -> #N/A | C54: 49 | D54: Bellavista 34.5 kV | E54: ESSA | F54: 34.5 | H54: 16 | I54: Barra sencilla | J54: Convencional | K54: Sí | M54: SANTANDER | N54: FLORIDABLANCA | O54: ESSA | P54: Activos de uso de STR y SDL
A55: =VLOOKUP(E55,'[1]Listas Desplegables'!$H$3:$J$7,2,FALSE()) -> #N/A | B55: =VLOOKUP(E55,'[1]Listas Desplegables'!$H$3:$J$7,3,FALSE()) -> #N/A | C55: 50 | D55: Berlin 13.8 kV | E55: ESSA | F55: 13.8 | H55: 10 | I55: Barra sencilla | J55: Convencional | K55: Sí | M55: SANTANDER | N55: BARRANCABERMEJA | O55: ESSA | P55: Activos de uso de STR y SDL
A56: =VLOOKUP(E56,'[1]Listas Desplegables'!$H$3:$J$7,2,FALSE()) -> #N/A | B56: =VLOOKUP(E56,'[1]Listas Desplegables'!$H$3:$J$7,3,FALSE()) -> #N/A | C56: 51 | D56: Berlin 34.5 kV | E56: ESSA | F56: 34.5 | H56: 20 | I56: Barra sencilla | J56: Convencional | K56: Sí | M56: SANTANDER | N56: BARRANCABERMEJA | O56: ESSA | P56: Activos de uso de STR y SDL
A57: =VLOOKUP(E57,'[1]Listas Desplegables'!$H$3:$J$7,2,FALSE()) -> #N/A | B57: =VLOOKUP(E57,'[1]Listas Desplegables'!$H$3:$J$7,3,FALSE()) -> #N/A | C57: … | D57: Bosque 13.8 kV | E57: ESSA | F57: 13.8 | H57: 16 | I57: Barra sencilla | J57: Encapsulado | K57: Sí | M57: SANTANDER | N57: FLORIDABLANCA | O57: ESSA | P57: Activos de uso de STR y SDL | Q57: Celda metalclad Se tomo la capacidad de interrupción de menor magnitud asociado al nivel de tension.
D58: Bosque 34.5 kV | E58: ESSA | F58: 34.5 | H58: 12.5 | I58: Barra sencilla | J58: Encapsulado | K58: Sí | M58: SANTANDER | N58: FLORIDABLANCA | O58: ESSA | P58: Activos de uso de STR y SDL | Q58: Celda metalclad Se tomo la capacidad de interrupción de menor magnitud asociado al nivel de tension.
D59: Bucarica 13.8 kV | E59: ESSA | F59: 13.8 | H59: 1.25 | I59: Barra sencilla | J59: Encapsulado | K59: Sí | M59: SANTANDER | N59: FLORIDABLANCA | O59: ESSA | P59: Activos de uso de STR y SDL | Q59: Celda metalclad Se tomo la capacidad de interrupción de menor magnitud asociado al nivel de tension.
D60: Bucarica 34.5 kV | E60: ESSA | F60: 34.5 | H60: 31.5 | I60: Barra sencilla | J60: Encapsulado | K60: Sí | M60: SANTANDER | N60: FLORIDABLANCA | O60: ESSA | P60: Activos de uso de STR y SDL | Q60: Celda metalclad Se tomo la capacidad de interrupción de menor magnitud asociado al nivel de tension.
D61: Buena Vista 13.8 kV | E61: ESSA | F61: 13.8 | H61: 12.5 | I61: Barra sencilla | J61: Encapsulado | K61: Sí | M61: SANTANDER | N61: BARRANCABERMEJA | O61: ESSA | P61: Activos de uso de STR y SDL | Q61: Celda metalclad
D62: Buena Vista 34.5 kV | E62: ESSA | F62: 34.5 | H62: 12.5 | I62: Barra sencilla | J62: Convencional | K62: Sí | M62: SANTANDER | N62: BARRANCABERMEJA | O62: ESSA | P62: Activos de uso de STR y SDL | Q62: Se tomo la capacidad de interrupción de menor magnitud asociado al nivel de tension
D63: Buena Vista 115 kV | E63: ESSA | F63: 115 | H63: 40 | I63: Barra Principal y Barra de Transferencia | J63: Convencional | K63: Sí | M63: SANTANDER | N63: BARRANCABERMEJA | O63: ESSA | P63: Activos de uso de STR y SDL
D64: Buenos Aires 13.8 kV | E64: ESSA | F64: 13.8 | H64: 25 | I64: Barra sencilla | J64: Encapsulado | K64: Sí | M64: SANTANDER | N64: BARRANCABERMEJA | O64: ESSA | P64: Activos de uso de STR y SDL | Q64: Celda metalclad
D65: Buenos Aires 34.5 kV | E65: ESSA | F65: 34.5 | H65: 31.5 | I65: Barra sencilla | J65: Encapsulado | K65: Sí | M65: SANTANDER | N65: BARRANCABERMEJA | O65: ESSA | P65: Activos de uso de STR y SDL | Q65: Celda metalclad Se tomo la capacidad de interrupción de menor magnitud asociado al nivel de tension
D66: Cabecera 13.8 kV | E66: ESSA | F66: 13.8 | H66: 16 | I66: Barra sencilla | J66: Convencional | K66: Sí | M66: SANTANDER | N66: PIEDECUESTA | O66: ESSA | P66: Activos de uso de STR y SDL
D67: Cabecera 34.5 kV | E67: ESSA | F67: 34.5 | H67: 12.5 | I67: Barra sencilla | J67: Convencional | K67: Sí | M67: SANTANDER | N67: PIEDECUESTA | O67: ESSA | P67: Activos de uso de STR y SDL
D68: Cafe Corriendo 13.8 kV | E68: ESSA | F68: 13.8 | H68: 16 | I68: Barra sencilla | J68: Convencional | K68: Sí | M68: NORTE DE SANTANDER | N68: LA ESPERANZA | O68: ESSA | P68: Activos de uso de STR y SDL
D69: Cafe Corriendo 34.5 kV | E69: ESSA | F69: 34.5 | H69: 5 | I69: Barra sencilla | J69: Convencional | K69: Sí | M69: NORTE DE SANTANDER | N69: LA ESPERANZA | O69: ESSA | P69: Activos de uso de STR y SDL
D70: California 13.8 kV | E70: ESSA | F70: 13.8 | H70: 12.5 | I70: Barra sencilla | J70: Convencional | K70: Sí | M70: SANTANDER | N70: CALIFORNIA | O70: ESSA | P70: Activos de uso de STR y SDL
D71: California 34.5 kV | E71: ESSA | F71: 34.5 | H71: 16 | I71: Barra sencilla | J71: Convencional | K71: Sí | M71: SANTANDER | N71: CALIFORNIA | O71: ESSA | P71: Activos de uso de STR y SDL
D72: Caneyes 13.8 kV | E72: ESSA | F72: 13.8 | H72: 1 | I72: Barra sencilla | J72: Encapsulado | K72: Sí | M72: SANTANDER | N72: GIRÓN | O72: ESSA | P72: Activos de uso de STR y SDL | Q72: Celda metalclad Se tomo la capacidad de interrupción de menor magnitud asociado al nivel de tension.
D73: Caneyes 34.5 kV | E73: ESSA | F73: 34.5 | H73: 6.5 | I73: Barra sencilla | J73: Encapsulado | K73: Sí | M73: SANTANDER | N73: GIRÓN | O73: ESSA | P73: Activos de uso de STR y SDL | Q73: Celda metalclad Se tomo la capacidad de interrupción de menor magnitud asociado al nivel de tension.
D74: Cantagallo 34.5 kV | E74: ESSA | F74: 34.5 | H74: 16 | I74: Barra sencilla | J74: Convencional | K74: Sí | M74: BOLIVAR | N74: CANTA GALLO | O74: ESSA | P74: Activos de uso de STR y SDL
D75: Cantagallo 4.16 kV | E75: ESSA | F75: 4.16 | H75: 12.5 | I75: Barra sencilla | J75: Convencional | K75: Sí | M75: BOLIVAR | N75: CANTA GALLO | O75: ESSA | P75: Activos de uso de STR y SDL
D76: Capitanejo 13.8 kV | E76: ESSA | F76: 13.8 | H76: 12.5 | I76: Barra sencilla | J76: Convencional | K76: Sí | M76: SANTANDER | N76: CAPITANEJO | O76: ESSA | P76: Activos de uso de STR y SDL | Q76: Se tomo la capacidad de interrupción de menor magnitud asociado al nivel de tension.
D77: Capitanejo 34.5 kV | E77: ESSA | F77: 34.5 | H77: 12.5 | I77: Barra sencilla | J77: Convencional | K77: Sí | M77: SANTANDER | N77: CAPITANEJO | O77: ESSA | P77: Activos de uso de STR y SDL | Q77: Se tomo la capacidad de interrupción de menor magnitud asociado al nivel de tension.
D78: El Carmen 13.8 kV | E78: ESSA | F78: 13.8 | H78: 12.5 | I78: Barra sencilla | J78: Convencional | K78: Sí | M78: NORTE DE SANTANDER | N78: EL CARMEN | O78: ESSA | P78: Activos de uso de STR y SDL
D79: El Carmen 34.5 kV | E79: ESSA | F79: 34.5 | H79: 31.5 | I79: Barra sencilla | J79: Convencional | K79: Sí | M79: NORTE DE SANTANDER | N79: EL CARMEN | O79: ESSA | P79: Activos de uso de STR y SDL
D80: El Cero 13.8 kV | E80: ESSA | F80: 13.8 | H80: 6 | I80: Barra sencilla | J80: Convencional | K80: Sí | M80: SANTANDER | N80: RIONEGRO | O80: ESSA | P80: Activos de uso de STR y SDL | Q80: Se tomo la capacidad de interrupción de menor magnitud asociado al nivel de tension.
D81: El Cero 34.5 kV | E81: ESSA | F81: 34.5 | H81: 10 | I81: Barra sencilla | J81: Convencional | K81: Sí | M81: SANTANDER | N81: RIONEGRO | O81: ESSA | P81: Activos de uso de STR y SDL
D82: Charala 13.8 kV | E82: ESSA | F82: 13.8 | H82: 12.5 | I82: Barra sencilla | J82: Convencional | K82: Sí | M82: SANTANDER | N82: CHARALA | O82: ESSA | P82: Activos de uso de STR y SDL
D83: Charala 34.5 kV | E83: ESSA | F83: 34.5 | H83: 16 | I83: Barra sencilla | J83: Convencional | K83: Sí | M83: SANTANDER | N83: CHARALA | O83: ESSA | P83: Activos de uso de STR y SDL
D84: Chicamocha 13.8 kV | E84: ESSA | F84: 13.8 | H84: 6 | I84: Barra sencilla | J84: Convencional | K84: Sí | M84: SANTANDER | N84: ARATOCA | O84: ESSA | P84: Activos de uso de STR y SDL | Q84: Se tomo la capacidad de interrupción de menor magnitud asociado al nivel de tension.
D85: Chicamocha 34.5 kV | E85: ESSA | F85: 34.5 | H85: 12.5 | I85: Barra sencilla | J85: Convencional | K85: Sí | M85: SANTANDER | N85: ARATOCA | O85: ESSA | P85: Activos de uso de STR y SDL
D86: Cienaga 13.8 kV | E86: ESSA | F86: 13.8 | H86: 25 | I86: Barra sencilla | J86: Convencional | K86: Sí | M86: SANTANDER | N86: PUERTO WILCHES | O86: ESSA | P86: Activos de uso de STR y SDL
D87: Cienaga 34.5 kV | E87: ESSA | F87: 34.5 | H87: 25 | I87: Barra sencilla | J87: Convencional | K87: Sí | M87: SANTANDER | N87: PUERTO WILCHES | O87: ESSA | P87: Activos de uso de STR y SDL
D88: Los Cocos 13.8 kV | E88: ESSA | F88: 13.8 | H88: 16 | I88: Barra sencilla | J88: Convencional | K88: Sí | M88: SANTANDER | N88: GIRÓN | O88: ESSA | P88: Activos de uso de STR y SDL
D89: Los Cocos 34.5 kV | E89: ESSA | F89: 34.5 | H89: 16 | I89: Barra sencilla | J89: Convencional | K89: Sí | M89: SANTANDER | N89: GIRÓN | O89: ESSA | P89: Activos de uso de STR y SDL
D90: Contratación 13.8 kV | E90: ESSA | F90: 13.8 | H90: 12.5 | I90: Barra sencilla | J90: Convencional | K90: Sí | M90: SANTANDER | N90: CONTRATACION | O90: ESSA | P90: Activos de uso de STR y SDL
D91: Contratación 34.5 kV | E91: ESSA | F91: 34.5 | H91: 16 | I91: Barra sencilla | J91: Convencional | K91: Sí | M91: SANTANDER | N91: CONTRATACION | O91: ESSA | P91: Activos de uso de STR y SDL
D92: Conuco 13.8 kV | E92: ESSA | F92: 13.8 | H92: 25 | I92: Barra sencilla | J92: Encapsulado | K92: Sí | M92: SANTANDER | N92: BUCARAMANGA | O92: ESSA | P92: Activos de uso de STR y SDL | Q92: Celda metalclad Se tomo la capacidad de interrupción de menor magnitud asociado al nivel de tension.
D93: Conuco 34.5 kV | E93: ESSA | F93: 34.5 | H93: 25 | I93: Barra sencilla | J93: Encapsulado | K93: Sí | M93: SANTANDER | N93: BUCARAMANGA | O93: ESSA | P93: Activos de uso de STR y SDL | Q93: Celda metalclad Se tomo la capacidad de interrupción de menor magnitud asociado al nivel de tension.
D94: Conuco 115 kV | E94: ESSA | F94: 115 | H94: 40 | I94: Barra sencilla | J94: Convencional | K94: Sí | M94: SANTANDER | N94: BUCARAMANGA | O94: ESSA | P94: Activos de uso de STR y SDL
D95: Cuchilla del Ramo 13.8 kV | E95: ESSA | F95: 13.8 | H95: 10 | I95: Barra sencilla | J95: Convencional | K95: Sí | M95: SANTANDER | N95: ZAPATOCA | O95: ESSA | P95: Activos de uso de STR y SDL | Q95: Se tomo la capacidad de interrupción de menor magnitud asociado al nivel de tension.
D96: Cuchilla del Ramo 34.5 kV | E96: ESSA | F96: 34.5 | H96: 40 | I96: Barra sencilla | J96: Convencional | K96: Sí | M96: SANTANDER | N96: ZAPATOCA | O96: ESSA | P96: Activos de uso de STR y SDL
D97: La Esperanza 13.8 kV | E97: ESSA | F97: 13.8 | H97: 16 | I97: Barra sencilla | J97: Convencional | K97: Sí | M97: NORTE DE SANTANDER | N97: LA ESPERANZA | O97: ESSA | P97: Activos de uso de STR y SDL
D98: La Esperanza 34.5 kV | E98: ESSA | F98: 34.5 | H98: 12.5 | I98: Barra sencilla | J98: Convencional | K98: Sí | M98: NORTE DE SANTANDER | N98: LA ESPERANZA | O98: ESSA | P98: Activos de uso de STR y SDL
D99: La Feria 13.8 kV | E99: ESSA | F99: 13.8 | H99: 16 | I99: Barra sencilla | J99: Convencional | K99: Sí | M99: SANTANDER | N99: PUERTO WILCHES | O99: ESSA | P99: Activos de uso de STR y SDL
D100: La Feria 34.5 kV | E100: ESSA | F100: 34.5 | H100: 16 | I100: Barra sencilla | J100: Convencional | K100: Sí | M100: SANTANDER | N100: PUERTO WILCHES | O100: ESSA | P100: Activos de uso de STR y SDL
D101: Garcia Rovira 13.8 kV | E101: ESSA | F101: 13.8 | H101: 16 | I101: Barra sencilla | J101: Convencional | K101: Sí | M101: SANTANDER | N101: MÁLAGA | O101: ESSA | P101: Activos de uso de STR y SDL
D102: Garcia Rovira 34.5 kV | E102: ESSA | F102: 34.5 | H102: 31.5 | I102: Barra sencilla | J102: Convencional | K102: Sí | M102: SANTANDER | N102: MÁLAGA | O102: ESSA | P102: Activos de uso de STR y SDL
D103: La Granja 34.5 kV | E103: ESSA | F103: 34.5 | H103: 16 | I103: Barra sencilla | J103: Convencional | K103: Sí | M103: SANTANDER | N103: PIEDECUESTA | O103: ESSA | P103: Activos de uso de STR y SDL | Q103: Se tomo la capacidad de interrupción de menor magnitud asociado al nivel de tension.
...

Sheet 5. Demanda
C3: Información General de Demandas
C4: No. | D4: ='Manual de Uso'!C124 -> Nombre | E4: ='Manual de Uso'!C125 -> Subestación | F4: ='Manual de Uso'!C126 -> Nivel de tensión [kV] | G4: ='Manual de Uso'!C127 -> Tipo | H4: ='Manual de Uso'!C128 -> Atendida Subestación Nivel IV | I4: ='Manual de Uso'!C129 -> En Operación | J4: ='Manual de Uso'!C130 -> FPO | K4: ='Manual de Uso'!C131 -> Demanda Mínima | M4: ='Manual de Uso'!C132 -> Demanda Media | O4: ='Manual de Uso'!C133 -> Demanda Máxima | Q4: Traslados 1 | T4: Traslados 2 | W4: Traslados 3 | Z4: ='Manual de Uso'!C137 -> Observaciones transportador
K5: P [MW] | L5: Q [MVAr] | M5: P [MW] | N5: Q [MVAr] | O5: P [MW] | P5: Q [MVAr] | Q5: ='Manual de Uso'!C134 -> Traslados de carga Año | R5: ='Manual de Uso'!C135 -> Porcentaje | S5: ='Manual de Uso'!C136 -> Subestación destino traslado | T5: Traslados de carga Año | U5: Porcentaje | V5: Subestación destino traslado | W5: Traslados de carga Año | X5: Porcentaje | Y5: Subestación destino traslado
A6: =VLOOKUP(#REF!,'[1]Listas Desplegables'!$H$3:$J$7,2,FALSE()) -> #VALUE! | B6: =VLOOKUP(#REF!,'[1]Listas Desplegables'!$H$3:$J$7,3,FALSE()) -> #VALUE! | C6: 1 | D6: 04 501 | E6: Bellavista 13.8 | F6: =VLOOKUP(D6,'[2]5. Demanda'!$D$4:$F$357,3,FALSE()) -> 13.8 | G6: =VLOOKUP($D6,'[2]5. Demanda'!$D$4:$J$357,4,FALSE()) -> residencial | H6: =VLOOKUP($D6,'[2]5. Demanda'!$D$4:$J$357,5,FALSE()) -> Bucaramanga 115 kV | I6: =VLOOKUP($D6,'[2]5. Demanda'!$D$4:$J$357,6,FALSE()) -> Sí | J6: =IF(VLOOKUP($D6,'[2]5. Demanda'!$D$4:$J$357,7,FALSE())=0,"",VLOOKUP($D6,'[2]5. Demanda'!$D$4:$J$357,7,FALSE())) | K6: 0.31324923 | L6: 0.13344361 | M6: 0.35325159 | N6: 0.15048455 | O6: 0.49122386 | P6: 0.20926049
A7: =VLOOKUP(#REF!,'[1]Listas Desplegables'!$H$3:$J$7,2,FALSE()) -> #VALUE! | B7: =VLOOKUP(#REF!,'[1]Listas Desplegables'!$H$3:$J$7,3,FALSE()) -> #VALUE! | C7: 2 | D7: 04 502 | E7: Bellavista 13.8 | F7: =VLOOKUP(D7,'[2]5. Demanda'!$D$4:$F$357,3,FALSE()) -> 13.8 | G7: =VLOOKUP(D7,'[2]5. Demanda'!D$4:J$357,4,FALSE()) -> residencial | H7: =VLOOKUP($D7,'[2]5. Demanda'!$D$4:$J$357,5,FALSE()) -> Bucaramanga 115 kV | I7: =VLOOKUP($D7,'[2]5. Demanda'!$D$4:$J$357,6,FALSE()) -> Sí | J7: =IF(VLOOKUP($D7,'[2]5. Demanda'!$D$4:$J$357,7,FALSE())=0,"",VLOOKUP($D7,'[2]5. Demanda'!$D$4:$J$357,7,FALSE())) | K7: 0.91310485 | L7: 0.38898104 | M7: 1.2705782 | N7: 0.54126403 | O7: 1.5048391 | P7: 0.64105879
A8: =VLOOKUP(#REF!,'[1]Listas Desplegables'!$H$3:$J$7,2,FALSE()) -> #VALUE! | B8: =VLOOKUP(#REF!,'[1]Listas Desplegables'!$H$3:$J$7,3,FALSE()) -> #VALUE! | C8: 3 | D8: 05 502 | E8: Villas 13.8 | F8: =VLOOKUP(D8,'[2]5. Demanda'!$D$4:$F$357,3,FALSE()) -> 13.8 | G8: =VLOOKUP(D8,'[2]5. Demanda'!D$4:J$357,4,FALSE()) -> residencial | H8: =VLOOKUP($D8,'[2]5. Demanda'!$D$4:$J$357,5,FALSE()) -> Bucaramanga 115 kV | I8: =VLOOKUP($D8,'[2]5. Demanda'!$D$4:$J$357,6,FALSE()) -> Sí | J8: =IF(VLOOKUP($D8,'[2]5. Demanda'!$D$4:$J$357,7,FALSE())=0,"",VLOOKUP($D8,'[2]5. Demanda'!$D$4:$J$357,7,FALSE())) | K8: 0.81072914 | L8: 0.34536917 | M8: 1.0910005 | N8: 0.46476428 | O8: 1.3695823 | P8: 0.58343963
A9: =VLOOKUP(#REF!,'[1]Listas Desplegables'!$H$3:$J$7,2,FALSE()) -> #VALUE! | B9: =VLOOKUP(#REF!,'[1]Listas Desplegables'!$H$3:$J$7,3,FALSE()) -> #VALUE! | C9: 4 | D9: 07 501 | E9: Cocos 13.8 | F9: =VLOOKUP(D9,'[2]5. Demanda'!$D$4:$F$357,3,FALSE()) -> 13.8 | G9: =VLOOKUP(D9,'[2]5. Demanda'!D$4:J$357,4,FALSE()) -> residencial | H9: =VLOOKUP($D9,'[2]5. Demanda'!$D$4:$J$357,5,FALSE()) -> Palenque 115 kV Real de Minas 115 kV | I9: =VLOOKUP($D9,'[2]5. Demanda'!$D$4:$J$357,6,FALSE()) -> Sí | J9: =IF(VLOOKUP($D9,'[2]5. Demanda'!$D$4:$J$357,7,FALSE())=0,"",VLOOKUP($D9,'[2]5. Demanda'!$D$4:$J$357,7,FALSE())) | K9: 0.83640302 | L9: 0.35630619 | M9: 1.0119579 | N9: 0.43109226 | O9: 1.140055 | P9: 0.48566138
A10: =VLOOKUP(#REF!,'[1]Listas Desplegables'!$H$3:$J$7,2,FALSE()) -> #VALUE! | B10: =VLOOKUP(#REF!,'[1]Listas Desplegables'!$H$3:$J$7,3,FALSE()) -> #VALUE! | C10: 5 | D10: 07 502 | E10: Cocos 13.8 | F10: =VLOOKUP(D10,'[2]5. Demanda'!$D$4:$F$357,3,FALSE()) -> 13.8 | G10: =VLOOKUP(D10,'[2]5. Demanda'!D$4:J$357,4,FALSE()) -> residencial | H10: =VLOOKUP($D10,'[2]5. Demanda'!$D$4:$J$357,5,FALSE()) -> Palenque 115 kV Real de Minas 115 kV | I10: =VLOOKUP($D10,'[2]5. Demanda'!$D$4:$J$357,6,FALSE()) -> Sí | J10: =IF(VLOOKUP($D10,'[2]5. Demanda'!$D$4:$J$357,7,FALSE())=0,"",VLOOKUP($D10,'[2]5. Demanda'!$D$4:$J$357,7,FALSE())) | K10: 0.36579346 | L10: 0.15582736 | M10: 0.37877669 | N10: 0.1613582 | O10: 0.49482319 | P10: 0.2107938
A11: =VLOOKUP(#REF!,'[1]Listas Desplegables'!$H$3:$J$7,2,FALSE()) -> #VALUE! | B11: =VLOOKUP(#REF!,'[1]Listas Desplegables'!$H$3:$J$7,3,FALSE()) -> #VALUE! | C11: 6 | D11: 08 501 | E11: Bucarica 1 13.8 | F11: =VLOOKUP(D11,'[2]5. Demanda'!$D$4:$F$357,3,FALSE()) -> 13.8 | G11: =VLOOKUP(D11,'[2]5. Demanda'!D$4:J$357,4,FALSE()) -> residencial | H11: =VLOOKUP($D11,'[2]5. Demanda'!$D$4:$J$357,5,FALSE()) -> Bucaramanga 115 kV | I11: =VLOOKUP($D11,'[2]5. Demanda'!$D$4:$J$357,6,FALSE()) -> Sí | J11: =IF(VLOOKUP($D11,'[2]5. Demanda'!$D$4:$J$357,7,FALSE())=0,"",VLOOKUP($D11,'[2]5. Demanda'!$D$4:$J$357,7,FALSE())) | K11: 0.75324085 | L11: 0.32087926 | M11: 0.99016496 | N11: 0.42180851 | O11: 1.1913753 | P11: 0.50752374
A12: =VLOOKUP(#REF!,'[1]Listas Desplegables'!$H$3:$J$7,2,FALSE()) -> #VALUE! | B12: =VLOOKUP(#REF!,'[1]Listas Desplegables'!$H$3:$J$7,3,FALSE()) -> #VALUE! | C12: 7 | D12: 08 502 | E12: Bucarica 1 13.8 | F12: =VLOOKUP(D12,'[2]5. Demanda'!$D$4:$F$357,3,FALSE()) -> 13.8 | G12: =VLOOKUP(D12,'[2]5. Demanda'!D$4:J$357,4,FALSE()) -> residencial | H12: =VLOOKUP($D12,'[2]5. Demanda'!$D$4:$J$357,5,FALSE()) -> Bucaramanga 115 kV | I12: =VLOOKUP($D12,'[2]5. Demanda'!$D$4:$J$357,6,FALSE()) -> Sí | J12: =IF(VLOOKUP($D12,'[2]5. Demanda'!$D$4:$J$357,7,FALSE())=0,"",VLOOKUP($D12,'[2]5. Demanda'!$D$4:$J$357,7,FALSE())) | K12: 2.4402776 | L12: 1.0395539 | M12: 3.7908606 | N12: 1.6148999 | O12: 4.3268543 | P12: 1.8432322
A13: =VLOOKUP(#REF!,'[1]Listas Desplegables'!$H$3:$J$7,2,FALSE()) -> #VALUE! | B13: =VLOOKUP(#REF!,'[1]Listas Desplegables'!$H$3:$J$7,3,FALSE()) -> #VALUE! | C13: 8 | D13: 08 503 | E13: Bucarica 1 13.8 | F13: =VLOOKUP(D13,'[2]5. Demanda'!$D$4:$F$357,3,FALSE()) -> 13.8 | G13: =VLOOKUP(D13,'[2]5. Demanda'!D$4:J$357,4,FALSE()) -> residencial | H13: =VLOOKUP($D13,'[2]5. Demanda'!$D$4:$J$357,5,FALSE()) -> Bucaramanga 115 kV | I13: =VLOOKUP($D13,'[2]5. Demanda'!$D$4:$J$357,6,FALSE()) -> Sí | J13: =IF(VLOOKUP($D13,'[2]5. Demanda'!$D$4:$J$357,7,FALSE())=0,"",VLOOKUP($D13,'[2]5. Demanda'!$D$4:$J$357,7,FALSE())) | K13: 1.6653584 | L13: 0.70943971 | M13: 2.5338329 | N13: 1.0794083 | O13: 2.945201 | P13: 1.2546504
A14: =VLOOKUP(#REF!,'[1]Listas Desplegables'!$H$3:$J$7,2,FALSE()) -> #VALUE! | B14: =VLOOKUP(#REF!,'[1]Listas Desplegables'!$H$3:$J$7,3,FALSE()) -> #VALUE! | C14: 9 | D14: 08 504 | E14: Bucarica 2 13.8 | F14: =VLOOKUP(D14,'[2]5. Demanda'!$D$4:$F$357,3,FALSE()) -> 13.8 | G14: =VLOOKUP(D14,'[2]5. Demanda'!D$4:J$357,4,FALSE()) -> residencial | H14: =VLOOKUP($D14,'[2]5. Demanda'!$D$4:$J$357,5,FALSE()) -> Bucaramanga 115 kV | I14: =VLOOKUP($D14,'[2]5. Demanda'!$D$4:$J$357,6,FALSE()) -> Sí | J14: =IF(VLOOKUP($D14,'[2]5. Demanda'!$D$4:$J$357,7,FALSE())=0,"",VLOOKUP($D14,'[2]5. Demanda'!$D$4:$J$357,7,FALSE())) | K14: 0.95710516 | L14: 0.40772509 | M14: 1.2444105 | N14: 0.53011666 | O14: 1.4478554 | P14: 0.61678383
A15: =VLOOKUP(#REF!,'[1]Listas Desplegables'!$H$3:$J$7,2,FALSE()) -> #VALUE! | B15: =VLOOKUP(#REF!,'[1]Listas Desplegables'!$H$3:$J$7,3,FALSE()) -> #VALUE! | C15: 10 | D15: 08 505 | E15: Bucarica 2 13.8 | F15: =VLOOKUP(D15,'[2]5. Demanda'!$D$4:$F$357,3,FALSE()) -> 13.8 | G15: =VLOOKUP(D15,'[2]5. Demanda'!D$4:J$357,4,FALSE()) -> residencial | H15: =VLOOKUP($D15,'[2]5. Demanda'!$D$4:$J$357,5,FALSE()) -> Bucaramanga 115 kV | I15: =VLOOKUP($D15,'[2]5. Demanda'!$D$4:$J$357,6,FALSE()) -> Sí | J15: =IF(VLOOKUP($D15,'[2]5. Demanda'!$D$4:$J$357,7,FALSE())=0,"",VLOOKUP($D15,'[2]5. Demanda'!$D$4:$J$357,7,FALSE())) | K15: 1.3586347 | L15: 0.57877595 | M15: 2.3259244 | N15: 0.99083966 | O15: 1.9998904 | P15: 0.85194975
A16: =VLOOKUP(#REF!,'[1]Listas Desplegables'!$H$3:$J$7,2,FALSE()) -> #VALUE! | B16: =VLOOKUP(#REF!,'[1]Listas Desplegables'!$H$3:$J$7,3,FALSE()) -> #VALUE! | C16: 11 | D16: 08 506 | E16: Bucarica 2 13.8 | F16: =VLOOKUP(D16,'[2]5. Demanda'!$D$4:$F$357,3,FALSE()) -> 13.8 | G16: =VLOOKUP(D16,'[2]5. Demanda'!D$4:J$357,4,FALSE()) -> residencial | H16: =VLOOKUP($D16,'[2]5. Demanda'!$D$4:$J$357,5,FALSE()) -> Bucaramanga 115 kV | I16: =VLOOKUP($D16,'[2]5. Demanda'!$D$4:$J$357,6,FALSE()) -> Sí | J16: =IF(VLOOKUP($D16,'[2]5. Demanda'!$D$4:$J$357,7,FALSE())=0,"",VLOOKUP($D16,'[2]5. Demanda'!$D$4:$J$357,7,FALSE())) | K16: 0.30642735 | L16: 0.1305375 | M16: 0.31541551 | N16: 0.13436644 | O16: 0.59362221 | P16: 0.252882
A17: =VLOOKUP(#REF!,'[1]Listas Desplegables'!$H$3:$J$7,2,FALSE()) -> #VALUE! | B17: =VLOOKUP(#REF!,'[1]Listas Desplegables'!$H$3:$J$7,3,FALSE()) -> #VALUE! | C17: 12 | D17: 09 501 | E17: Realminas 4 13.8 | F17: =VLOOKUP(D17,'[2]5. Demanda'!$D$4:$F$357,3,FALSE()) -> 13.8 | G17: =VLOOKUP(D17,'[2]5. Demanda'!D$4:J$357,4,FALSE()) -> residencial | H17: =VLOOKUP($D17,'[2]5. Demanda'!$D$4:$J$357,5,FALSE()) -> Real de Minas 115 kV | I17: =VLOOKUP($D17,'[2]5. Demanda'!$D$4:$J$357,6,FALSE()) -> Sí | J17: =IF(VLOOKUP($D17,'[2]5. Demanda'!$D$4:$J$357,7,FALSE())=0,"",VLOOKUP($D17,'[2]5. Demanda'!$D$4:$J$357,7,FALSE())) | K17: 2.1188134 | L17: 0.90261071 | M17: 2.7317293 | N17: 1.1637118 | O17: 3.2806751 | P17: 1.3975617
A18: =VLOOKUP(#REF!,'[1]Listas Desplegables'!$H$3:$J$7,2,FALSE()) -> #VALUE! | B18: =VLOOKUP(#REF!,'[1]Listas Desplegables'!$H$3:$J$7,3,FALSE()) -> #VALUE! | C18: 13 | D18: 09 502 | E18: Realminas 2 13.8 | F18: =VLOOKUP(D18,'[2]5. Demanda'!$D$4:$F$357,3,FALSE()) -> 13.8 | G18: =VLOOKUP(D18,'[2]5. Demanda'!D$4:J$357,4,FALSE()) -> residencial | H18: =VLOOKUP($D18,'[2]5. Demanda'!$D$4:$J$357,5,FALSE()) -> Real de Minas 115 kV | I18: =VLOOKUP($D18,'[2]5. Demanda'!$D$4:$J$357,6,FALSE()) -> Sí | J18: =IF(VLOOKUP($D18,'[2]5. Demanda'!$D$4:$J$357,7,FALSE())=0,"",VLOOKUP($D18,'[2]5. Demanda'!$D$4:$J$357,7,FALSE())) | K18: 0.8709778 | L18: 0.37103499 | M18: 1.0472302 | N18: 0.44611818 | O18: 1.3499802 | P18: 0.57508916
... A55: =VLOOKUP(#REF!,'[1]Listas Desplegables'!$H$3:$J$7,2,FALSE()) -> #VALUE! | B55: =VLOOKUP(#REF!,'[1]Listas Desplegables'!$H$3:$J$7,3,FALSE()) -> #VALUE! | C55: 50 | D55: 13 502 | E55: Carmen 13.8 | F55: =VLOOKUP(D55,'[2]5. Demanda'!$D$4:$F$357,3,FALSE()) -> 13.8 | G55: =VLOOKUP(D55,'[2]5. Demanda'!D$4:J$357,4,FALSE()) -> residencial | H55: =VLOOKUP($D55,'[2]5. Demanda'!$D$4:$J$357,5,FALSE()) -> Lizama 115 kV | I55: =VLOOKUP($D55,'[2]5. Demanda'!$D$4:$J$357,6,FALSE()) -> Sí | J55: =IF(VLOOKUP($D55,'[2]5. Demanda'!$D$4:$J$357,7,FALSE())=0,"",VLOOKUP($D55,'[2]5. Demanda'!$D$4:$J$357,7,FALSE())) | K55: 0.52090549 | L55: 0.22190481 | M55: 0.63311442 | N55: 0.26970561 | O55: 0.76444778 | P55: 0.32565339
C56: 51 | D56: 13 503 | E56: Carmen 13.8 | F56: =VLOOKUP(D56,'[2]5. Demanda'!$D$4:$F$357,3,FALSE()) -> 13.8 | G56: =VLOOKUP(D56,'[2]5. Demanda'!D$4:J$357,4,FALSE()) -> residencial | H56: =VLOOKUP($D56,'[2]5. Demanda'!$D$4:$J$357,5,FALSE()) -> Lizama 115 kV | I56: =VLOOKUP($D56,'[2]5. Demanda'!$D$4:$J$357,6,FALSE()) -> Sí | J56: =IF(VLOOKUP($D56,'[2]5. Demanda'!$D$4:$J$357,7,FALSE())=0,"",VLOOKUP($D56,'[2]5. Demanda'!$D$4:$J$357,7,FALSE())) | K56: 0.12928495 | L56: 0.055075158 | M56: 0.18931236 | N56: 0.080646729 | O56: 0.14629071 | P56: 0.06231958
C57: 52 | D57: 13 504 | E57: Carmen 13.8 | F57: =VLOOKUP(D57,'[2]5. Demanda'!$D$4:$F$357,3,FALSE()) -> 13.8 | G57: =VLOOKUP(D57,'[2]5. Demanda'!D$4:J$357,4,FALSE()) -> residencial | H57: =VLOOKUP($D57,'[2]5. Demanda'!$D$4:$J$357,5,FALSE()) -> Lizama 115 kV | I57: =VLOOKUP($D57,'[2]5. Demanda'!$D$4:$J$357,6,FALSE()) -> Sí | J57: =IF(VLOOKUP($D57,'[2]5. Demanda'!$D$4:$J$357,7,FALSE())=0,"",VLOOKUP($D57,'[2]5. Demanda'!$D$4:$J$357,7,FALSE())) | K57: 0.038983337 | L57: 0.016606832 | M57: 0.057447415 | N57: 0.024472496 | O57: 0.077194492 | P57: 0.032884716
C58: 53 | D58: 14 501 | E58: Cero 13.8 | F58: =VLOOKUP(D58,'[2]5. Demanda'!$D$4:$F$357,3,FALSE()) -> 13.8 | G58: =VLOOKUP(D58,'[2]5. Demanda'!D$4:J$357,4,FALSE()) -> residencial | H58: =VLOOKUP($D58,'[2]5. Demanda'!$D$4:$J$357,5,FALSE()) -> Palos 115 kV | I58: =VLOOKUP($D58,'[2]5. Demanda'!$D$4:$J$357,6,FALSE()) -> Sí | J58: =IF(VLOOKUP($D58,'[2]5. Demanda'!$D$4:$J$357,7,FALSE())=0,"",VLOOKUP($D58,'[2]5. Demanda'!$D$4:$J$357,7,FALSE())) | K58: 0.2270749 | L58: 0.0967335 | M58: 0.28926069 | N58: 0.12322454 | O58: 0.35435681 | P58: 0.15095537
C59: 54 | D59: 14 502 | E59: Cero 13.8 | F59: =VLOOKUP(D59,'[2]5. Demanda'!$D$4:$F$357,3,FALSE()) -> 13.8 | G59: =VLOOKUP(D59,'[2]5. Demanda'!D$4:J$357,4,FALSE()) -> residencial | H59: =VLOOKUP($D59,'[2]5. Demanda'!$D$4:$J$357,5,FALSE()) -> Palos 115 kV | I59: =VLOOKUP($D59,'[2]5. Demanda'!$D$4:$J$357,6,FALSE()) -> Sí | J59: =IF(VLOOKUP($D59,'[2]5. Demanda'!$D$4:$J$357,7,FALSE())=0,"",VLOOKUP($D59,'[2]5. Demanda'!$D$4:$J$357,7,FALSE())) | K59: 0.22585261 | L59: 0.096212808 | M59: 0.26053955 | N59: 0.11098938 | O59: 0.35364215 | P59: 0.15065093
C60: 55 | D60: 17 501 | E60: Esperanza 13.8 | F60: =VLOOKUP(D60,'[2]5. Demanda'!$D$4:$F$357,3,FALSE()) -> 13.8 | G60: =VLOOKUP(D60,'[2]5. Demanda'!D$4:J$357,4,FALSE()) -> residencial | H60: =VLOOKUP($D60,'[2]5. Demanda'!$D$4:$J$357,5,FALSE()) -> San Alberto 115 kV | I60: =VLOOKUP($D60,'[2]5. Demanda'!$D$4:$J$357,6,FALSE()) -> Sí | J60: =IF(VLOOKUP($D60,'[2]5. Demanda'!$D$4:$J$357,7,FALSE())=0,"",VLOOKUP($D60,'[2]5. Demanda'!$D$4:$J$357,7,FALSE())) | K60: 0.28376189 | L60: 0.12088206 | M60: 0.28402577 | N60: 0.12099447 | O60: 0.34510991 | P60: 0.1470162
C61: 56 | D61: 17 502 | E61: Esperanza 13.8 | F61: =VLOOKUP(D61,'[2]5. Demanda'!$D$4:$F$357,3,FALSE()) -> 13.8 | G61: =VLOOKUP(D61,'[2]5. Demanda'!D$4:J$357,4,FALSE()) -> residencial | H61: =VLOOKUP($D61,'[2]5. Demanda'!$D$4:$J$357,5,FALSE()) -> San Alberto 115 kV | I61: =VLOOKUP($D61,'[2]5. Demanda'!$D$4:$J$357,6,FALSE()) -> Sí | J61: =IF(VLOOKUP($D61,'[2]5. Demanda'!$D$4:$J$357,7,FALSE())=0,"",VLOOKUP($D61,'[2]5. Demanda'!$D$4:$J$357,7,FALSE())) | K61: 0.019578557 | L61: 0.0083404303 | M61: 0.012855347 | N61: 0.0054763549 | O61: 0.022025161 | P61: 0.0093826793
C62: 57 | D62: 18 501 | E62: Rio Frio 13.8 | F62: =VLOOKUP(D62,'[2]5. Demanda'!$D$4:$F$357,3,FALSE()) -> 13.8 | G62: =VLOOKUP(D62,'[2]5. Demanda'!D$4:J$357,4,FALSE()) -> residencial | H62: =VLOOKUP($D62,'[2]5. Demanda'!$D$4:$J$357,5,FALSE()) -> Rio Frio 115 kV | I62: =VLOOKUP($D62,'[2]5. Demanda'!$D$4:$J$357,6,FALSE()) -> Sí | J62: =IF(VLOOKUP($D62,'[2]5. Demanda'!$D$4:$J$357,7,FALSE())=0,"",VLOOKUP($D62,'[2]5. Demanda'!$D$4:$J$357,7,FALSE())) | K62: 0.027751312 | L62: 0.011822009 | M62: 0.042371552 | N62: 0.018050206 | O62: 0.052196251 | P62: 0.02223551
C63: 58 | D63: 18 502 | E63: Rio Frio 13.8 | F63: =VLOOKUP(D63,'[2]5. Demanda'!$D$4:$F$357,3,FALSE()) -> 13.8 | G63: =VLOOKUP(D63,'[2]5. Demanda'!D$4:J$357,4,FALSE()) -> residencial | H63: =VLOOKUP($D63,'[2]5. Demanda'!$D$4:$J$357,5,FALSE()) -> Rio Frio 115 kV | I63: =VLOOKUP($D63,'[2]5. Demanda'!$D$4:$J$357,6,FALSE()) -> Sí | J63: =IF(VLOOKUP($D63,'[2]5. Demanda'!$D$4:$J$357,7,FALSE())=0,"",VLOOKUP($D63,'[2]5. Demanda'!$D$4:$J$357,7,FALSE())) | K63: 1.0733426 | L63: 0.45724205 | M63: 1.4088019 | N63: 0.60014709 | O63: 1.9593245 | P63: 0.83466875
C64: 59 | D64: 18 503 | E64: Rio Frio 13.8 | F64: =VLOOKUP(D64,'[2]5. Demanda'!$D$4:$F$357,3,FALSE()) -> 13.8 | G64: =VLOOKUP(D64,'[2]5. Demanda'!D$4:J$357,4,FALSE()) -> residencial | H64: =VLOOKUP($D64,'[2]5. Demanda'!$D$4:$J$357,5,FALSE()) -> Rio Frio 115 kV | I64: =VLOOKUP($D64,'[2]5. Demanda'!$D$4:$J$357,6,FALSE()) -> Sí | J64: =IF(VLOOKUP($D64,'[2]5. Demanda'!$D$4:$J$357,7,FALSE())=0,"",VLOOKUP($D64,'[2]5. Demanda'!$D$4:$J$357,7,FALSE())) | K64: 1.2303945 | L64: 0.52414587 | M64: 2.290945 | N64: 0.97593847 | O64: 1.7645186 | P64: 0.75168176
C65: 60 | D65: 18 504 | E65: Rio Frio 13.8 | F65: =VLOOKUP(D65,'[2]5. Demanda'!$D$4:$F$357,3,FALSE()) -> 13.8 | G65: =VLOOKUP(D65,'[2]5. Demanda'!D$4:J$357,4,FALSE()) -> residencial | H65: =VLOOKUP($D65,'[2]5. Demanda'!$D$4:$J$357,5,FALSE()) -> Rio Frio 115 kV | I65: =VLOOKUP($D65,'[2]5. Demanda'!$D$4:$J$357,6,FALSE()) -> Sí | J65: =IF(VLOOKUP($D65,'[2]5. Demanda'!$D$4:$J$357,7,FALSE())=0,"",VLOOKUP($D65,'[2]5. Demanda'!$D$4:$J$357,7,FALSE())) | K65: 0 | L65: 0 | M65: 0 | N65: 0 | O65: 0 | P65: 0
C66: 61 | D66: 20 501 | E66: Norte 1 13.8 | F66: =VLOOKUP(D66,'[2]5. Demanda'!$D$4:$F$357,3,FALSE()) -> 13.8 | G66: =VLOOKUP(D66,'[2]5. Demanda'!D$4:J$357,4,FALSE()) -> industrial | H66: =VLOOKUP($D66,'[2]5. Demanda'!$D$4:$J$357,5,FALSE()) -> Palenque 115 kV Real de Minas 115 kV | I66: =VLOOKUP($D66,'[2]5. Demanda'!$D$4:$J$357,6,FALSE()) -> Sí | J66: =IF(VLOOKUP($D66,'[2]5. Demanda'!$D$4:$J$357,7,FALSE())=0,"",VLOOKUP($D66,'[2]5. Demanda'!$D$4:$J$357,7,FALSE())) | K66: 0.55182904 | L66: 0.23507818 | M66: 1.380723 | N66: 0.58818554 | O66: 0.89809635 | P66: 0.38258744
C67: 62 | D67: 20 502 | E67: Norte 1 13.8 | F67: =VLOOKUP(D67,'[2]5. Demanda'!$D$4:$F$357,3,FALSE()) -> 13.8 | G67: =VLOOKUP(D67,'[2]5. Demanda'!D$4:J$357,4,FALSE()) -> industrial | H67: =VLOOKUP($D67,'[2]5. Demanda'!$D$4:$J$357,5,FALSE()) -> Palenque 115 kV Real de Minas 115 kV | I67: =VLOOKUP($D67,'[2]5. Demanda'!$D$4:$J$357,6,FALSE()) -> Sí | J67: =IF(VLOOKUP($D67,'[2]5. Demanda'!$D$4:$J$357,7,FALSE())=0,"",VLOOKUP($D67,'[2]5. Demanda'!$D$4:$J$357,7,FALSE())) | K67: 0.78325224 | L67: 0.33366406 | M67: 2.5608157 | N67: 1.0909029 | O67: 1.1624339 | P67: 0.49519475
... C186: 181 | D186: 60 504 | E186: Buena Vista 13.8 | F186: =VLOOKUP(D186,'[2]5. Demanda'!$D$4:$F$357,3,FALSE()) -> 13.8 | G186: =VLOOKUP(D186,'[2]5. Demanda'!D$4:J$357,4,FALSE()) -> residencial | H186: =VLOOKUP($D186,'[2]5. Demanda'!$D$4:$J$357,5,FALSE()) -> Buenavista 115 kV | I186: =VLOOKUP($D186,'[2]5. Demanda'!$D$4:$J$357,6,FALSE()) -> Sí | J186: =IF(VLOOKUP($D186,'[2]5. Demanda'!$D$4:$J$357,7,FALSE())=0,"",VLOOKUP($D186,'[2]5. Demanda'!$D$4:$J$357,7,FALSE())) | K186: 0.7622666 | L186: 0.32472421 | M186: 0.85712529 | N186: 0.36513385 | O186: 0.9182574 | P186: 0.39117601
C187: 182 | D187: 60 505 | E187: Lizama 13.8 | F187: 13.8 | G187: residencial | H187: Lizama 115 kV | I187: si | J187: si | K187: 1.2029361 | L187: 0.51244865 | M187: 1.1296915 | N187: 0.48124654 | O187: 1.4819351 | P187: 0.63130172
C188: 183 | D188: 61 501 | E188: Lizama 13.8 | F188: =VLOOKUP(D188,'[2]5. Demanda'!$D$4:$F$357,3,FALSE()) -> 13.8 | G188: =VLOOKUP(D188,'[2]5. Demanda'!D$4:J$357,4,FALSE()) -> residencial | H188: =VLOOKUP($D188,'[2]5. Demanda'!$D$4:$J$357,5,FALSE()) -> Lizama 115 kV | I188: =VLOOKUP($D188,'[2]5. Demanda'!$D$4:$J$357,6,FALSE()) -> Sí | J188: =IF(VLOOKUP($D188,'[2]5. Demanda'!$D$4:$J$357,7,FALSE())=0,"",VLOOKUP($D188,'[2]5. Demanda'!$D$4:$J$357,7,FALSE())) | K188: 0.66145706 | L188: 0.28177953 | M188: 0.70080047 | N188: 0.29853975 | O188: 0.7924423 | P188: 0.337579
C189: 184 | D189: 61 501 | E189: Lizama 13.8 | F189: =VLOOKUP(D189,'[2]5. Demanda'!$D$4:$F$357,3,FALSE()) -> 13.8 | G189: =VLOOKUP(D189,'[2]5. Demanda'!D$4:J$357,4,FALSE()) -> residencial | H189: =VLOOKUP($D189,'[2]5. Demanda'!$D$4:$J$357,5,FALSE()) -> Lizama 115 kV | I189: =VLOOKUP($D189,'[2]5. Demanda'!$D$4:$J$357,6,FALSE()) -> Sí | J189: =IF(VLOOKUP($D189,'[2]5. Demanda'!$D$4:$J$357,7,FALSE())=0,"",VLOOKUP($D189,'[2]5. Demanda'!$D$4:$J$357,7,FALSE())) | K189: 0.66145706 | L189: 0.28177953 | M189: 0.70080047 | N189: 0.29853975 | O189: 0.7924423 | P189: 0.337579
C190: 185 | D190: 61 502 | E190: Lizama 13.8 | F190: =VLOOKUP(D190,'[2]5. Demanda'!$D$4:$F$357,3,FALSE()) -> 13.8 | G190: =VLOOKUP(D190,'[2]5. Demanda'!D$4:J$357,4,FALSE()) -> residencial | H190: =VLOOKUP($D190,'[2]5. Demanda'!$D$4:$J$357,5,FALSE()) -> Lizama 115 kV | I190: =VLOOKUP($D190,'[2]5. Demanda'!$D$4:$J$357,6,FALSE()) -> Sí | J190: =IF(VLOOKUP($D190,'[2]5. Demanda'!$D$4:$J$357,7,FALSE())=0,"",VLOOKUP($D190,'[2]5. Demanda'!$D$4:$J$357,7,FALSE())) | K190: 2.0241239 | L190: 0.86227318 | M190: 2.2671998 | N190: 0.96582308 | O190: 2.4776258 | P190: 1.0554642
C191: 186 | D191: 61 503 | E191: Lizama 13.8 | F191: =VLOOKUP(D191,'[2]5. Demanda'!$D$4:$F$357,3,FALSE()) -> 13.8 | G191: =VLOOKUP(D191,'[2]5. Demanda'!D$4:J$357,4,FALSE()) -> residencial | H191: =VLOOKUP($D191,'[2]5. Demanda'!$D$4:$J$357,5,FALSE()) -> Lizama 115 kV | I191: =VLOOKUP($D191,'[2]5. Demanda'!$D$4:$J$357,6,FALSE()) -> Sí | J191: =IF(VLOOKUP($D191,'[2]5. Demanda'!$D$4:$J$357,7,FALSE())=0,"",VLOOKUP($D191,'[2]5. Demanda'!$D$4:$J$357,7,FALSE())) | K191: 1.0194221 | L191: 0.43427201 | M191: 1.2963669 | N191: 0.55225 | O191: 1.3442359 | P191: 0.57264212
C192: 187 | D192: 62 507 | E192: Parnaso 1 13.8 | F192: =VLOOKUP(D192,'[2]5. Demanda'!$D$4:$F$357,3,FALSE()) -> 13.8 | G192: =VLOOKUP(D192,'[2]5. Demanda'!D$4:J$357,4,FALSE()) -> residencial | H192: =VLOOKUP($D192,'[2]5. Demanda'!$D$4:$J$357,5,FALSE()) -> San Silvestre 115 kV Barranca 115 kV | I192: =VLOOKUP($D192,'[2]5. Demanda'!$D$4:$J$357,6,FALSE()) -> Sí | J192: =IF(VLOOKUP($D192,'[2]5. Demanda'!$D$4:$J$357,7,FALSE())=0,"",VLOOKUP($D192,'[2]5. Demanda'!$D$4:$J$357,7,FALSE())) | K192: 3.7108322 | L192: 1.5808079 | M192: 2.915466 | N192: 1.2419833 | O192: 4.1998495 | P192: 1.7891284
C193: 188 | D193: 62 508 | E193: Parnaso 2 13.8 | F193: =VLOOKUP(D193,'[2]5. Demanda'!$D$4:$F$357,3,FALSE()) -> 13.8 | G193: =VLOOKUP(D193,'[2]5. Demanda'!D$4:J$357,4,FALSE()) -> residencial | H193: =VLOOKUP($D193,'[2]5. Demanda'!$D$4:$J$357,5,FALSE()) -> San Silvestre 115 kV Barranca 115 kV | I193: =VLOOKUP($D193,'[2]5. Demanda'!$D$4:$J$357,6,FALSE()) -> Sí | J193: =IF(VLOOKUP($D193,'[2]5. Demanda'!$D$4:$J$357,7,FALSE())=0,"",VLOOKUP($D193,'[2]5. Demanda'!$D$4:$J$357,7,FALSE())) | K193: 1.4826886 | L193: 0.6316227 | M193: 1.3237476 | N193: 0.56391412 | O193: 1.6968856 | P193: 0.72287026
C194: 189 | D194: 62 509 | E194: Parnaso 2 13.8 | F194: =VLOOKUP(D194,'[2]5. Demanda'!$D$4:$F$357,3,FALSE()) -> 13.8 | G194: =VLOOKUP(D194,'[2]5. Demanda'!D$4:J$357,4,FALSE()) -> residencial | H194: =VLOOKUP($D194,'[2]5. Demanda'!$D$4:$J$357,5,FALSE()) -> San Silvestre 115 kV Barranca 115 kV | I194: =VLOOKUP($D194,'[2]5. Demanda'!$D$4:$J$357,6,FALSE()) -> Sí | J194: =IF(VLOOKUP($D194,'[2]5. Demanda'!$D$4:$J$357,7,FALSE())=0,"",VLOOKUP($D194,'[2]5. Demanda'!$D$4:$J$357,7,FALSE())) | K194: 2.0440656 | L194: 0.87076829 | M194: 1.4034298 | N194: 0.5978586 | O194: 2.4602972 | P194: 1.0480822
C195: 190 | D195: 62 510 | E195: Parnaso 1 13.8 | F195: =VLOOKUP(D195,'[2]5. Demanda'!$D$4:$F$357,3,FALSE()) -> 13.8 | G195: =VLOOKUP(D195,'[2]5. Demanda'!D$4:J$357,4,FALSE()) -> residencial | H195: =VLOOKUP($D195,'[2]5. Demanda'!$D$4:$J$357,5,FALSE()) -> San Silvestre 115 kV Barranca 115 kV | I195: =VLOOKUP($D195,'[2]5. Demanda'!$D$4:$J$357,6,FALSE()) -> Sí | J195: =IF(VLOOKUP($D195,'[2]5. Demanda'!$D$4:$J$357,7,FALSE())=0,"",VLOOKUP($D195,'[2]5. Demanda'!$D$4:$J$357,7,FALSE())) | K195: 1.8969391 | L195: 0.80809265 | M195: 1.7769358 | N195: 0.75697148 | O195: 2.4984258 | P195: 1.0643249
C196: 191 | D196: 63 501 | E196: Feria 13.8 | F196: =VLOOKUP(D196,'[2]5. Demanda'!$D$4:$F$357,3,FALSE()) -> 13.8 | G196: =VLOOKUP(D196,'[2]5. Demanda'!D$4:J$357,4,FALSE()) -> residencial | H196: =VLOOKUP($D196,'[2]5. Demanda'!$D$4:$J$357,5,FALSE()) -> Puerto Wilches 115 kV | I196: =VLOOKUP($D196,'[2]5. Demanda'!$D$4:$J$357,6,FALSE()) -> Sí | J196: =IF(VLOOKUP($D196,'[2]5. Demanda'!$D$4:$J$357,7,FALSE())=0,"",VLOOKUP($D196,'[2]5. Demanda'!$D$4:$J$357,7,FALSE())) | K196: 0.0002963735 | L196: 0.00012625458 | M196: 0.00024588852 | N196: 0.00010474807 | O196: 0.00032785927 | P196: 0.00013966746
C197: 192 | D197: 64 515 | E197: San Silvestre 13.8 | F197: =VLOOKUP(D197,'[2]5. Demanda'!$D$4:$F$357,3,FALSE()) -> 13.8 | G197: =VLOOKUP(D197,'[2]5. Demanda'!D$4:J$357,4,FALSE()) -> residencial | H197: =VLOOKUP($D197,'[2]5. Demanda'!$D$4:$J$357,5,FALSE()) -> San Silvestre 115 kV | I197: =VLOOKUP($D197,'[2]5. Demanda'!$D$4:$J$357,6,FALSE()) -> Sí | J197: =IF(VLOOKUP($D197,'[2]5. Demanda'!$D$4:$J$357,7,FALSE())=0,"",VLOOKUP($D197,'[2]5. Demanda'!$D$4:$J$357,7,FALSE())) | K197: 2.2230416 | L197: 0.94701175 | M197: 1.7729317 | N197: 0.75526575 | O197: 2.3842393 | P197: 1.0156817
C198: 193 | D198: 64 516 | E198: San Silvestre 13.8 | F198: =VLOOKUP(D198,'[2]5. Demanda'!$D$4:$F$357,3,FALSE()) -> 13.8 | G198: =VLOOKUP(D198,'[2]5. Demanda'!D$4:J$357,4,FALSE()) -> residencial | H198: =VLOOKUP($D198,'[2]5. Demanda'!$D$4:$J$357,5,FALSE()) -> San Silvestre 115 kV | I198: =VLOOKUP($D198,'[2]5. Demanda'!$D$4:$J$357,6,FALSE()) -> Sí | J198: =IF(VLOOKUP($D198,'[2]5. Demanda'!$D$4:$J$357,7,FALSE())=0,"",VLOOKUP($D198,'[2]5. Demanda'!$D$4:$J$357,7,FALSE())) | K198: 1.4619594 | L198: 0.62279212 | M198: 1.2988917 | N198: 0.55332553 | O198: 1.5802334 | P198: 0.67317663
C199: 194 | D199: 64 517 | E199: San Silvestre 13.8 | F199: =VLOOKUP(D199,'[2]5. Demanda'!$D$4:$F$357,3,FALSE()) -> 13.8 | G199: =VLOOKUP(D199,'[2]5. Demanda'!D$4:J$357,4,FALSE()) -> residencial | H199: =VLOOKUP($D199,'[2]5. Demanda'!$D$4:$J$357,5,FALSE()) -> San Silvestre 115 kV | I199: =VLOOKUP($D199,'[2]5. Demanda'!$D$4:$J$357,6,FALSE()) -> Sí | J199: =IF(VLOOKUP($D199,'[2]5. Demanda'!$D$4:$J$357,7,FALSE())=0,"",VLOOKUP($D199,'[2]5. Demanda'!$D$4:$J$357,7,FALSE())) | K199: 2.0752352 | L199: 0.88404651 | M199: 1.6118777 | N199: 0.68665702 | O199: 2.2853298 | P199: 0.97354643
... C307: 302 | D307: 95 508 | E307: Garcia Rovira 2 13.8 | F307: =VLOOKUP(D307,'[2]5. Demanda'!$D$4:$F$357,3,FALSE()) -> 13.8 | G307: =VLOOKUP(D307,'[2]5. Demanda'!D$4:J$357,4,FALSE()) -> residencial | H307: =VLOOKUP($D307,'[2]5. Demanda'!$D$4:$J$357,5,FALSE()) -> San Gil 115 kV | I307: =VLOOKUP($D307,'[2]5. Demanda'!$D$4:$J$357,6,FALSE()) -> Sí | J307: =IF(VLOOKUP($D307,'[2]5. Demanda'!$D$4:$J$357,7,FALSE())=0,"",VLOOKUP($D307,'[2]5. Demanda'!$D$4:$J$357,7,FALSE())) | K307: 0.17986203 | L307: 0.076620906 | M307: 0.24974724 | N307: 0.10639188 | O307: 0.31111166 | P307: 0.13253301
C308: 303 | D308: A1 | E308: =#N/A -> #N/A | F308: =VLOOKUP(D308,'[2]5. Demanda'!$D$4:$F$357,3,FALSE()) -> #N/A | G308: =VLOOKUP(D308,'[2]5. Demanda'!D$4:J$357,4,FALSE()) -> #N/A | H308: =VLOOKUP($D308,'[2]5. Demanda'!$D$4:$J$357,5,FALSE()) -> #N/A | I308: =VLOOKUP($D308,'[2]5. Demanda'!$D$4:$J$357,6,FALSE()) -> #N/A | J308: =IF(VLOOKUP($D308,'[2]5. Demanda'!$D$4:$J$357,7,FALSE())=0,"",VLOOKUP($D308,'[2]5. Demanda'!$D$4:$J$357,7,FALSE())) -> #N/A | K308: 0 | L308: 0 | M308: 0 | N308: 0 | O308: 0 | P308: 0
C309: 304 | D309: A2 | E309: =#N/A -> #N/A | F309: =VLOOKUP(D309,'[2]5. Demanda'!$D$4:$F$357,3,FALSE()) -> #N/A | G309: =VLOOKUP(D309,'[2]5. Demanda'!D$4:J$357,4,FALSE()) -> #N/A | H309: =VLOOKUP($D309,'[2]5. Demanda'!$D$4:$J$357,5,FALSE()) -> #N/A | I309: =VLOOKUP($D309,'[2]5. Demanda'!$D$4:$J$357,6,FALSE()) -> #N/A | J309: =IF(VLOOKUP($D309,'[2]5. Demanda'!$D$4:$J$357,7,FALSE())=0,"",VLOOKUP($D309,'[2]5. Demanda'!$D$4:$J$357,7,FALSE())) -> #N/A | K309: 0 | L309: 0 | M309: 0 | N309: 0 | O309: 0 | P309: 0
C310: 305 | D310: Avidesa Mc Pollo | E310: Lizama 34.5 | F310: 34.5 | G310: Industrial | H310: Lizama 115 kV | I310: no | J310: 46752 | K310: 0 | L310: 0 | M310: 0 | N310: 0 | O310: 0 | P310: 0
C311: 306 | D311: Campo Acordionero | E311: =#N/A -> #N/A | F311: =VLOOKUP(D311,'[2]5. Demanda'!$D$4:$F$357,3,FALSE()) -> #N/A | G311: =VLOOKUP(D311,'[2]5. Demanda'!D$4:J$357,4,FALSE()) -> #N/A | H311: =VLOOKUP($D311,'[2]5. Demanda'!$D$4:$J$357,5,FALSE()) -> #N/A | I311: =VLOOKUP($D311,'[2]5. Demanda'!$D$4:$J$357,6,FALSE()) -> #N/A | J311: =IF(VLOOKUP($D311,'[2]5. Demanda'!$D$4:$J$357,7,FALSE())=0,"",VLOOKUP($D311,'[2]5. Demanda'!$D$4:$J$357,7,FALSE())) -> #N/A | K311: 0 | L311: 0 | M311: 0 | N311: 0 | O311: 0 | P311: 0
C312: 307 | D312: Carga topocoro 13.8 | E312: =#N/A -> #N/A | F312: =VLOOKUP(D312,'[2]5. Demanda'!$D$4:$F$357,3,FALSE()) -> #N/A | G312: =VLOOKUP(D312,'[2]5. Demanda'!D$4:J$357,4,FALSE()) -> #N/A | H312: =VLOOKUP($D312,'[2]5. Demanda'!$D$4:$J$357,5,FALSE()) -> #N/A | I312: =VLOOKUP($D312,'[2]5. Demanda'!$D$4:$J$357,6,FALSE()) -> #N/A | J312: =IF(VLOOKUP($D312,'[2]5. Demanda'!$D$4:$J$357,7,FALSE())=0,"",VLOOKUP($D312,'[2]5. Demanda'!$D$4:$J$357,7,FALSE())) -> #N/A | K312: 0 | L312: 0 | M312: 0 | N312: 0 | O312: 0 | P312: 0
C313: 308 | D313: Carga topocoro 34.5 | E313: =#N/A -> #N/A | F313: =VLOOKUP(D313,'[2]5. Demanda'!$D$4:$F$357,3,FALSE()) -> #N/A | G313: =VLOOKUP(D313,'[2]5. Demanda'!D$4:J$357,4,FALSE()) -> #N/A | H313: =VLOOKUP($D313,'[2]5. Demanda'!$D$4:$J$357,5,FALSE()) -> #N/A | I313: =VLOOKUP($D313,'[2]5. Demanda'!$D$4:$J$357,6,FALSE()) -> #N/A | J313: =IF(VLOOKUP($D313,'[2]5. Demanda'!$D$4:$J$357,7,FALSE())=0,"",VLOOKUP($D313,'[2]5. Demanda'!$D$4:$J$357,7,FALSE())) -> #N/A | K313: 0 | L313: 0 | M313: 0 | N313: 0 | O313: 0 | P313: 0
C314: 309 | D314: General Load | E314: =#N/A -> #N/A | F314: =VLOOKUP(D314,'[2]5. Demanda'!$D$4:$F$357,3,FALSE()) -> #N/A | G314: =VLOOKUP(D314,'[2]5. Demanda'!D$4:J$357,4,FALSE()) -> #N/A | H314: =VLOOKUP($D314,'[2]5. Demanda'!$D$4:$J$357,5,FALSE()) -> #N/A | I314: =VLOOKUP($D314,'[2]5. Demanda'!$D$4:$J$357,6,FALSE()) -> #N/A | J314: =IF(VLOOKUP($D314,'[2]5. Demanda'!$D$4:$J$357,7,FALSE())=0,"",VLOOKUP($D314,'[2]5. Demanda'!$D$4:$J$357,7,FALSE())) -> #N/A | K314: 0 | L314: 0 | M314: 0 | N314: 0 | O314: 0 | P314: 0
C315: 310 | D315: Load 401 | E315: Nodo 401.1 | F315: =VLOOKUP(D315,'[2]5. Demanda'!$D$4:$F$357,3,FALSE()) -> 34.5 | G315: =VLOOKUP(D315,'[2]5. Demanda'!D$4:J$357,4,FALSE()) -> Industrial | H315: =VLOOKUP($D315,'[2]5. Demanda'!$D$4:$J$357,5,FALSE()) -> Florida 115 kV Bucaramanga 115 kV | I315: =VLOOKUP($D315,'[2]5. Demanda'!$D$4:$J$357,6,FALSE()) -> Sí | J315: =IF(VLOOKUP($D315,'[2]5. Demanda'!$D$4:$J$357,7,FALSE())=0,"",VLOOKUP($D315,'[2]5. Demanda'!$D$4:$J$357,7,FALSE())) | K315: 0.21581628 | L315: 0.10452459 | M315: 0.73558213 | N315: 0.35625868 | O315: 0.69478898 | P315: 0.33650166
C316: 311 | D316: Load 402 | E316: Nodo 402.5 | F316: =VLOOKUP(D316,'[2]5. Demanda'!$D$4:$F$357,3,FALSE()) -> 34.5 | G316: =VLOOKUP(D316,'[2]5. Demanda'!D$4:J$357,4,FALSE()) -> Industrial | H316: =VLOOKUP($D316,'[2]5. Demanda'!$D$4:$J$357,5,FALSE()) -> Florida 115 kV | I316: =VLOOKUP($D316,'[2]5. Demanda'!$D$4:$J$357,6,FALSE()) -> Sí | J316: =IF(VLOOKUP($D316,'[2]5. Demanda'!$D$4:$J$357,7,FALSE())=0,"",VLOOKUP($D316,'[2]5. Demanda'!$D$4:$J$357,7,FALSE())) | K316: 1.3352739 | L316: 0.50394492 | M316: 4.1896832 | N316: 1.8218201 | O316: 3.5833487 | P316: 1.5399736
C317: 312 | D317: Load 403 | E317: Nodo 403.1 | F317: =VLOOKUP(D317,'[2]5. Demanda'!$D$4:$F$357,3,FALSE()) -> 34.5 | G317: =VLOOKUP(D317,'[2]5. Demanda'!D$4:J$357,4,FALSE()) -> Industrial | H317: =VLOOKUP($D317,'[2]5. Demanda'!$D$4:$J$357,5,FALSE()) -> Palos 115 kV | I317: =VLOOKUP($D317,'[2]5. Demanda'!$D$4:$J$357,6,FALSE()) -> Sí | J317: =IF(VLOOKUP($D317,'[2]5. Demanda'!$D$4:$J$357,7,FALSE())=0,"",VLOOKUP($D317,'[2]5. Demanda'!$D$4:$J$357,7,FALSE())) | K317: 1.2084145 | L317: 0.11042165 | M317: 4.3535147 | N317: 0.99689819 | O317: 3.4116955 | P317: 0.79137678
C318: 313 | D318: Load 407 | E318: Lod 407.3 | F318: =VLOOKUP(D318,'[2]5. Demanda'!$D$4:$F$357,3,FALSE()) -> 34.5 | G318: =VLOOKUP(D318,'[2]5. Demanda'!D$4:J$357,4,FALSE()) -> Industrial | H318: =VLOOKUP($D318,'[2]5. Demanda'!$D$4:$J$357,5,FALSE()) -> Palos 115 kV | I318: =VLOOKUP($D318,'[2]5. Demanda'!$D$4:$J$357,6,FALSE()) -> Sí | J318: =IF(VLOOKUP($D318,'[2]5. Demanda'!$D$4:$J$357,7,FALSE())=0,"",VLOOKUP($D318,'[2]5. Demanda'!$D$4:$J$357,7,FALSE())) | K318: 1.7712479 | L318: 0.94685252 | M318: 2.5500248 | N318: 1.7920043 | O318: 2.4362767 | P318: 1.5114151
C319: 314 | D319: Load 408 | E319: Nodo 408.1 | F319: =VLOOKUP(D319,'[2]5. Demanda'!$D$4:$F$357,3,FALSE()) -> 34.5 | G319: =VLOOKUP(D319,'[2]5. Demanda'!D$4:J$357,4,FALSE()) -> Industrial | H319: =VLOOKUP($D319,'[2]5. Demanda'!$D$4:$J$357,5,FALSE()) -> Palenque 115 kV | I319: =VLOOKUP($D319,'[2]5. Demanda'!$D$4:$J$357,6,FALSE()) -> Sí | J319: =IF(VLOOKUP($D319,'[2]5. Demanda'!$D$4:$J$357,7,FALSE())=0,"",VLOOKUP($D319,'[2]5. Demanda'!$D$4:$J$357,7,FALSE())) | K319: 5.6254506 | L319: 1.6491337 | M319: 6.3183651 | N319: 2.2536009 | O319: 6.1779203 | P319: 2.0287252
C320: 315 | D320: Load 409 | E320: Nodo 409.2 | F320: =VLOOKUP(D320,'[2]5. Demanda'!$D$4:$F$357,3,FALSE()) -> 34.5 | G320: =VLOOKUP(D320,'[2]5. Demanda'!D$4:J$357,4,FALSE()) -> Industrial | H320: =VLOOKUP($D320,'[2]5. Demanda'!$D$4:$J$357,5,FALSE()) -> Palenque 115 kV Real de Minas 115 kV | I320: =VLOOKUP($D320,'[2]5. Demanda'!$D$4:$J$357,6,FALSE()) -> Sí | J320: =IF(VLOOKUP($D320,'[2]5. Demanda'!$D$4:$J$357,7,FALSE())=0,"",VLOOKUP($D320,'[2]5. Demanda'!$D$4:$J$357,7,FALSE())) | K320: 2.823 | L320: 1.8262518 | M320: 4.318987 | N320: 2.7620489 | O320: 3.912999 | P320: 2.485119
C321: 316 | D321: Load 411 | E321: Nodo 411.2 | F321: =VLOOKUP(D321,'[2]5. Demanda'!$D$4:$F$357,3,FALSE()) -> 34.5 | G321: =VLOOKUP(D321,'[2]5. Demanda'!D$4:J$357,4,FALSE()) -> Industrial | H321: =VLOOKUP($D321,'[2]5. Demanda'!$D$4:$J$357,5,FALSE()) -> Palenque 115 kV Real de Minas 115 kV | I321: =VLOOKUP($D321,'[2]5. Demanda'!$D$4:$J$357,6,FALSE()) -> Sí | J321: =IF(VLOOKUP($D321,'[2]5. Demanda'!$D$4:$J$357,7,FALSE())=0,"",VLOOKUP($D321,'[2]5. Demanda'!$D$4:$J$357,7,FALSE())) | K321: 0.81662845 | L321: 0.009760053 | M321: 1.5555767 | N321: 0.15760788 | O321: 0.78884749 | P321: 0.10346026
C322: 317 | D322: Load 4110 | E322: Nodo Load 4110 | F322: =VLOOKUP(D322,'[2]5. Demanda'!$D$4:$F$357,3,FALSE()) -> 34.5 | G322: =VLOOKUP(D322,'[2]5. Demanda'!D$4:J$357,4,FALSE()) -> Industrial | H322: =VLOOKUP($D322,'[2]5. Demanda'!$D$4:$J$357,5,FALSE()) -> Rio Frio 115 kV | I322: =VLOOKUP($D322,'[2]5. Demanda'!$D$4:$J$357,6,FALSE()) -> Sí | J322: =IF(VLOOKUP($D322,'[2]5. Demanda'!$D$4:$J$357,7,FALSE())=0,"",VLOOKUP($D322,'[2]5. Demanda'!$D$4:$J$357,7,FALSE())) | K322: 4.1702783 | L322: 0.9743592 | M322: 5.7699635 | N322: 1.7868679 | O322: 5.2028121 | P322: 1.3390132
C323: 318 | D323: Load 417 | E323: Nodo 417.3 | F323: =VLOOKUP(D323,'[2]5. Demanda'!$D$4:$F$357,3,FALSE()) -> 34.5 | G323: =VLOOKUP(D323,'[2]5. Demanda'!D$4:J$357,4,FALSE()) -> Industrial | H323: =VLOOKUP($D323,'[2]5. Demanda'!$D$4:$J$357,5,FALSE()) -> Palos 115 kV | I323: =VLOOKUP($D323,'[2]5. Demanda'!$D$4:$J$357,6,FALSE()) -> Sí | J323: =IF(VLOOKUP($D323,'[2]5. Demanda'!$D$4:$J$357,7,FALSE())=0,"",VLOOKUP($D323,'[2]5. Demanda'!$D$4:$J$357,7,FALSE())) | K323: 2.654702 | L323: 1.5887656 | M323: 2.801814 | N323: 1.4763667 | O323: 2.807256 | P323: 1.5198524
C324: 319 | D324: Load 418 | E324: Nodo 418.1 | F324: =VLOOKUP(D324,'[2]5. Demanda'!$D$4:$F$357,3,FALSE()) -> 34.5 | G324: =VLOOKUP(D324,'[2]5. Demanda'!D$4:J$357,4,FALSE()) -> Industrial | H324: =VLOOKUP($D324,'[2]5. Demanda'!$D$4:$J$357,5,FALSE()) -> Palos 115 kV | I324: =VLOOKUP($D324,'[2]5. Demanda'!$D$4:$J$357,6,FALSE()) -> Sí | J324: =IF(VLOOKUP($D324,'[2]5. Demanda'!$D$4:$J$357,7,FALSE())=0,"",VLOOKUP($D324,'[2]5. Demanda'!$D$4:$J$357,7,FALSE())) | K324: 0.708668 | L324: 0.41991753 | M324: 0.845026 | N324: 0.44460501 | O324: 0.506415 | P324: 0.27373038
C325: 320 | D325: Load 421 | E325: Nodo 421.6 | F325: =VLOOKUP(D325,'[2]5. Demanda'!$D$4:$F$357,3,FALSE()) -> 34.5 | G325: =VLOOKUP(D325,'[2]5. Demanda'!D$4:J$357,4,FALSE()) -> Industrial | H325: =VLOOKUP($D325,'[2]5. Demanda'!$D$4:$J$357,5,FALSE()) -> Florida 115 kV | I325: =VLOOKUP($D325,'[2]5. Demanda'!$D$4:$J$357,6,FALSE()) -> Sí | J325: =IF(VLOOKUP($D325,'[2]5. Demanda'!$D$4:$J$357,7,FALSE())=0,"",VLOOKUP($D325,'[2]5. Demanda'!$D$4:$J$357,7,FALSE())) | K325: 3.6705157 | L325: 1.0514286 | M325: 4.5763411 | N325: 1.4057769 | O325: 4.2188561 | P325: 1.2493455
